Command line invocation:
    /Applications/Xcode.app/Contents/Developer/usr/bin/xcodebuild build-for-testing -project LOCAL_HOME/Developer/sqe-platform-release-layout/ios/ACEClientApp/ACEClientApp.xcodeproj -scheme ACEClientApp -configuration Debug -sdk iphonesimulator -destination "generic/platform=iOS Simulator" -parallel-testing-enabled NO -derivedDataPath LOCAL_HOME/ace-private/mcx19b-implementation-20260914/action-copy-20260915/runs/20260914T194459Z-selected-ff65c583223e/build -resultBundlePath LOCAL_HOME/ace-private/mcx19b-implementation-20260914/action-copy-20260915/runs/20260914T194459Z-selected-ff65c583223e/build.xcresult "ACE_PREVIEW_ORIGIN=https://preview.example.invalid" ACE_BUNDLE_IDENTIFIER=com.example.aceclientapp ARCHS=x86_64 ONLY_ACTIVE_ARCH=YES CODE_SIGN_IDENTITY= CODE_SIGNING_REQUIRED=NO CODE_SIGNING_ALLOWED=NO

Build settings from command line:
    ACE_BUNDLE_IDENTIFIER = com.example.aceclientapp
    ACE_PREVIEW_ORIGIN = https://preview.example.invalid
    ARCHS = x86_64
    CODE_SIGN_IDENTITY = 
    CODE_SIGNING_ALLOWED = NO
    CODE_SIGNING_REQUIRED = NO
    ONLY_ACTIVE_ARCH = YES
    SDKROOT = iphonesimulator26.4

Writing result bundle at path:
	LOCAL_HOME/ace-private/mcx19b-implementation-20260914/action-copy-20260915/runs/20260914T194459Z-selected-ff65c583223e/build.xcresult

note: Using codesigning identity override: 
ComputePackagePrebuildTargetDependencyGraph

Prepare packages

CreateBuildRequest

SendProjectDescription

CreateBuildOperation

ComputeTargetDependencyGraph
note: Building targets in dependency order
note: Target dependency graph (2 targets)
    Target 'ACEClientAppTests' in project 'ACEClientApp' (no dependencies)
    Target 'ACEClientApp' in project 'ACEClientApp' (no dependencies)

GatherProvisioningInputs

CreateBuildDescription

ExecuteExternalTool /Applications/Xcode.app/Contents/Developer/Toolchains/XcodeDefault.xctoolchain/usr/bin/clang -v -E -dM -isysroot /Applications/Xcode.app/Contents/Developer/Platforms/iPhoneSimulator.platform/Developer/SDKs/iPhoneSimulator26.4.sdk -x c -c /dev/null

ExecuteExternalTool /Applications/Xcode.app/Contents/Developer/Toolchains/XcodeDefault.xctoolchain/usr/bin/swiftc --version

ExecuteExternalTool /Applications/Xcode.app/Contents/Developer/Toolchains/XcodeDefault.xctoolchain/usr/bin/ld -version_details

Build description signature: f0b2450be366ae226aca5af0538a8ec1
Build description path: LOCAL_HOME/ace-private/mcx19b-implementation-20260914/action-copy-20260915/runs/20260914T194459Z-selected-ff65c583223e/build/Build/Intermediates.noindex/XCBuildData/f0b2450be366ae226aca5af0538a8ec1.xcbuilddata
ValidateCAS LOCAL_HOME/ace-private/mcx19b-implementation-20260914/action-copy-20260915/runs/20260914T194459Z-selected-ff65c583223e/build/CompilationCache.noindex/builtin /Applications/Xcode.app/Contents/Developer/Toolchains/XcodeDefault.xctoolchain/usr/bin/llvm-cas
validated successfully

CreateBuildDirectory LOCAL_HOME/ace-private/mcx19b-implementation-20260914/action-copy-20260915/runs/20260914T194459Z-selected-ff65c583223e/build/Build/Products
    cd LOCAL_HOME/Developer/sqe-platform-release-layout/ios/ACEClientApp/ACEClientApp.xcodeproj
    builtin-create-build-directory LOCAL_HOME/ace-private/mcx19b-implementation-20260914/action-copy-20260915/runs/20260914T194459Z-selected-ff65c583223e/build/Build/Products

CreateBuildDirectory LOCAL_HOME/ace-private/mcx19b-implementation-20260914/action-copy-20260915/runs/20260914T194459Z-selected-ff65c583223e/build/Build/Intermediates.noindex
    cd LOCAL_HOME/Developer/sqe-platform-release-layout/ios/ACEClientApp/ACEClientApp.xcodeproj
    builtin-create-build-directory LOCAL_HOME/ace-private/mcx19b-implementation-20260914/action-copy-20260915/runs/20260914T194459Z-selected-ff65c583223e/build/Build/Intermediates.noindex

ClangStatCache /Applications/Xcode.app/Contents/Developer/Toolchains/XcodeDefault.xctoolchain/usr/bin/clang-stat-cache /Applications/Xcode.app/Contents/Developer/Platforms/iPhoneSimulator.platform/Developer/SDKs/iPhoneSimulator26.4.sdk LOCAL_HOME/ace-private/mcx19b-implementation-20260914/action-copy-20260915/runs/20260914T194459Z-selected-ff65c583223e/build/SDKStatCaches.noindex/iphonesimulator26.4-23E252-686eebb5dc1d8ecb277353a59184f4aa.sdkstatcache
    cd LOCAL_HOME/Developer/sqe-platform-release-layout/ios/ACEClientApp/ACEClientApp.xcodeproj
    /Applications/Xcode.app/Contents/Developer/Toolchains/XcodeDefault.xctoolchain/usr/bin/clang-stat-cache /Applications/Xcode.app/Contents/Developer/Platforms/iPhoneSimulator.platform/Developer/SDKs/iPhoneSimulator26.4.sdk -o LOCAL_HOME/ace-private/mcx19b-implementation-20260914/action-copy-20260915/runs/20260914T194459Z-selected-ff65c583223e/build/SDKStatCaches.noindex/iphonesimulator26.4-23E252-686eebb5dc1d8ecb277353a59184f4aa.sdkstatcache

WriteAuxiliaryFile LOCAL_HOME/ace-private/mcx19b-implementation-20260914/action-copy-20260915/runs/20260914T194459Z-selected-ff65c583223e/build/Build/Intermediates.noindex/ACEClientApp.build/Debug-iphonesimulator/ACEClientApp.build/.cas-config
    cd LOCAL_HOME/Developer/sqe-platform-release-layout/ios/ACEClientApp/ACEClientApp.xcodeproj
    write-file LOCAL_HOME/ace-private/mcx19b-implementation-20260914/action-copy-20260915/runs/20260914T194459Z-selected-ff65c583223e/build/Build/Intermediates.noindex/ACEClientApp.build/Debug-iphonesimulator/ACEClientApp.build/.cas-config

WriteAuxiliaryFile LOCAL_HOME/ace-private/mcx19b-implementation-20260914/action-copy-20260915/runs/20260914T194459Z-selected-ff65c583223e/build/Build/Intermediates.noindex/ACEClientApp.build/Debug-iphonesimulator/ACEClientAppTests.build/.cas-config
    cd LOCAL_HOME/Developer/sqe-platform-release-layout/ios/ACEClientApp/ACEClientApp.xcodeproj
    write-file LOCAL_HOME/ace-private/mcx19b-implementation-20260914/action-copy-20260915/runs/20260914T194459Z-selected-ff65c583223e/build/Build/Intermediates.noindex/ACEClientApp.build/Debug-iphonesimulator/ACEClientAppTests.build/.cas-config

CreateBuildDirectory LOCAL_HOME/ace-private/mcx19b-implementation-20260914/action-copy-20260915/runs/20260914T194459Z-selected-ff65c583223e/build/Build/Products/Debug-iphonesimulator
    cd LOCAL_HOME/Developer/sqe-platform-release-layout/ios/ACEClientApp/ACEClientApp.xcodeproj
    builtin-create-build-directory LOCAL_HOME/ace-private/mcx19b-implementation-20260914/action-copy-20260915/runs/20260914T194459Z-selected-ff65c583223e/build/Build/Products/Debug-iphonesimulator

CreateBuildDirectory LOCAL_HOME/ace-private/mcx19b-implementation-20260914/action-copy-20260915/runs/20260914T194459Z-selected-ff65c583223e/build/Build/Intermediates.noindex/SwiftExplicitPrecompiledModules
    cd LOCAL_HOME/Developer/sqe-platform-release-layout/ios/ACEClientApp/ACEClientApp.xcodeproj
    builtin-create-build-directory LOCAL_HOME/ace-private/mcx19b-implementation-20260914/action-copy-20260915/runs/20260914T194459Z-selected-ff65c583223e/build/Build/Intermediates.noindex/SwiftExplicitPrecompiledModules

CreateBuildDirectory LOCAL_HOME/ace-private/mcx19b-implementation-20260914/action-copy-20260915/runs/20260914T194459Z-selected-ff65c583223e/build/Build/Intermediates.noindex/ExplicitPrecompiledModules
    cd LOCAL_HOME/Developer/sqe-platform-release-layout/ios/ACEClientApp/ACEClientApp.xcodeproj
    builtin-create-build-directory LOCAL_HOME/ace-private/mcx19b-implementation-20260914/action-copy-20260915/runs/20260914T194459Z-selected-ff65c583223e/build/Build/Intermediates.noindex/ExplicitPrecompiledModules

WriteAuxiliaryFile LOCAL_HOME/ace-private/mcx19b-implementation-20260914/action-copy-20260915/runs/20260914T194459Z-selected-ff65c583223e/build/Build/Intermediates.noindex/ACEClientApp.build/Debug-iphonesimulator/ACEClientApp-26f8b7df0a443f0244a28f97fc9f5059-VFS-iphonesimulator/all-product-headers.yaml
    cd LOCAL_HOME/Developer/sqe-platform-release-layout/ios/ACEClientApp/ACEClientApp.xcodeproj
    write-file LOCAL_HOME/ace-private/mcx19b-implementation-20260914/action-copy-20260915/runs/20260914T194459Z-selected-ff65c583223e/build/Build/Intermediates.noindex/ACEClientApp.build/Debug-iphonesimulator/ACEClientApp-26f8b7df0a443f0244a28f97fc9f5059-VFS-iphonesimulator/all-product-headers.yaml

CreateBuildDirectory LOCAL_HOME/ace-private/mcx19b-implementation-20260914/action-copy-20260915/runs/20260914T194459Z-selected-ff65c583223e/build/Build/Intermediates.noindex/EagerLinkingTBDs/Debug-iphonesimulator
    cd LOCAL_HOME/Developer/sqe-platform-release-layout/ios/ACEClientApp/ACEClientApp.xcodeproj
    builtin-create-build-directory LOCAL_HOME/ace-private/mcx19b-implementation-20260914/action-copy-20260915/runs/20260914T194459Z-selected-ff65c583223e/build/Build/Intermediates.noindex/EagerLinkingTBDs/Debug-iphonesimulator

WriteAuxiliaryFile LOCAL_HOME/ace-private/mcx19b-implementation-20260914/action-copy-20260915/runs/20260914T194459Z-selected-ff65c583223e/build/Build/Intermediates.noindex/ACEClientApp.build/Debug-iphonesimulator/ACEClientAppTests.build/empty-ACEClientAppTests.plist (in target 'ACEClientAppTests' from project 'ACEClientApp')
    cd LOCAL_HOME/Developer/sqe-platform-release-layout/ios/ACEClientApp
    write-file LOCAL_HOME/ace-private/mcx19b-implementation-20260914/action-copy-20260915/runs/20260914T194459Z-selected-ff65c583223e/build/Build/Intermediates.noindex/ACEClientApp.build/Debug-iphonesimulator/ACEClientAppTests.build/empty-ACEClientAppTests.plist

WriteAuxiliaryFile LOCAL_HOME/ace-private/mcx19b-implementation-20260914/action-copy-20260915/runs/20260914T194459Z-selected-ff65c583223e/build/Build/Intermediates.noindex/ACEClientApp.build/Debug-iphonesimulator/ACEClientAppTests.build/ACEClientAppTests.hmap (in target 'ACEClientAppTests' from project 'ACEClientApp')
    cd LOCAL_HOME/Developer/sqe-platform-release-layout/ios/ACEClientApp
    write-file LOCAL_HOME/ace-private/mcx19b-implementation-20260914/action-copy-20260915/runs/20260914T194459Z-selected-ff65c583223e/build/Build/Intermediates.noindex/ACEClientApp.build/Debug-iphonesimulator/ACEClientAppTests.build/ACEClientAppTests.hmap

WriteAuxiliaryFile LOCAL_HOME/ace-private/mcx19b-implementation-20260914/action-copy-20260915/runs/20260914T194459Z-selected-ff65c583223e/build/Build/Intermediates.noindex/ACEClientApp.build/Debug-iphonesimulator/ACEClientAppTests.build/ACEClientAppTests-project-headers.hmap (in target 'ACEClientAppTests' from project 'ACEClientApp')
    cd LOCAL_HOME/Developer/sqe-platform-release-layout/ios/ACEClientApp
    write-file LOCAL_HOME/ace-private/mcx19b-implementation-20260914/action-copy-20260915/runs/20260914T194459Z-selected-ff65c583223e/build/Build/Intermediates.noindex/ACEClientApp.build/Debug-iphonesimulator/ACEClientAppTests.build/ACEClientAppTests-project-headers.hmap

WriteAuxiliaryFile LOCAL_HOME/ace-private/mcx19b-implementation-20260914/action-copy-20260915/runs/20260914T194459Z-selected-ff65c583223e/build/Build/Intermediates.noindex/ACEClientApp.build/Debug-iphonesimulator/ACEClientAppTests.build/ACEClientAppTests-own-target-headers.hmap (in target 'ACEClientAppTests' from project 'ACEClientApp')
    cd LOCAL_HOME/Developer/sqe-platform-release-layout/ios/ACEClientApp
    write-file LOCAL_HOME/ace-private/mcx19b-implementation-20260914/action-copy-20260915/runs/20260914T194459Z-selected-ff65c583223e/build/Build/Intermediates.noindex/ACEClientApp.build/Debug-iphonesimulator/ACEClientAppTests.build/ACEClientAppTests-own-target-headers.hmap

WriteAuxiliaryFile LOCAL_HOME/ace-private/mcx19b-implementation-20260914/action-copy-20260915/runs/20260914T194459Z-selected-ff65c583223e/build/Build/Intermediates.noindex/ACEClientApp.build/Debug-iphonesimulator/ACEClientAppTests.build/ACEClientAppTests-generated-files.hmap (in target 'ACEClientAppTests' from project 'ACEClientApp')
    cd LOCAL_HOME/Developer/sqe-platform-release-layout/ios/ACEClientApp
    write-file LOCAL_HOME/ace-private/mcx19b-implementation-20260914/action-copy-20260915/runs/20260914T194459Z-selected-ff65c583223e/build/Build/Intermediates.noindex/ACEClientApp.build/Debug-iphonesimulator/ACEClientAppTests.build/ACEClientAppTests-generated-files.hmap

WriteAuxiliaryFile LOCAL_HOME/ace-private/mcx19b-implementation-20260914/action-copy-20260915/runs/20260914T194459Z-selected-ff65c583223e/build/Build/Intermediates.noindex/ACEClientApp.build/Debug-iphonesimulator/ACEClientAppTests.build/ACEClientAppTests-all-non-framework-target-headers.hmap (in target 'ACEClientAppTests' from project 'ACEClientApp')
    cd LOCAL_HOME/Developer/sqe-platform-release-layout/ios/ACEClientApp
    write-file LOCAL_HOME/ace-private/mcx19b-implementation-20260914/action-copy-20260915/runs/20260914T194459Z-selected-ff65c583223e/build/Build/Intermediates.noindex/ACEClientApp.build/Debug-iphonesimulator/ACEClientAppTests.build/ACEClientAppTests-all-non-framework-target-headers.hmap

MkDir LOCAL_HOME/ace-private/mcx19b-implementation-20260914/action-copy-20260915/runs/20260914T194459Z-selected-ff65c583223e/build/Build/Products/Debug-iphonesimulator/ACEClientAppTests.xctest (in target 'ACEClientAppTests' from project 'ACEClientApp')
    cd LOCAL_HOME/Developer/sqe-platform-release-layout/ios/ACEClientApp
    /bin/mkdir -p LOCAL_HOME/ace-private/mcx19b-implementation-20260914/action-copy-20260915/runs/20260914T194459Z-selected-ff65c583223e/build/Build/Products/Debug-iphonesimulator/ACEClientAppTests.xctest

WriteAuxiliaryFile LOCAL_HOME/ace-private/mcx19b-implementation-20260914/action-copy-20260915/runs/20260914T194459Z-selected-ff65c583223e/build/Build/Intermediates.noindex/ACEClientApp.build/Debug-iphonesimulator/ACEClientAppTests.build/ACEClientAppTests-all-target-headers.hmap (in target 'ACEClientAppTests' from project 'ACEClientApp')
    cd LOCAL_HOME/Developer/sqe-platform-release-layout/ios/ACEClientApp
    write-file LOCAL_HOME/ace-private/mcx19b-implementation-20260914/action-copy-20260915/runs/20260914T194459Z-selected-ff65c583223e/build/Build/Intermediates.noindex/ACEClientApp.build/Debug-iphonesimulator/ACEClientAppTests.build/ACEClientAppTests-all-target-headers.hmap

WriteAuxiliaryFile LOCAL_HOME/ace-private/mcx19b-implementation-20260914/action-copy-20260915/runs/20260914T194459Z-selected-ff65c583223e/build/Build/Intermediates.noindex/ACEClientApp.build/Debug-iphonesimulator/ACEClientAppTests.build/ACEClientAppTests.DependencyStaticMetadataFileList (in target 'ACEClientAppTests' from project 'ACEClientApp')
    cd LOCAL_HOME/Developer/sqe-platform-release-layout/ios/ACEClientApp
    write-file LOCAL_HOME/ace-private/mcx19b-implementation-20260914/action-copy-20260915/runs/20260914T194459Z-selected-ff65c583223e/build/Build/Intermediates.noindex/ACEClientApp.build/Debug-iphonesimulator/ACEClientAppTests.build/ACEClientAppTests.DependencyStaticMetadataFileList

WriteAuxiliaryFile LOCAL_HOME/ace-private/mcx19b-implementation-20260914/action-copy-20260915/runs/20260914T194459Z-selected-ff65c583223e/build/Build/Intermediates.noindex/ACEClientApp.build/Debug-iphonesimulator/ACEClientAppTests.build/ACEClientAppTests.DependencyMetadataFileList (in target 'ACEClientAppTests' from project 'ACEClientApp')
    cd LOCAL_HOME/Developer/sqe-platform-release-layout/ios/ACEClientApp
    write-file LOCAL_HOME/ace-private/mcx19b-implementation-20260914/action-copy-20260915/runs/20260914T194459Z-selected-ff65c583223e/build/Build/Intermediates.noindex/ACEClientApp.build/Debug-iphonesimulator/ACEClientAppTests.build/ACEClientAppTests.DependencyMetadataFileList

WriteAuxiliaryFile LOCAL_HOME/ace-private/mcx19b-implementation-20260914/action-copy-20260915/runs/20260914T194459Z-selected-ff65c583223e/build/Build/Intermediates.noindex/ACEClientApp.build/Debug-iphonesimulator/ACEClientAppTests.build/Objects-normal/x86_64/ACEClientAppTests_const_extract_protocols.json (in target 'ACEClientAppTests' from project 'ACEClientApp')
    cd LOCAL_HOME/Developer/sqe-platform-release-layout/ios/ACEClientApp
    write-file LOCAL_HOME/ace-private/mcx19b-implementation-20260914/action-copy-20260915/runs/20260914T194459Z-selected-ff65c583223e/build/Build/Intermediates.noindex/ACEClientApp.build/Debug-iphonesimulator/ACEClientAppTests.build/Objects-normal/x86_64/ACEClientAppTests_const_extract_protocols.json

WriteAuxiliaryFile LOCAL_HOME/ace-private/mcx19b-implementation-20260914/action-copy-20260915/runs/20260914T194459Z-selected-ff65c583223e/build/Build/Intermediates.noindex/ACEClientApp.build/Debug-iphonesimulator/ACEClientAppTests.build/Objects-normal/x86_64/ACEClientAppTests-OutputFileMap.json (in target 'ACEClientAppTests' from project 'ACEClientApp')
    cd LOCAL_HOME/Developer/sqe-platform-release-layout/ios/ACEClientApp
    write-file LOCAL_HOME/ace-private/mcx19b-implementation-20260914/action-copy-20260915/runs/20260914T194459Z-selected-ff65c583223e/build/Build/Intermediates.noindex/ACEClientApp.build/Debug-iphonesimulator/ACEClientAppTests.build/Objects-normal/x86_64/ACEClientAppTests-OutputFileMap.json

WriteAuxiliaryFile LOCAL_HOME/ace-private/mcx19b-implementation-20260914/action-copy-20260915/runs/20260914T194459Z-selected-ff65c583223e/build/Build/Intermediates.noindex/ACEClientApp.build/Debug-iphonesimulator/ACEClientAppTests.build/Objects-normal/x86_64/ACEClientAppTests.SwiftConstValuesFileList (in target 'ACEClientAppTests' from project 'ACEClientApp')
    cd LOCAL_HOME/Developer/sqe-platform-release-layout/ios/ACEClientApp
    write-file LOCAL_HOME/ace-private/mcx19b-implementation-20260914/action-copy-20260915/runs/20260914T194459Z-selected-ff65c583223e/build/Build/Intermediates.noindex/ACEClientApp.build/Debug-iphonesimulator/ACEClientAppTests.build/Objects-normal/x86_64/ACEClientAppTests.SwiftConstValuesFileList

WriteAuxiliaryFile LOCAL_HOME/ace-private/mcx19b-implementation-20260914/action-copy-20260915/runs/20260914T194459Z-selected-ff65c583223e/build/Build/Intermediates.noindex/ACEClientApp.build/Debug-iphonesimulator/ACEClientAppTests.build/Objects-normal/x86_64/ACEClientAppTests.LinkFileList (in target 'ACEClientAppTests' from project 'ACEClientApp')
    cd LOCAL_HOME/Developer/sqe-platform-release-layout/ios/ACEClientApp
    write-file LOCAL_HOME/ace-private/mcx19b-implementation-20260914/action-copy-20260915/runs/20260914T194459Z-selected-ff65c583223e/build/Build/Intermediates.noindex/ACEClientApp.build/Debug-iphonesimulator/ACEClientAppTests.build/Objects-normal/x86_64/ACEClientAppTests.LinkFileList

WriteAuxiliaryFile LOCAL_HOME/ace-private/mcx19b-implementation-20260914/action-copy-20260915/runs/20260914T194459Z-selected-ff65c583223e/build/Build/Intermediates.noindex/ACEClientApp.build/Debug-iphonesimulator/ACEClientAppTests.build/Objects-normal/x86_64/ACEClientAppTests.SwiftFileList (in target 'ACEClientAppTests' from project 'ACEClientApp')
    cd LOCAL_HOME/Developer/sqe-platform-release-layout/ios/ACEClientApp
    write-file LOCAL_HOME/ace-private/mcx19b-implementation-20260914/action-copy-20260915/runs/20260914T194459Z-selected-ff65c583223e/build/Build/Intermediates.noindex/ACEClientApp.build/Debug-iphonesimulator/ACEClientAppTests.build/Objects-normal/x86_64/ACEClientAppTests.SwiftFileList

WriteAuxiliaryFile LOCAL_HOME/ace-private/mcx19b-implementation-20260914/action-copy-20260915/runs/20260914T194459Z-selected-ff65c583223e/build/Build/Intermediates.noindex/ACEClientApp.build/Debug-iphonesimulator/ACEClientApp.build/Script-F1A2B3C4D5E6F70809101701.sh (in target 'ACEClientApp' from project 'ACEClientApp')
    cd LOCAL_HOME/Developer/sqe-platform-release-layout/ios/ACEClientApp
    write-file LOCAL_HOME/ace-private/mcx19b-implementation-20260914/action-copy-20260915/runs/20260914T194459Z-selected-ff65c583223e/build/Build/Intermediates.noindex/ACEClientApp.build/Debug-iphonesimulator/ACEClientApp.build/Script-F1A2B3C4D5E6F70809101701.sh

WriteAuxiliaryFile LOCAL_HOME/ace-private/mcx19b-implementation-20260914/action-copy-20260915/runs/20260914T194459Z-selected-ff65c583223e/build/Build/Intermediates.noindex/ACEClientApp.build/Debug-iphonesimulator/ACEClientApp.build/ACEClientApp.hmap (in target 'ACEClientApp' from project 'ACEClientApp')
    cd LOCAL_HOME/Developer/sqe-platform-release-layout/ios/ACEClientApp
    write-file LOCAL_HOME/ace-private/mcx19b-implementation-20260914/action-copy-20260915/runs/20260914T194459Z-selected-ff65c583223e/build/Build/Intermediates.noindex/ACEClientApp.build/Debug-iphonesimulator/ACEClientApp.build/ACEClientApp.hmap

WriteAuxiliaryFile LOCAL_HOME/ace-private/mcx19b-implementation-20260914/action-copy-20260915/runs/20260914T194459Z-selected-ff65c583223e/build/Build/Intermediates.noindex/ACEClientApp.build/Debug-iphonesimulator/ACEClientApp.build/ACEClientApp.DependencyStaticMetadataFileList (in target 'ACEClientApp' from project 'ACEClientApp')
    cd LOCAL_HOME/Developer/sqe-platform-release-layout/ios/ACEClientApp
    write-file LOCAL_HOME/ace-private/mcx19b-implementation-20260914/action-copy-20260915/runs/20260914T194459Z-selected-ff65c583223e/build/Build/Intermediates.noindex/ACEClientApp.build/Debug-iphonesimulator/ACEClientApp.build/ACEClientApp.DependencyStaticMetadataFileList

WriteAuxiliaryFile LOCAL_HOME/ace-private/mcx19b-implementation-20260914/action-copy-20260915/runs/20260914T194459Z-selected-ff65c583223e/build/Build/Intermediates.noindex/ACEClientApp.build/Debug-iphonesimulator/ACEClientApp.build/ACEClientApp.DependencyMetadataFileList (in target 'ACEClientApp' from project 'ACEClientApp')
    cd LOCAL_HOME/Developer/sqe-platform-release-layout/ios/ACEClientApp
    write-file LOCAL_HOME/ace-private/mcx19b-implementation-20260914/action-copy-20260915/runs/20260914T194459Z-selected-ff65c583223e/build/Build/Intermediates.noindex/ACEClientApp.build/Debug-iphonesimulator/ACEClientApp.build/ACEClientApp.DependencyMetadataFileList

WriteAuxiliaryFile LOCAL_HOME/ace-private/mcx19b-implementation-20260914/action-copy-20260915/runs/20260914T194459Z-selected-ff65c583223e/build/Build/Intermediates.noindex/ACEClientApp.build/Debug-iphonesimulator/ACEClientApp.build/ACEClientApp-generated-files.hmap (in target 'ACEClientApp' from project 'ACEClientApp')
    cd LOCAL_HOME/Developer/sqe-platform-release-layout/ios/ACEClientApp
    write-file LOCAL_HOME/ace-private/mcx19b-implementation-20260914/action-copy-20260915/runs/20260914T194459Z-selected-ff65c583223e/build/Build/Intermediates.noindex/ACEClientApp.build/Debug-iphonesimulator/ACEClientApp.build/ACEClientApp-generated-files.hmap

WriteAuxiliaryFile LOCAL_HOME/ace-private/mcx19b-implementation-20260914/action-copy-20260915/runs/20260914T194459Z-selected-ff65c583223e/build/Build/Intermediates.noindex/ACEClientApp.build/Debug-iphonesimulator/ACEClientApp.build/ACEClientApp-all-non-framework-target-headers.hmap (in target 'ACEClientApp' from project 'ACEClientApp')
    cd LOCAL_HOME/Developer/sqe-platform-release-layout/ios/ACEClientApp
    write-file LOCAL_HOME/ace-private/mcx19b-implementation-20260914/action-copy-20260915/runs/20260914T194459Z-selected-ff65c583223e/build/Build/Intermediates.noindex/ACEClientApp.build/Debug-iphonesimulator/ACEClientApp.build/ACEClientApp-all-non-framework-target-headers.hmap

WriteAuxiliaryFile LOCAL_HOME/ace-private/mcx19b-implementation-20260914/action-copy-20260915/runs/20260914T194459Z-selected-ff65c583223e/build/Build/Intermediates.noindex/ACEClientApp.build/Debug-iphonesimulator/ACEClientApp.build/ACEClientApp-all-target-headers.hmap (in target 'ACEClientApp' from project 'ACEClientApp')
    cd LOCAL_HOME/Developer/sqe-platform-release-layout/ios/ACEClientApp
    write-file LOCAL_HOME/ace-private/mcx19b-implementation-20260914/action-copy-20260915/runs/20260914T194459Z-selected-ff65c583223e/build/Build/Intermediates.noindex/ACEClientApp.build/Debug-iphonesimulator/ACEClientApp.build/ACEClientApp-all-target-headers.hmap

WriteAuxiliaryFile LOCAL_HOME/ace-private/mcx19b-implementation-20260914/action-copy-20260915/runs/20260914T194459Z-selected-ff65c583223e/build/Build/Intermediates.noindex/ACEClientApp.build/Debug-iphonesimulator/ACEClientApp.build/ACEClientApp-project-headers.hmap (in target 'ACEClientApp' from project 'ACEClientApp')
    cd LOCAL_HOME/Developer/sqe-platform-release-layout/ios/ACEClientApp
    write-file LOCAL_HOME/ace-private/mcx19b-implementation-20260914/action-copy-20260915/runs/20260914T194459Z-selected-ff65c583223e/build/Build/Intermediates.noindex/ACEClientApp.build/Debug-iphonesimulator/ACEClientApp.build/ACEClientApp-project-headers.hmap

WriteAuxiliaryFile LOCAL_HOME/ace-private/mcx19b-implementation-20260914/action-copy-20260915/runs/20260914T194459Z-selected-ff65c583223e/build/Build/Intermediates.noindex/ACEClientApp.build/Debug-iphonesimulator/ACEClientApp.build/ACEClientApp-own-target-headers.hmap (in target 'ACEClientApp' from project 'ACEClientApp')
    cd LOCAL_HOME/Developer/sqe-platform-release-layout/ios/ACEClientApp
    write-file LOCAL_HOME/ace-private/mcx19b-implementation-20260914/action-copy-20260915/runs/20260914T194459Z-selected-ff65c583223e/build/Build/Intermediates.noindex/ACEClientApp.build/Debug-iphonesimulator/ACEClientApp.build/ACEClientApp-own-target-headers.hmap

WriteAuxiliaryFile LOCAL_HOME/ace-private/mcx19b-implementation-20260914/action-copy-20260915/runs/20260914T194459Z-selected-ff65c583223e/build/Build/Intermediates.noindex/ACEClientApp.build/Debug-iphonesimulator/ACEClientApp.build/Objects-normal/x86_64/ACEClientApp-OutputFileMap.json (in target 'ACEClientApp' from project 'ACEClientApp')
    cd LOCAL_HOME/Developer/sqe-platform-release-layout/ios/ACEClientApp
    write-file LOCAL_HOME/ace-private/mcx19b-implementation-20260914/action-copy-20260915/runs/20260914T194459Z-selected-ff65c583223e/build/Build/Intermediates.noindex/ACEClientApp.build/Debug-iphonesimulator/ACEClientApp.build/Objects-normal/x86_64/ACEClientApp-OutputFileMap.json

WriteAuxiliaryFile LOCAL_HOME/ace-private/mcx19b-implementation-20260914/action-copy-20260915/runs/20260914T194459Z-selected-ff65c583223e/build/Build/Intermediates.noindex/ACEClientApp.build/Debug-iphonesimulator/ACEClientApp.build/Objects-normal/x86_64/ACEClientApp.SwiftConstValuesFileList (in target 'ACEClientApp' from project 'ACEClientApp')
    cd LOCAL_HOME/Developer/sqe-platform-release-layout/ios/ACEClientApp
    write-file LOCAL_HOME/ace-private/mcx19b-implementation-20260914/action-copy-20260915/runs/20260914T194459Z-selected-ff65c583223e/build/Build/Intermediates.noindex/ACEClientApp.build/Debug-iphonesimulator/ACEClientApp.build/Objects-normal/x86_64/ACEClientApp.SwiftConstValuesFileList

WriteAuxiliaryFile LOCAL_HOME/ace-private/mcx19b-implementation-20260914/action-copy-20260915/runs/20260914T194459Z-selected-ff65c583223e/build/Build/Intermediates.noindex/ACEClientApp.build/Debug-iphonesimulator/ACEClientApp.build/Objects-normal/x86_64/ACEClientApp_const_extract_protocols.json (in target 'ACEClientApp' from project 'ACEClientApp')
    cd LOCAL_HOME/Developer/sqe-platform-release-layout/ios/ACEClientApp
    write-file LOCAL_HOME/ace-private/mcx19b-implementation-20260914/action-copy-20260915/runs/20260914T194459Z-selected-ff65c583223e/build/Build/Intermediates.noindex/ACEClientApp.build/Debug-iphonesimulator/ACEClientApp.build/Objects-normal/x86_64/ACEClientApp_const_extract_protocols.json

WriteAuxiliaryFile LOCAL_HOME/ace-private/mcx19b-implementation-20260914/action-copy-20260915/runs/20260914T194459Z-selected-ff65c583223e/build/Build/Intermediates.noindex/ACEClientApp.build/Debug-iphonesimulator/ACEClientApp.build/Objects-normal/x86_64/ACEClientApp.SwiftFileList (in target 'ACEClientApp' from project 'ACEClientApp')
    cd LOCAL_HOME/Developer/sqe-platform-release-layout/ios/ACEClientApp
    write-file LOCAL_HOME/ace-private/mcx19b-implementation-20260914/action-copy-20260915/runs/20260914T194459Z-selected-ff65c583223e/build/Build/Intermediates.noindex/ACEClientApp.build/Debug-iphonesimulator/ACEClientApp.build/Objects-normal/x86_64/ACEClientApp.SwiftFileList

WriteAuxiliaryFile LOCAL_HOME/ace-private/mcx19b-implementation-20260914/action-copy-20260915/runs/20260914T194459Z-selected-ff65c583223e/build/Build/Intermediates.noindex/ACEClientApp.build/Debug-iphonesimulator/ACEClientApp.build/Objects-normal/x86_64/ACEClientApp.LinkFileList (in target 'ACEClientApp' from project 'ACEClientApp')
    cd LOCAL_HOME/Developer/sqe-platform-release-layout/ios/ACEClientApp
    write-file LOCAL_HOME/ace-private/mcx19b-implementation-20260914/action-copy-20260915/runs/20260914T194459Z-selected-ff65c583223e/build/Build/Intermediates.noindex/ACEClientApp.build/Debug-iphonesimulator/ACEClientApp.build/Objects-normal/x86_64/ACEClientApp.LinkFileList

MkDir LOCAL_HOME/ace-private/mcx19b-implementation-20260914/action-copy-20260915/runs/20260914T194459Z-selected-ff65c583223e/build/Build/Products/Debug-iphonesimulator/ACEClientApp.app (in target 'ACEClientApp' from project 'ACEClientApp')
    cd LOCAL_HOME/Developer/sqe-platform-release-layout/ios/ACEClientApp
    /bin/mkdir -p LOCAL_HOME/ace-private/mcx19b-implementation-20260914/action-copy-20260915/runs/20260914T194459Z-selected-ff65c583223e/build/Build/Products/Debug-iphonesimulator/ACEClientApp.app

ProcessInfoPlistFile LOCAL_HOME/ace-private/mcx19b-implementation-20260914/action-copy-20260915/runs/20260914T194459Z-selected-ff65c583223e/build/Build/Products/Debug-iphonesimulator/ACEClientAppTests.xctest/Info.plist LOCAL_HOME/ace-private/mcx19b-implementation-20260914/action-copy-20260915/runs/20260914T194459Z-selected-ff65c583223e/build/Build/Intermediates.noindex/ACEClientApp.build/Debug-iphonesimulator/ACEClientAppTests.build/empty-ACEClientAppTests.plist (in target 'ACEClientAppTests' from project 'ACEClientApp')
    cd LOCAL_HOME/Developer/sqe-platform-release-layout/ios/ACEClientApp
    builtin-infoPlistUtility LOCAL_HOME/ace-private/mcx19b-implementation-20260914/action-copy-20260915/runs/20260914T194459Z-selected-ff65c583223e/build/Build/Intermediates.noindex/ACEClientApp.build/Debug-iphonesimulator/ACEClientAppTests.build/empty-ACEClientAppTests.plist -producttype com.apple.product-type.bundle.unit-test -expandbuildsettings -format binary -platform iphonesimulator -o LOCAL_HOME/ace-private/mcx19b-implementation-20260914/action-copy-20260915/runs/20260914T194459Z-selected-ff65c583223e/build/Build/Products/Debug-iphonesimulator/ACEClientAppTests.xctest/Info.plist

PhaseScriptExecution Validate\ Preview\ Inputs LOCAL_HOME/ace-private/mcx19b-implementation-20260914/action-copy-20260915/runs/20260914T194459Z-selected-ff65c583223e/build/Build/Intermediates.noindex/ACEClientApp.build/Debug-iphonesimulator/ACEClientApp.build/Script-F1A2B3C4D5E6F70809101701.sh (in target 'ACEClientApp' from project 'ACEClientApp')
    cd LOCAL_HOME/Developer/sqe-platform-release-layout/ios/ACEClientApp
    export ACE_BUNDLE_IDENTIFIER\=com.example.aceclientapp
    export ACE_PREVIEW_ORIGIN\=https://preview.example.invalid
    export ACTION\=build
    export AD_HOC_CODE_SIGNING_ALLOWED\=YES
    export AGGREGATE_TRACKED_DOMAINS\=YES
    export ALLOW_BUILD_REQUEST_OVERRIDES\=NO
    export ALLOW_TARGET_PLATFORM_SPECIALIZATION\=NO
    export ALTERNATE_GROUP\=staff
    export ALTERNATE_MODE\=u+w,go-w,a+rX
    export ALTERNATE_OWNER\=alanrichardson
    export ALTERNATIVE_DISTRIBUTION_WEB\=NO
    export ALWAYS_EMBED_SWIFT_STANDARD_LIBRARIES\=NO
    export ALWAYS_SEARCH_USER_PATHS\=YES
    export ALWAYS_USE_SEPARATE_HEADERMAPS\=NO
    export APPLICATION_EXTENSION_API_ONLY\=NO
    export APPLY_RULES_IN_COPY_FILES\=NO
    export APPLY_RULES_IN_COPY_HEADERS\=NO
    export APP_SHORTCUTS_ENABLE_FLEXIBLE_MATCHING\=YES
    export ARCHS\=x86_64
    export ARCHS_BASE\=x86_64
    export ARCHS_STANDARD\=arm64\ x86_64
    export ARCHS_STANDARD_32_64_BIT\=arm64\ x86_64
    export ARCHS_STANDARD_64_BIT\=arm64\ x86_64
    export ARCHS_STANDARD_INCLUDING_64_BIT\=arm64\ x86_64
    export ARCHS_UNIVERSAL_IPHONE_OS\=arm64\ x86_64
    export AUTOMATICALLY_MERGE_DEPENDENCIES\=NO
    export AUTOMATION_APPLE_EVENTS\=NO
    export AVAILABLE_PLATFORMS\=android\ appletvos\ appletvsimulator\ driverkit\ freebsd\ iphoneos\ iphonesimulator\ linux\ macosx\ none\ openbsd\ qnx\ watchos\ watchsimulator\ webassembly\ xros\ xrsimulator
    export BUILD_ACTIVE_RESOURCES_ONLY\=NO
    export BUILD_COMPONENTS\=headers\ build
    export BUILD_DIR\=LOCAL_HOME/ace-private/mcx19b-implementation-20260914/action-copy-20260915/runs/20260914T194459Z-selected-ff65c583223e/build/Build/Products
    export BUILD_LIBRARY_FOR_DISTRIBUTION\=NO
    export BUILD_ONLY_KNOWN_LOCALIZATIONS\=NO
    export BUILD_ROOT\=LOCAL_HOME/ace-private/mcx19b-implementation-20260914/action-copy-20260915/runs/20260914T194459Z-selected-ff65c583223e/build/Build/Products
    export BUILD_STYLE\=
    export BUILD_VARIANTS\=normal
    export BUILT_PRODUCTS_DIR\=LOCAL_HOME/ace-private/mcx19b-implementation-20260914/action-copy-20260915/runs/20260914T194459Z-selected-ff65c583223e/build/Build/Products/Debug-iphonesimulator
    export BUNDLE_CONTENTS_FOLDER_PATH_deep\=Contents/
    export BUNDLE_EXECUTABLE_FOLDER_NAME_deep\=MacOS
    export BUNDLE_EXTENSIONS_FOLDER_PATH\=Extensions
    export BUNDLE_FORMAT\=shallow
    export BUNDLE_FRAMEWORKS_FOLDER_PATH\=Frameworks
    export BUNDLE_PLUGINS_FOLDER_PATH\=PlugIns
    export BUNDLE_PRIVATE_HEADERS_FOLDER_PATH\=PrivateHeaders
    export BUNDLE_PUBLIC_HEADERS_FOLDER_PATH\=Headers
    export CACHE_ROOT\=/var/folders/0s/nc46sxvn05x4xtklpp2_rktm0000gp/C/com.apple.DeveloperTools/26.4.1-17E202/Xcode
    export CCHROOT\=/var/folders/0s/nc46sxvn05x4xtklpp2_rktm0000gp/C/com.apple.DeveloperTools/26.4.1-17E202/Xcode
    export CHMOD\=/bin/chmod
    export CHOWN\=chown
    export CLANG_CACHE_FINE_GRAINED_OUTPUTS\=YES
    export CLANG_ENABLE_EXPLICIT_MODULES\=YES
    export CLANG_MODULES_BUILD_SESSION_FILE\=LOCAL_HOME/ace-private/mcx19b-implementation-20260914/action-copy-20260915/runs/20260914T194459Z-selected-ff65c583223e/build/ModuleCache.noindex/Session.modulevalidation
    export CLASS_FILE_DIR\=LOCAL_HOME/ace-private/mcx19b-implementation-20260914/action-copy-20260915/runs/20260914T194459Z-selected-ff65c583223e/build/Build/Intermediates.noindex/ACEClientApp.build/Debug-iphonesimulator/ACEClientApp.build/JavaClasses
    export CLEAN_PRECOMPS\=YES
    export CLONE_HEADERS\=NO
    export CODESIGNING_FOLDER_PATH\=LOCAL_HOME/ace-private/mcx19b-implementation-20260914/action-copy-20260915/runs/20260914T194459Z-selected-ff65c583223e/build/Build/Products/Debug-iphonesimulator/ACEClientApp.app
    export CODE_SIGNING_ALLOWED\=NO
    export CODE_SIGNING_REQUIRED\=NO
    export CODE_SIGN_CONTEXT_CLASS\=XCiPhoneSimulatorCodeSignContext
    export CODE_SIGN_INJECT_BASE_ENTITLEMENTS\=YES
    export CODE_SIGN_STYLE\=Automatic
    export COLOR_DIAGNOSTICS\=NO
    export COMBINE_HIDPI_IMAGES\=NO
    export COMPILATION_CACHE_CAS_PATH\=LOCAL_HOME/ace-private/mcx19b-implementation-20260914/action-copy-20260915/runs/20260914T194459Z-selected-ff65c583223e/build/CompilationCache.noindex
    export COMPILATION_CACHE_ENABLE_CACHING\=YES
    export COMPILATION_CACHE_KEEP_CAS_DIRECTORY\=YES
    export COMPILER_INDEX_STORE_ENABLE\=Default
    export COMPOSITE_SDK_DIRS\=LOCAL_HOME/ace-private/mcx19b-implementation-20260914/action-copy-20260915/runs/20260914T194459Z-selected-ff65c583223e/build/Build/Intermediates.noindex/CompositeSDKs
    export COMPRESS_PNG_FILES\=YES
    export CONFIGURATION\=Debug
    export CONFIGURATION_BUILD_DIR\=LOCAL_HOME/ace-private/mcx19b-implementation-20260914/action-copy-20260915/runs/20260914T194459Z-selected-ff65c583223e/build/Build/Products/Debug-iphonesimulator
    export CONFIGURATION_TEMP_DIR\=LOCAL_HOME/ace-private/mcx19b-implementation-20260914/action-copy-20260915/runs/20260914T194459Z-selected-ff65c583223e/build/Build/Intermediates.noindex/ACEClientApp.build/Debug-iphonesimulator
    export CONTENTS_FOLDER_PATH\=ACEClientApp.app
    export CONTENTS_FOLDER_PATH_SHALLOW_BUNDLE_NO\=ACEClientApp.app/Contents
    export CONTENTS_FOLDER_PATH_SHALLOW_BUNDLE_YES\=ACEClientApp.app
    export COPYING_PRESERVES_HFS_DATA\=NO
    export COPY_HEADERS_RUN_UNIFDEF\=NO
    export COPY_PHASE_STRIP\=YES
    export CORRESPONDING_DEVICE_PLATFORM_DIR\=/Applications/Xcode.app/Contents/Developer/Platforms/iPhoneOS.platform
    export CORRESPONDING_DEVICE_PLATFORM_NAME\=iphoneos
    export CORRESPONDING_DEVICE_SDK_DIR\=/Applications/Xcode.app/Contents/Developer/Platforms/iPhoneOS.platform/Developer/SDKs/iPhoneOS26.4.sdk
    export CORRESPONDING_DEVICE_SDK_NAME\=iphoneos26.4
    export CP\=/bin/cp
    export CREATE_INFOPLIST_SECTION_IN_BINARY\=NO
    export CURRENT_ARCH\=undefined_arch
    export CURRENT_VARIANT\=normal
    export DEAD_CODE_STRIPPING\=YES
    export DEBUGGING_SYMBOLS\=YES
    export DEBUG_INFORMATION_FORMAT\=dwarf-with-dsym
    export DEBUG_INFORMATION_VERSION\=compiler-default
    export DEFAULT_COMPILER\=com.apple.compilers.llvm.clang.1_0
    export DEFAULT_DEXT_INSTALL_PATH\=/System/Library/DriverExtensions
    export DEFAULT_KEXT_INSTALL_PATH\=/System/Library/Extensions
    export DEFINES_MODULE\=NO
    export DEPLOYMENT_LOCATION\=NO
    export DEPLOYMENT_POSTPROCESSING\=NO
    export DEPLOYMENT_TARGET_SETTING_NAME\=IPHONEOS_DEPLOYMENT_TARGET
    export DEPLOYMENT_TARGET_SUGGESTED_VALUES\=12.0\ 12.1\ 12.2\ 12.3\ 12.4\ 13.0\ 13.1\ 13.2\ 13.3\ 13.4\ 13.5\ 13.6\ 14.0\ 14.1\ 14.2\ 14.3\ 14.4\ 14.5\ 14.6\ 14.7\ 15.0\ 15.1\ 15.2\ 15.3\ 15.4\ 15.5\ 15.6\ 16.0\ 16.1\ 16.2\ 16.3\ 16.4\ 16.5\ 16.6\ 17.0\ 17.1\ 17.2\ 17.3\ 17.4\ 17.5\ 17.6\ 18.0\ 18.1\ 18.2\ 18.3\ 18.4\ 18.5\ 18.6\ 26.0\ 26.2\ 26.3\ 26.4
    export DERIVED_FILES_DIR\=LOCAL_HOME/ace-private/mcx19b-implementation-20260914/action-copy-20260915/runs/20260914T194459Z-selected-ff65c583223e/build/Build/Intermediates.noindex/ACEClientApp.build/Debug-iphonesimulator/ACEClientApp.build/DerivedSources
    export DERIVED_FILE_DIR\=LOCAL_HOME/ace-private/mcx19b-implementation-20260914/action-copy-20260915/runs/20260914T194459Z-selected-ff65c583223e/build/Build/Intermediates.noindex/ACEClientApp.build/Debug-iphonesimulator/ACEClientApp.build/DerivedSources
    export DERIVED_SOURCES_DIR\=LOCAL_HOME/ace-private/mcx19b-implementation-20260914/action-copy-20260915/runs/20260914T194459Z-selected-ff65c583223e/build/Build/Intermediates.noindex/ACEClientApp.build/Debug-iphonesimulator/ACEClientApp.build/DerivedSources
    export DEVELOPER_APPLICATIONS_DIR\=/Applications/Xcode.app/Contents/Developer/Applications
    export DEVELOPER_BIN_DIR\=/Applications/Xcode.app/Contents/Developer/usr/bin
    export DEVELOPER_DIR\=/Applications/Xcode.app/Contents/Developer
    export DEVELOPER_FRAMEWORKS_DIR\=/Applications/Xcode.app/Contents/Developer/Library/Frameworks
    export DEVELOPER_FRAMEWORKS_DIR_QUOTED\=/Applications/Xcode.app/Contents/Developer/Library/Frameworks
    export DEVELOPER_LIBRARY_DIR\=/Applications/Xcode.app/Contents/Developer/Library
    export DEVELOPER_SDK_DIR\=/Applications/Xcode.app/Contents/Developer/Platforms/MacOSX.platform/Developer/SDKs
    export DEVELOPER_TOOLS_DIR\=/Applications/Xcode.app/Contents/Developer/Tools
    export DEVELOPER_USR_DIR\=/Applications/Xcode.app/Contents/Developer/usr
    export DEVELOPMENT_LANGUAGE\=en
    export DIAGNOSE_MISSING_TARGET_DEPENDENCIES\=YES
    export DIFF\=/usr/bin/diff
    export DOCUMENTATION_FOLDER_PATH\=ACEClientApp.app/en.lproj/Documentation
    export DONT_GENERATE_INFOPLIST_FILE\=NO
    export DSTROOT\=/tmp/ACEClientApp.dst
    export DT_TOOLCHAIN_DIR\=/Applications/Xcode.app/Contents/Developer/Toolchains/XcodeDefault.xctoolchain
    export DUMP_DEPENDENCIES\=NO
    export DUMP_DEPENDENCIES_OUTPUT_PATH\=LOCAL_HOME/ace-private/mcx19b-implementation-20260914/action-copy-20260915/runs/20260914T194459Z-selected-ff65c583223e/build/Build/Intermediates.noindex/ACEClientApp.build/Debug-iphonesimulator/ACEClientApp.build/ACEClientApp-BuildDependencyInfo.json
    export DWARF_DSYM_FILE_NAME\=ACEClientApp.app.dSYM
    export DWARF_DSYM_FILE_SHOULD_ACCOMPANY_PRODUCT\=NO
    export DWARF_DSYM_FOLDER_PATH\=LOCAL_HOME/ace-private/mcx19b-implementation-20260914/action-copy-20260915/runs/20260914T194459Z-selected-ff65c583223e/build/Build/Products/Debug-iphonesimulator
    export DYNAMIC_LIBRARY_EXTENSION\=dylib
    export EAGER_COMPILATION_ALLOW_SCRIPTS\=NO
    export EAGER_LINKING\=NO
    export EFFECTIVE_PLATFORM_NAME\=-iphonesimulator
    export EFFECTIVE_SWIFT_VERSION\=6
    export EMBEDDED_CONTENT_CONTAINS_SWIFT\=NO
    export EMBED_ASSET_PACKS_IN_PRODUCT_BUNDLE\=NO
    export ENABLE_APP_SANDBOX\=NO
    export ENABLE_CODE_COVERAGE\=YES
    export ENABLE_COHORT_ARCHS\=NO
    export ENABLE_CPLUSPLUS_BOUNDS_SAFE_BUFFERS\=NO
    export ENABLE_C_BOUNDS_SAFETY\=NO
    export ENABLE_DEBUG_DYLIB\=NO
    export ENABLE_DEFAULT_HEADER_SEARCH_PATHS\=YES
    export ENABLE_DEFAULT_SEARCH_PATHS\=YES
    export ENABLE_ENHANCED_SECURITY\=NO
    export ENABLE_HARDENED_RUNTIME\=NO
    export ENABLE_HEADER_DEPENDENCIES\=YES
    export ENABLE_INCOMING_NETWORK_CONNECTIONS\=NO
    export ENABLE_ON_DEMAND_RESOURCES\=YES
    export ENABLE_OUTGOING_NETWORK_CONNECTIONS\=NO
    export ENABLE_POINTER_AUTHENTICATION\=NO
    export ENABLE_PREVIEWS\=NO
    export ENABLE_RESOURCE_ACCESS_AUDIO_INPUT\=NO
    export ENABLE_RESOURCE_ACCESS_BLUETOOTH\=NO
    export ENABLE_RESOURCE_ACCESS_CALENDARS\=NO
    export ENABLE_RESOURCE_ACCESS_CAMERA\=NO
    export ENABLE_RESOURCE_ACCESS_CONTACTS\=NO
    export ENABLE_RESOURCE_ACCESS_LOCATION\=NO
    export ENABLE_RESOURCE_ACCESS_PHOTO_LIBRARY\=NO
    export ENABLE_RESOURCE_ACCESS_PRINTING\=NO
    export ENABLE_RESOURCE_ACCESS_USB\=NO
    export ENABLE_SDK_IMPORTS\=NO
    export ENABLE_SECURITY_COMPILER_WARNINGS\=NO
    export ENABLE_TESTABILITY\=NO
    export ENABLE_TESTING_SEARCH_PATHS\=NO
    export ENABLE_USER_SCRIPT_SANDBOXING\=NO
    export ENABLE_XOJIT_PREVIEWS\=NO
    export ENFORCE_VALID_ARCHS\=YES
    export ENTITLEMENTS_ALLOWED\=NO
    export ENTITLEMENTS_DESTINATION\=__entitlements
    export ENTITLEMENTS_REQUIRED\=NO
    export EXCLUDED_INSTALLSRC_SUBDIRECTORY_PATTERNS\=.DS_Store\ .svn\ .git\ .hg\ CVS
    export EXCLUDED_RECURSIVE_SEARCH_PATH_SUBDIRECTORIES\=\*.nib\ \*.lproj\ \*.framework\ \*.gch\ \*.xcode\*\ \*.xcassets\ \*.icon\ \(\*\)\ .DS_Store\ CVS\ .svn\ .git\ .hg\ \*.pbproj\ \*.pbxproj
    export EXECUTABLES_FOLDER_PATH\=ACEClientApp.app/Executables
    export EXECUTABLE_FOLDER_PATH\=ACEClientApp.app
    export EXECUTABLE_FOLDER_PATH_SHALLOW_BUNDLE_NO\=ACEClientApp.app/MacOS
    export EXECUTABLE_FOLDER_PATH_SHALLOW_BUNDLE_YES\=ACEClientApp.app
    export EXECUTABLE_NAME\=ACEClientApp
    export EXECUTABLE_PATH\=ACEClientApp.app/ACEClientApp
    export EXTENSIONS_FOLDER_PATH\=ACEClientApp.app/Extensions
    export FILE_LIST\=LOCAL_HOME/ace-private/mcx19b-implementation-20260914/action-copy-20260915/runs/20260914T194459Z-selected-ff65c583223e/build/Build/Intermediates.noindex/ACEClientApp.build/Debug-iphonesimulator/ACEClientApp.build/Objects/LinkFileList
    export FIXED_FILES_DIR\=LOCAL_HOME/ace-private/mcx19b-implementation-20260914/action-copy-20260915/runs/20260914T194459Z-selected-ff65c583223e/build/Build/Intermediates.noindex/ACEClientApp.build/Debug-iphonesimulator/ACEClientApp.build/FixedFiles
    export FRAMEWORKS_FOLDER_PATH\=ACEClientApp.app/Frameworks
    export FRAMEWORK_FLAG_PREFIX\=-framework
    export FRAMEWORK_SEARCH_PATHS\=LOCAL_HOME/ace-private/mcx19b-implementation-20260914/action-copy-20260915/runs/20260914T194459Z-selected-ff65c583223e/build/Build/Products/Debug-iphonesimulator\ 
    export FRAMEWORK_VERSION\=A
    export FULL_PRODUCT_NAME\=ACEClientApp.app
    export FUSE_BUILD_PHASES\=YES
    export FUSE_BUILD_SCRIPT_PHASES\=NO
    export GCC3_VERSION\=3.3
    export GCC_DYNAMIC_NO_PIC\=NO
    export GCC_INLINES_ARE_PRIVATE_EXTERN\=YES
    export GCC_OBJC_LEGACY_DISPATCH\=YES
    export GCC_PFE_FILE_C_DIALECTS\=c\ objective-c\ c++\ objective-c++
    export GCC_SYMBOLS_PRIVATE_EXTERN\=YES
    export GCC_TREAT_WARNINGS_AS_ERRORS\=NO
    export GCC_VERSION\=com.apple.compilers.llvm.clang.1_0
    export GCC_VERSION_IDENTIFIER\=com_apple_compilers_llvm_clang_1_0
    export GCC_WARN_64_TO_32_BIT_CONVERSION\=NO
    export GENERATED_MODULEMAP_DIR\=LOCAL_HOME/ace-private/mcx19b-implementation-20260914/action-copy-20260915/runs/20260914T194459Z-selected-ff65c583223e/build/Build/Intermediates.noindex/GeneratedModuleMaps-iphonesimulator
    export GENERATE_INFOPLIST_FILE\=NO
    export GENERATE_INTERMEDIATE_TEXT_BASED_STUBS\=YES
    export GENERATE_PKGINFO_FILE\=YES
    export GENERATE_PRELINK_OBJECT_FILE\=NO
    export GENERATE_PROFILING_CODE\=NO
    export GENERATE_TEXT_BASED_STUBS\=NO
    export GID\=20
    export GROUP\=staff
    export HEADERMAP_INCLUDES_FLAT_ENTRIES_FOR_TARGET_BEING_BUILT\=YES
    export HEADERMAP_INCLUDES_FRAMEWORK_ENTRIES_FOR_ALL_PRODUCT_TYPES\=YES
    export HEADERMAP_INCLUDES_FRAMEWORK_ENTRIES_FOR_TARGETS_NOT_BEING_BUILT\=YES
    export HEADERMAP_INCLUDES_NONPUBLIC_NONPRIVATE_HEADERS\=YES
    export HEADERMAP_INCLUDES_PROJECT_HEADERS\=YES
    export HEADERMAP_USES_FRAMEWORK_PREFIX_ENTRIES\=YES
    export HEADERMAP_USES_VFS\=NO
    export HEADER_SEARCH_PATHS\=LOCAL_HOME/ace-private/mcx19b-implementation-20260914/action-copy-20260915/runs/20260914T194459Z-selected-ff65c583223e/build/Build/Products/Debug-iphonesimulator/include\ 
    export HOME\=LOCAL_HOME
    export HOST_ARCH\=x86_64
    export HOST_PLATFORM\=macosx
    export ICONV\=/usr/bin/iconv
    export IMPLICIT_DEPENDENCY_DOMAIN\=default
    export INDEX_STORE_COMPRESS\=NO
    export INDEX_STORE_ONLY_PROJECT_FILES\=NO
    export INFOPLIST_ENABLE_CFBUNDLEICONS_MERGE\=YES
    export INFOPLIST_EXPAND_BUILD_SETTINGS\=YES
    export INFOPLIST_FILE\=ACEClientApp/Info.plist
    export INFOPLIST_OUTPUT_FORMAT\=binary
    export INFOPLIST_PATH\=ACEClientApp.app/Info.plist
    export INFOPLIST_PREPROCESS\=NO
    export INFOSTRINGS_PATH\=ACEClientApp.app/en.lproj/InfoPlist.strings
    export INLINE_PRIVATE_FRAMEWORKS\=NO
    export INSTALLAPI_IGNORE_SKIP_INSTALL\=YES
    export INSTALLHDRS_COPY_PHASE\=NO
    export INSTALLHDRS_SCRIPT_PHASE\=NO
    export INSTALL_DIR\=/tmp/ACEClientApp.dst/Applications
    export INSTALL_GROUP\=staff
    export INSTALL_MODE_FLAG\=u+w,go-w,a+rX
    export INSTALL_OWNER\=alanrichardson
    export INSTALL_PATH\=/Applications
    export INSTALL_ROOT\=/tmp/ACEClientApp.dst
    export IPHONEOS_DEPLOYMENT_TARGET\=26.0
    export IS_UNOPTIMIZED_BUILD\=NO
    export JAVAC_DEFAULT_FLAGS\=-J-Xms64m\ -J-XX:NewSize\=4M\ -J-Dfile.encoding\=UTF8
    export JAVA_APP_STUB\=/System/Library/Frameworks/JavaVM.framework/Resources/MacOS/JavaApplicationStub
    export JAVA_ARCHIVE_CLASSES\=YES
    export JAVA_ARCHIVE_TYPE\=JAR
    export JAVA_COMPILER\=/usr/bin/javac
    export JAVA_FOLDER_PATH\=ACEClientApp.app/Java
    export JAVA_FRAMEWORK_RESOURCES_DIRS\=Resources
    export JAVA_JAR_FLAGS\=cv
    export JAVA_SOURCE_SUBDIR\=.
    export JAVA_USE_DEPENDENCIES\=YES
    export JAVA_ZIP_FLAGS\=-urg
    export JIKES_DEFAULT_FLAGS\=+E\ +OLDCSO
    export KEEP_PRIVATE_EXTERNS\=NO
    export LD_DEPENDENCY_INFO_FILE\=LOCAL_HOME/ace-private/mcx19b-implementation-20260914/action-copy-20260915/runs/20260914T194459Z-selected-ff65c583223e/build/Build/Intermediates.noindex/ACEClientApp.build/Debug-iphonesimulator/ACEClientApp.build/Objects-normal/undefined_arch/ACEClientApp_dependency_info.dat
    export LD_EXPORT_SYMBOLS\=YES
    export LD_GENERATE_MAP_FILE\=NO
    export LD_MAP_FILE_PATH\=LOCAL_HOME/ace-private/mcx19b-implementation-20260914/action-copy-20260915/runs/20260914T194459Z-selected-ff65c583223e/build/Build/Intermediates.noindex/ACEClientApp.build/Debug-iphonesimulator/ACEClientApp.build/ACEClientApp-LinkMap-normal-undefined_arch.txt
    export LD_NO_PIE\=NO
    export LD_QUOTE_LINKER_ARGUMENTS_FOR_COMPILER_DRIVER\=YES
    export LD_RUNPATH_SEARCH_PATHS_YES\=@loader_path/../Frameworks
    export LD_SHARED_CACHE_ELIGIBLE\=Automatic
    export LD_WARN_DUPLICATE_LIBRARIES\=NO
    export LD_WARN_UNUSED_DYLIBS\=NO
    export LEGACY_DEVELOPER_DIR\=/Applications/Xcode.app/Contents/PlugIns/Xcode3Core.ideplugin/Contents/SharedSupport/Developer
    export LEX\=lex
    export LIBRARY_DEXT_INSTALL_PATH\=/Library/DriverExtensions
    export LIBRARY_FLAG_NOSPACE\=YES
    export LIBRARY_FLAG_PREFIX\=-l
    export LIBRARY_KEXT_INSTALL_PATH\=/Library/Extensions
    export LIBRARY_SEARCH_PATHS\=LOCAL_HOME/ace-private/mcx19b-implementation-20260914/action-copy-20260915/runs/20260914T194459Z-selected-ff65c583223e/build/Build/Products/Debug-iphonesimulator\ 
    export LINKER_DISPLAYS_MANGLED_NAMES\=NO
    export LINK_FILE_LIST_normal_x86_64\=LOCAL_HOME/ace-private/mcx19b-implementation-20260914/action-copy-20260915/runs/20260914T194459Z-selected-ff65c583223e/build/Build/Intermediates.noindex/ACEClientApp.build/Debug-iphonesimulator/ACEClientApp.build/Objects-normal/x86_64/ACEClientApp.LinkFileList
    export LINK_OBJC_RUNTIME\=YES
    export LINK_WITH_STANDARD_LIBRARIES\=YES
    export LLVM_TARGET_TRIPLE_OS_VERSION\=ios26.0
    export LLVM_TARGET_TRIPLE_SUFFIX\=-simulator
    export LLVM_TARGET_TRIPLE_VENDOR\=apple
    export LM_AUX_CONST_METADATA_LIST_PATH_normal_x86_64\=LOCAL_HOME/ace-private/mcx19b-implementation-20260914/action-copy-20260915/runs/20260914T194459Z-selected-ff65c583223e/build/Build/Intermediates.noindex/ACEClientApp.build/Debug-iphonesimulator/ACEClientApp.build/Objects-normal/x86_64/ACEClientApp.SwiftConstValuesFileList
    export LOCALIZATION_EXPORT_SUPPORTED\=YES
    export LOCALIZATION_PREFERS_STRING_CATALOGS\=NO
    export LOCALIZED_RESOURCES_FOLDER_PATH\=ACEClientApp.app/en.lproj
    export LOCALIZED_STRING_CODE_COMMENTS\=NO
    export LOCALIZED_STRING_MACRO_NAMES\=NSLocalizedString\ CFCopyLocalizedString
    export LOCALIZED_STRING_SWIFTUI_SUPPORT\=YES
    export LOCAL_ADMIN_APPS_DIR\=/Applications/Utilities
    export LOCAL_APPS_DIR\=/Applications
    export LOCAL_DEVELOPER_DIR\=/Library/Developer
    export LOCAL_LIBRARY_DIR\=/Library
    export LOCROOT\=LOCAL_HOME/Developer/sqe-platform-release-layout/ios/ACEClientApp
    export LOCSYMROOT\=LOCAL_HOME/Developer/sqe-platform-release-layout/ios/ACEClientApp
    export MACH_O_TYPE\=mh_execute
    export MAC_OS_X_PRODUCT_BUILD_VERSION\=25G83
    export MAC_OS_X_VERSION_ACTUAL\=260602
    export MAC_OS_X_VERSION_MAJOR\=260000
    export MAC_OS_X_VERSION_MINOR\=260600
    export MAKE_MERGEABLE\=NO
    export MERGEABLE_LIBRARY\=NO
    export MERGED_BINARY_TYPE\=none
    export MERGE_LINKED_LIBRARIES\=NO
    export METAL_LIBRARY_FILE_BASE\=default
    export METAL_LIBRARY_OUTPUT_DIR\=LOCAL_HOME/ace-private/mcx19b-implementation-20260914/action-copy-20260915/runs/20260914T194459Z-selected-ff65c583223e/build/Build/Products/Debug-iphonesimulator/ACEClientApp.app
    export MODULES_FOLDER_PATH\=ACEClientApp.app/Modules
    export MODULE_CACHE_DIR\=LOCAL_HOME/ace-private/mcx19b-implementation-20260914/action-copy-20260915/runs/20260914T194459Z-selected-ff65c583223e/build/ModuleCache.noindex
    export NATIVE_ARCH\=x86_64
    export NATIVE_ARCH_32_BIT\=i386
    export NATIVE_ARCH_64_BIT\=x86_64
    export NATIVE_ARCH_ACTUAL\=x86_64
    export NO_COMMON\=YES
    export OBJC_ABI_VERSION\=2
    export OBJECT_FILE_DIR\=LOCAL_HOME/ace-private/mcx19b-implementation-20260914/action-copy-20260915/runs/20260914T194459Z-selected-ff65c583223e/build/Build/Intermediates.noindex/ACEClientApp.build/Debug-iphonesimulator/ACEClientApp.build/Objects
    export OBJECT_FILE_DIR_normal\=LOCAL_HOME/ace-private/mcx19b-implementation-20260914/action-copy-20260915/runs/20260914T194459Z-selected-ff65c583223e/build/Build/Intermediates.noindex/ACEClientApp.build/Debug-iphonesimulator/ACEClientApp.build/Objects-normal
    export OBJROOT\=LOCAL_HOME/ace-private/mcx19b-implementation-20260914/action-copy-20260915/runs/20260914T194459Z-selected-ff65c583223e/build/Build/Intermediates.noindex
    export ONLY_ACTIVE_ARCH\=NO
    export OS\=MACOS
    export OSAC\=/usr/bin/osacompile
    export PACKAGE_TYPE\=com.apple.package-type.wrapper.application
    export PASCAL_STRINGS\=YES
    export PATH\=/Applications/Xcode.app/Contents/SharedFrameworks/SwiftBuild.framework/Versions/A/PlugIns/SWBBuildService.bundle/Contents/PlugIns/SWBUniversalPlatformPlugin.bundle/Contents/Frameworks/SWBUniversalPlatform.framework/Resources:/Applications/Xcode.app/Contents/Developer/Toolchains/XcodeDefault.xctoolchain/usr/bin:/Applications/Xcode.app/Contents/Developer/Toolchains/XcodeDefault.xctoolchain/usr/local/bin:/Applications/Xcode.app/Contents/Developer/Toolchains/XcodeDefault.xctoolchain/usr/libexec:/Applications/Xcode.app/Contents/Developer/Platforms/iPhoneSimulator.platform/usr/bin:/Applications/Xcode.app/Contents/Developer/Platforms/iPhoneSimulator.platform/usr/local/bin:/Applications/Xcode.app/Contents/Developer/Platforms/iPhoneSimulator.platform/Developer/usr/bin:/Applications/Xcode.app/Contents/Developer/Platforms/iPhoneSimulator.platform/Developer/usr/local/bin:/Applications/Xcode.app/Contents/Developer/usr/bin:/Applications/Xcode.app/Contents/Developer/usr/local/bin:/usr/bin:/bin:/usr/sbin:/sbin
    export PATH_PREFIXES_EXCLUDED_FROM_HEADER_DEPENDENCIES\=/usr/include\ /usr/local/include\ /System/Library/Frameworks\ /System/Library/PrivateFrameworks\ /Applications/Xcode.app/Contents/Developer/Headers\ /Applications/Xcode.app/Contents/Developer/SDKs\ /Applications/Xcode.app/Contents/Developer/Platforms
    export PBDEVELOPMENTPLIST_PATH\=ACEClientApp.app/pbdevelopment.plist
    export PER_ARCH_MODULE_FILE_DIR\=LOCAL_HOME/ace-private/mcx19b-implementation-20260914/action-copy-20260915/runs/20260914T194459Z-selected-ff65c583223e/build/Build/Intermediates.noindex/ACEClientApp.build/Debug-iphonesimulator/ACEClientApp.build/Objects-normal/undefined_arch
    export PER_ARCH_OBJECT_FILE_DIR\=LOCAL_HOME/ace-private/mcx19b-implementation-20260914/action-copy-20260915/runs/20260914T194459Z-selected-ff65c583223e/build/Build/Intermediates.noindex/ACEClientApp.build/Debug-iphonesimulator/ACEClientApp.build/Objects-normal/undefined_arch
    export PER_VARIANT_OBJECT_FILE_DIR\=LOCAL_HOME/ace-private/mcx19b-implementation-20260914/action-copy-20260915/runs/20260914T194459Z-selected-ff65c583223e/build/Build/Intermediates.noindex/ACEClientApp.build/Debug-iphonesimulator/ACEClientApp.build/Objects-normal
    export PKGINFO_FILE_PATH\=LOCAL_HOME/ace-private/mcx19b-implementation-20260914/action-copy-20260915/runs/20260914T194459Z-selected-ff65c583223e/build/Build/Intermediates.noindex/ACEClientApp.build/Debug-iphonesimulator/ACEClientApp.build/PkgInfo
    export PKGINFO_PATH\=ACEClientApp.app/PkgInfo
    export PLATFORM_DEVELOPER_APPLICATIONS_DIR\=/Applications/Xcode.app/Contents/Developer/Platforms/iPhoneSimulator.platform/Developer/Applications
    export PLATFORM_DEVELOPER_BIN_DIR\=/Applications/Xcode.app/Contents/Developer/Platforms/iPhoneSimulator.platform/Developer/usr/bin
    export PLATFORM_DEVELOPER_LIBRARY_DIR\=/Applications/Xcode.app/Contents/Developer/Platforms/iPhoneSimulator.platform/Developer/Library
    export PLATFORM_DEVELOPER_SDK_DIR\=/Applications/Xcode.app/Contents/Developer/Platforms/iPhoneSimulator.platform/Developer/SDKs
    export PLATFORM_DEVELOPER_TOOLS_DIR\=/Applications/Xcode.app/Contents/Developer/Platforms/iPhoneSimulator.platform/Developer/Tools
    export PLATFORM_DEVELOPER_USR_DIR\=/Applications/Xcode.app/Contents/Developer/Platforms/iPhoneSimulator.platform/Developer/usr
    export PLATFORM_DIR\=/Applications/Xcode.app/Contents/Developer/Platforms/iPhoneSimulator.platform
    export PLATFORM_DISPLAY_NAME\=iOS\ Simulator
    export PLATFORM_FAMILY_NAME\=iOS
    export PLATFORM_NAME\=iphonesimulator
    export PLATFORM_PREFERRED_ARCH\=x86_64
    export PLATFORM_PRODUCT_BUILD_VERSION\=23E252
    export PLATFORM_REQUIRES_SWIFT_AUTOLINK_EXTRACT\=NO
    export PLATFORM_REQUIRES_SWIFT_MODULEWRAP\=NO
    export PLATFORM_USES_DSYMS\=YES
    export PLIST_FILE_OUTPUT_FORMAT\=binary
    export PLUGINS_FOLDER_PATH\=ACEClientApp.app/PlugIns
    export PRECOMPS_INCLUDE_HEADERS_FROM_BUILT_PRODUCTS_DIR\=YES
    export PRECOMP_DESTINATION_DIR\=LOCAL_HOME/ace-private/mcx19b-implementation-20260914/action-copy-20260915/runs/20260914T194459Z-selected-ff65c583223e/build/Build/Intermediates.noindex/ACEClientApp.build/Debug-iphonesimulator/ACEClientApp.build/PrefixHeaders
    export PRIVATE_HEADERS_FOLDER_PATH\=ACEClientApp.app/PrivateHeaders
    export PROCESSED_INFOPLIST_PATH\=LOCAL_HOME/ace-private/mcx19b-implementation-20260914/action-copy-20260915/runs/20260914T194459Z-selected-ff65c583223e/build/Build/Intermediates.noindex/ACEClientApp.build/Debug-iphonesimulator/ACEClientApp.build/Objects-normal/undefined_arch/Processed-Info.plist
    export PRODUCT_BUNDLE_IDENTIFIER\=com.example.aceclientapp
    export PRODUCT_BUNDLE_PACKAGE_TYPE\=APPL
    export PRODUCT_MODULE_NAME\=ACEClientApp
    export PRODUCT_NAME\=ACEClientApp
    export PRODUCT_SETTINGS_PATH\=LOCAL_HOME/Developer/sqe-platform-release-layout/ios/ACEClientApp/ACEClientApp/Info.plist
    export PRODUCT_TYPE\=com.apple.product-type.application
    export PROFILING_CODE\=NO
    export PROJECT\=ACEClientApp
    export PROJECT_DERIVED_FILE_DIR\=LOCAL_HOME/ace-private/mcx19b-implementation-20260914/action-copy-20260915/runs/20260914T194459Z-selected-ff65c583223e/build/Build/Intermediates.noindex/ACEClientApp.build/DerivedSources
    export PROJECT_DIR\=LOCAL_HOME/Developer/sqe-platform-release-layout/ios/ACEClientApp
    export PROJECT_FILE_PATH\=LOCAL_HOME/Developer/sqe-platform-release-layout/ios/ACEClientApp/ACEClientApp.xcodeproj
    export PROJECT_GUID\=26f8b7df0a443f0244a28f97fc9f5059
    export PROJECT_NAME\=ACEClientApp
    export PROJECT_TEMP_DIR\=LOCAL_HOME/ace-private/mcx19b-implementation-20260914/action-copy-20260915/runs/20260914T194459Z-selected-ff65c583223e/build/Build/Intermediates.noindex/ACEClientApp.build
    export PROJECT_TEMP_ROOT\=LOCAL_HOME/ace-private/mcx19b-implementation-20260914/action-copy-20260915/runs/20260914T194459Z-selected-ff65c583223e/build/Build/Intermediates.noindex
    export PROVISIONING_PROFILE_REQUIRED\=NO
    export PROVISIONING_PROFILE_REQUIRED_YES_YES\=YES
    export PROVISIONING_PROFILE_SUPPORTED\=YES
    export PUBLIC_HEADERS_FOLDER_PATH\=ACEClientApp.app/Headers
    export RECOMMENDED_IPHONEOS_DEPLOYMENT_TARGET\=15.0
    export RECURSIVE_SEARCH_PATHS_FOLLOW_SYMLINKS\=YES
    export REMOVE_CVS_FROM_RESOURCES\=YES
    export REMOVE_GIT_FROM_RESOURCES\=YES
    export REMOVE_HEADERS_FROM_EMBEDDED_BUNDLES\=YES
    export REMOVE_HG_FROM_RESOURCES\=YES
    export REMOVE_STATIC_EXECUTABLES_FROM_EMBEDDED_BUNDLES\=YES
    export REMOVE_SVN_FROM_RESOURCES\=YES
    export RESCHEDULE_INDEPENDENT_HEADERS_PHASES\=YES
    export REZ_COLLECTOR_DIR\=LOCAL_HOME/ace-private/mcx19b-implementation-20260914/action-copy-20260915/runs/20260914T194459Z-selected-ff65c583223e/build/Build/Intermediates.noindex/ACEClientApp.build/Debug-iphonesimulator/ACEClientApp.build/ResourceManagerResources
    export REZ_OBJECTS_DIR\=LOCAL_HOME/ace-private/mcx19b-implementation-20260914/action-copy-20260915/runs/20260914T194459Z-selected-ff65c583223e/build/Build/Intermediates.noindex/ACEClientApp.build/Debug-iphonesimulator/ACEClientApp.build/ResourceManagerResources/Objects
    export REZ_SEARCH_PATHS\=LOCAL_HOME/ace-private/mcx19b-implementation-20260914/action-copy-20260915/runs/20260914T194459Z-selected-ff65c583223e/build/Build/Products/Debug-iphonesimulator\ 
    export RPATH_ORIGIN\=@loader_path
    export RUNTIME_EXCEPTION_ALLOW_DYLD_ENVIRONMENT_VARIABLES\=NO
    export RUNTIME_EXCEPTION_ALLOW_JIT\=NO
    export RUNTIME_EXCEPTION_ALLOW_UNSIGNED_EXECUTABLE_MEMORY\=NO
    export RUNTIME_EXCEPTION_DEBUGGING_TOOL\=NO
    export RUNTIME_EXCEPTION_DISABLE_EXECUTABLE_PAGE_PROTECTION\=NO
    export RUNTIME_EXCEPTION_DISABLE_LIBRARY_VALIDATION\=NO
    export SCANNING_PCM_KEEP_CACHE_DIRECTORY\=YES
    export SCAN_ALL_SOURCE_FILES_FOR_INCLUDES\=NO
    export SCRIPTS_FOLDER_PATH\=ACEClientApp.app/Scripts
    export SCRIPT_INPUT_FILE_COUNT\=0
    export SCRIPT_INPUT_FILE_LIST_COUNT\=0
    export SCRIPT_OUTPUT_FILE_COUNT\=0
    export SCRIPT_OUTPUT_FILE_LIST_COUNT\=0
    export SDKROOT\=/Applications/Xcode.app/Contents/Developer/Platforms/iPhoneSimulator.platform/Developer/SDKs/iPhoneSimulator26.4.sdk
    export SDK_DIR\=/Applications/Xcode.app/Contents/Developer/Platforms/iPhoneSimulator.platform/Developer/SDKs/iPhoneSimulator26.4.sdk
    export SDK_DIR_iphonesimulator\=/Applications/Xcode.app/Contents/Developer/Platforms/iPhoneSimulator.platform/Developer/SDKs/iPhoneSimulator26.4.sdk
    export SDK_DIR_iphonesimulator26_4\=/Applications/Xcode.app/Contents/Developer/Platforms/iPhoneSimulator.platform/Developer/SDKs/iPhoneSimulator26.4.sdk
    export SDK_NAME\=iphonesimulator26.4
    export SDK_NAMES\=iphonesimulator26.4
    export SDK_PRODUCT_BUILD_VERSION\=23E252
    export SDK_STAT_CACHE_DIR\=LOCAL_HOME/ace-private/mcx19b-implementation-20260914/action-copy-20260915/runs/20260914T194459Z-selected-ff65c583223e/build
    export SDK_STAT_CACHE_ENABLE\=YES
    export SDK_STAT_CACHE_PATH\=LOCAL_HOME/ace-private/mcx19b-implementation-20260914/action-copy-20260915/runs/20260914T194459Z-selected-ff65c583223e/build/SDKStatCaches.noindex/iphonesimulator26.4-23E252-686eebb5dc1d8ecb277353a59184f4aa.sdkstatcache
    export SDK_VERSION\=26.4
    export SDK_VERSION_ACTUAL\=260400
    export SDK_VERSION_MAJOR\=260000
    export SDK_VERSION_MINOR\=260400
    export SED\=/usr/bin/sed
    export SEPARATE_STRIP\=NO
    export SEPARATE_SYMBOL_EDIT\=NO
    export SET_DIR_MODE_OWNER_GROUP\=YES
    export SET_FILE_MODE_OWNER_GROUP\=NO
    export SHALLOW_BUNDLE\=YES
    export SHALLOW_BUNDLE_TRIPLE\=ios-simulator
    export SHALLOW_BUNDLE_ios_macabi\=NO
    export SHALLOW_BUNDLE_macos\=NO
    export SHARED_DERIVED_FILE_DIR\=LOCAL_HOME/ace-private/mcx19b-implementation-20260914/action-copy-20260915/runs/20260914T194459Z-selected-ff65c583223e/build/Build/Products/Debug-iphonesimulator/DerivedSources
    export SHARED_FRAMEWORKS_FOLDER_PATH\=ACEClientApp.app/SharedFrameworks
    export SHARED_PRECOMPS_DIR\=LOCAL_HOME/ace-private/mcx19b-implementation-20260914/action-copy-20260915/runs/20260914T194459Z-selected-ff65c583223e/build/Build/Intermediates.noindex/PrecompiledHeaders
    export SHARED_SUPPORT_FOLDER_PATH\=ACEClientApp.app/SharedSupport
    export SKIP_INSTALL\=NO
    export SKIP_MERGEABLE_LIBRARY_BUNDLE_HOOK\=NO
    export SOURCE_ROOT\=LOCAL_HOME/Developer/sqe-platform-release-layout/ios/ACEClientApp
    export SRCROOT\=LOCAL_HOME/Developer/sqe-platform-release-layout/ios/ACEClientApp
    export STRINGSDATA_DIR\=LOCAL_HOME/ace-private/mcx19b-implementation-20260914/action-copy-20260915/runs/20260914T194459Z-selected-ff65c583223e/build/Build/Intermediates.noindex/ACEClientApp.build/Debug-iphonesimulator/ACEClientApp.build/Objects-normal/undefined_arch
    export STRINGSDATA_ROOT\=LOCAL_HOME/ace-private/mcx19b-implementation-20260914/action-copy-20260915/runs/20260914T194459Z-selected-ff65c583223e/build/Build/Intermediates.noindex/ACEClientApp.build/Debug-iphonesimulator/ACEClientApp.build
    export STRINGS_FILE_INFOPLIST_RENAME\=YES
    export STRINGS_FILE_OUTPUT_ENCODING\=binary
    export STRING_CATALOG_GENERATE_SYMBOLS\=NO
    export STRIP_BITCODE_FROM_COPIED_FILES\=NO
    export STRIP_INSTALLED_PRODUCT\=YES
    export STRIP_STYLE\=all
    export STRIP_SWIFT_SYMBOLS\=YES
    export SUPPORTED_DEVICE_FAMILIES\=1,2
    export SUPPORTED_PLATFORMS\=iphoneos\ iphonesimulator
    export SUPPORTS_MACCATALYST\=NO
    export SUPPORTS_ON_DEMAND_RESOURCES\=YES
    export SUPPORTS_TEXT_BASED_API\=NO
    export SUPPRESS_WARNINGS\=NO
    export SWIFT_ACTIVE_COMPILATION_CONDITIONS\=\ DEBUG
    export SWIFT_EMIT_CONST_VALUE_PROTOCOLS\=AnyResolverProviding\ AppEntity\ AppEnum\ AppExtension\ AppIntent\ AppIntentsPackage\ AppShortcutProviding\ AppShortcutsProvider\ AppUnionValue\ AppUnionValueCasesProviding\ DynamicOptionsProvider\ EntityQuery\ ExtensionPointDefining\ IntentValueQuery\ Resolver\ TransientEntity\ _AssistantIntentsProvider\ _GenerativeFunctionExtractable\ _IntentValueRepresentable
    export SWIFT_EMIT_LOC_STRINGS\=NO
    export SWIFT_ENABLE_EXPLICIT_MODULES\=YES
    export SWIFT_PLATFORM_TARGET_PREFIX\=ios
    export SWIFT_RESPONSE_FILE_PATH_normal_x86_64\=LOCAL_HOME/ace-private/mcx19b-implementation-20260914/action-copy-20260915/runs/20260914T194459Z-selected-ff65c583223e/build/Build/Intermediates.noindex/ACEClientApp.build/Debug-iphonesimulator/ACEClientApp.build/Objects-normal/x86_64/ACEClientApp.SwiftFileList
    export SWIFT_USE_INTEGRATED_DRIVER\=YES
    export SWIFT_VERSION\=6.0
    export SYMROOT\=LOCAL_HOME/ace-private/mcx19b-implementation-20260914/action-copy-20260915/runs/20260914T194459Z-selected-ff65c583223e/build/Build/Products
    export SYSTEM_ADMIN_APPS_DIR\=/Applications/Utilities
    export SYSTEM_APPS_DIR\=/Applications
    export SYSTEM_CORE_SERVICES_DIR\=/System/Library/CoreServices
    export SYSTEM_DEMOS_DIR\=/Applications/Extras
    export SYSTEM_DEVELOPER_APPS_DIR\=/Applications/Xcode.app/Contents/Developer/Applications
    export SYSTEM_DEVELOPER_BIN_DIR\=/Applications/Xcode.app/Contents/Developer/usr/bin
    export SYSTEM_DEVELOPER_DEMOS_DIR\=/Applications/Xcode.app/Contents/Developer/Applications/Utilities/Built\ Examples
    export SYSTEM_DEVELOPER_DIR\=/Applications/Xcode.app/Contents/Developer
    export SYSTEM_DEVELOPER_DOC_DIR\=/Applications/Xcode.app/Contents/Developer/ADC\ Reference\ Library
    export SYSTEM_DEVELOPER_GRAPHICS_TOOLS_DIR\=/Applications/Xcode.app/Contents/Developer/Applications/Graphics\ Tools
    export SYSTEM_DEVELOPER_JAVA_TOOLS_DIR\=/Applications/Xcode.app/Contents/Developer/Applications/Java\ Tools
    export SYSTEM_DEVELOPER_PERFORMANCE_TOOLS_DIR\=/Applications/Xcode.app/Contents/Developer/Applications/Performance\ Tools
    export SYSTEM_DEVELOPER_RELEASENOTES_DIR\=/Applications/Xcode.app/Contents/Developer/ADC\ Reference\ Library/releasenotes
    export SYSTEM_DEVELOPER_TOOLS\=/Applications/Xcode.app/Contents/Developer/Tools
    export SYSTEM_DEVELOPER_TOOLS_DOC_DIR\=/Applications/Xcode.app/Contents/Developer/ADC\ Reference\ Library/documentation/DeveloperTools
    export SYSTEM_DEVELOPER_TOOLS_RELEASENOTES_DIR\=/Applications/Xcode.app/Contents/Developer/ADC\ Reference\ Library/releasenotes/DeveloperTools
    export SYSTEM_DEVELOPER_USR_DIR\=/Applications/Xcode.app/Contents/Developer/usr
    export SYSTEM_DEVELOPER_UTILITIES_DIR\=/Applications/Xcode.app/Contents/Developer/Applications/Utilities
    export SYSTEM_DEXT_INSTALL_PATH\=/System/Library/DriverExtensions
    export SYSTEM_DOCUMENTATION_DIR\=/Library/Documentation
    export SYSTEM_EXTENSIONS_FOLDER_PATH\=ACEClientApp.app/SystemExtensions
    export SYSTEM_EXTENSIONS_FOLDER_PATH_SHALLOW_BUNDLE_NO\=ACEClientApp.app/Library/SystemExtensions
    export SYSTEM_EXTENSIONS_FOLDER_PATH_SHALLOW_BUNDLE_YES\=ACEClientApp.app/SystemExtensions
    export SYSTEM_KEXT_INSTALL_PATH\=/System/Library/Extensions
    export SYSTEM_LIBRARY_DIR\=/System/Library
    export TAPI_DEMANGLE\=YES
    export TAPI_ENABLE_PROJECT_HEADERS\=NO
    export TAPI_LANGUAGE\=objective-c
    export TAPI_LANGUAGE_STANDARD\=compiler-default
    export TAPI_USE_SRCROOT\=YES
    export TAPI_VERIFY_MODE\=Pedantic
    export TARGETED_DEVICE_FAMILY\=1
    export TARGETNAME\=ACEClientApp
    export TARGET_BUILD_DIR\=LOCAL_HOME/ace-private/mcx19b-implementation-20260914/action-copy-20260915/runs/20260914T194459Z-selected-ff65c583223e/build/Build/Products/Debug-iphonesimulator
    export TARGET_NAME\=ACEClientApp
    export TARGET_TEMP_DIR\=LOCAL_HOME/ace-private/mcx19b-implementation-20260914/action-copy-20260915/runs/20260914T194459Z-selected-ff65c583223e/build/Build/Intermediates.noindex/ACEClientApp.build/Debug-iphonesimulator/ACEClientApp.build
    export TEMP_DIR\=LOCAL_HOME/ace-private/mcx19b-implementation-20260914/action-copy-20260915/runs/20260914T194459Z-selected-ff65c583223e/build/Build/Intermediates.noindex/ACEClientApp.build/Debug-iphonesimulator/ACEClientApp.build
    export TEMP_FILES_DIR\=LOCAL_HOME/ace-private/mcx19b-implementation-20260914/action-copy-20260915/runs/20260914T194459Z-selected-ff65c583223e/build/Build/Intermediates.noindex/ACEClientApp.build/Debug-iphonesimulator/ACEClientApp.build
    export TEMP_FILE_DIR\=LOCAL_HOME/ace-private/mcx19b-implementation-20260914/action-copy-20260915/runs/20260914T194459Z-selected-ff65c583223e/build/Build/Intermediates.noindex/ACEClientApp.build/Debug-iphonesimulator/ACEClientApp.build
    export TEMP_ROOT\=LOCAL_HOME/ace-private/mcx19b-implementation-20260914/action-copy-20260915/runs/20260914T194459Z-selected-ff65c583223e/build/Build/Intermediates.noindex
    export TEMP_SANDBOX_DIR\=LOCAL_HOME/ace-private/mcx19b-implementation-20260914/action-copy-20260915/runs/20260914T194459Z-selected-ff65c583223e/build/Build/Intermediates.noindex/TemporaryTaskSandboxes
    export TEST_FRAMEWORK_SEARCH_PATHS\=\ /Applications/Xcode.app/Contents/Developer/Platforms/iPhoneSimulator.platform/Developer/Library/Frameworks\ /Applications/Xcode.app/Contents/Developer/Platforms/iPhoneSimulator.platform/Developer/SDKs/iPhoneSimulator26.4.sdk/Developer/Library/Frameworks
    export TEST_LIBRARY_SEARCH_PATHS\=\ /Applications/Xcode.app/Contents/Developer/Platforms/iPhoneSimulator.platform/Developer/usr/lib
    export TOOLCHAINS\=com.apple.dt.toolchain.XcodeDefault
    export TOOLCHAIN_DIR\=/Applications/Xcode.app/Contents/Developer/Toolchains/XcodeDefault.xctoolchain
    export TREAT_MISSING_BASELINES_AS_TEST_FAILURES\=NO
    export TREAT_MISSING_SCRIPT_PHASE_OUTPUTS_AS_ERRORS\=NO
    export UID\=502
    export UNINSTALLED_PRODUCTS_DIR\=LOCAL_HOME/ace-private/mcx19b-implementation-20260914/action-copy-20260915/runs/20260914T194459Z-selected-ff65c583223e/build/Build/Intermediates.noindex/UninstalledProducts
    export UNLOCALIZED_RESOURCES_FOLDER_PATH\=ACEClientApp.app
    export UNLOCALIZED_RESOURCES_FOLDER_PATH_SHALLOW_BUNDLE_NO\=ACEClientApp.app/Resources
    export UNLOCALIZED_RESOURCES_FOLDER_PATH_SHALLOW_BUNDLE_YES\=ACEClientApp.app
    export UNSTRIPPED_PRODUCT\=NO
    export USER\=alanrichardson
    export USER_APPS_DIR\=LOCAL_HOME/Applications
    export USER_LIBRARY_DIR\=LOCAL_HOME/Library
    export USE_DYNAMIC_NO_PIC\=YES
    export USE_HEADERMAP\=YES
    export USE_HEADER_SYMLINKS\=NO
    export VALIDATE_DEVELOPMENT_ASSET_PATHS\=YES_ERROR
    export VALIDATE_PRODUCT\=NO
    export VALID_ARCHS\=arm64\ x86_64
    export VERBOSE_PBXCP\=NO
    export VERSIONPLIST_PATH\=ACEClientApp.app/version.plist
    export VERSION_INFO_BUILDER\=alanrichardson
    export VERSION_INFO_FILE\=ACEClientApp_vers.c
    export VERSION_INFO_STRING\=\"@\(\#\)PROGRAM:ACEClientApp\ \ PROJECT:ACEClientApp-\"
    export WORKSPACE_DIR\=LOCAL_HOME/Developer/sqe-platform-release-layout/ios/ACEClientApp/ACEClientApp.xcodeproj
    export WRAPPER_EXTENSION\=app
    export WRAPPER_NAME\=ACEClientApp.app
    export WRAPPER_SUFFIX\=.app
    export WRAP_ASSET_PACKS_IN_SEPARATE_DIRECTORIES\=NO
    export XCODE_APP_SUPPORT_DIR\=/Applications/Xcode.app/Contents/Developer/Library/Xcode
    export XCODE_PRODUCT_BUILD_VERSION\=17E202
    export XCODE_VERSION_ACTUAL\=2641
    export XCODE_VERSION_MAJOR\=2600
    export XCODE_VERSION_MINOR\=2640
    export XPCSERVICES_FOLDER_PATH\=ACEClientApp.app/XPCServices
    export YACC\=yacc
    export _DISCOVER_COMMAND_LINE_LINKER_INPUTS\=YES
    export _DISCOVER_COMMAND_LINE_LINKER_INPUTS_INCLUDE_WL\=YES
    export _LD_MULTIARCH\=YES
    export _WRAPPER_CONTENTS_DIR_SHALLOW_BUNDLE_NO\=/Contents
    export _WRAPPER_PARENT_PATH_SHALLOW_BUNDLE_NO\=/..
    export _WRAPPER_RESOURCES_DIR_SHALLOW_BUNDLE_NO\=/Resources
    export __DIAGNOSE_DEPRECATED_ARCHS\=YES
    export __IS_NOT_MACOS\=YES
    export __IS_NOT_MACOS_macosx\=NO
    export __IS_NOT_SIMULATOR\=NO
    export __IS_NOT_SIMULATOR_simulator\=NO
    export __ORIGINAL_SDK_DEFINED_LLVM_TARGET_TRIPLE_SYS\=ios
    export arch\=undefined_arch
    export variant\=normal
    /bin/sh -c LOCAL_HOME/ace-private/mcx19b-implementation-20260914/action-copy-20260915/runs/20260914T194459Z-selected-ff65c583223e/build/Build/Intermediates.noindex/ACEClientApp.build/Debug-iphonesimulator/ACEClientApp.build/Script-F1A2B3C4D5E6F70809101701.sh

ProcessInfoPlistFile LOCAL_HOME/ace-private/mcx19b-implementation-20260914/action-copy-20260915/runs/20260914T194459Z-selected-ff65c583223e/build/Build/Products/Debug-iphonesimulator/ACEClientApp.app/Info.plist LOCAL_HOME/Developer/sqe-platform-release-layout/ios/ACEClientApp/ACEClientApp/Info.plist (in target 'ACEClientApp' from project 'ACEClientApp')
    cd LOCAL_HOME/Developer/sqe-platform-release-layout/ios/ACEClientApp
    builtin-infoPlistUtility LOCAL_HOME/Developer/sqe-platform-release-layout/ios/ACEClientApp/ACEClientApp/Info.plist -producttype com.apple.product-type.application -genpkginfo LOCAL_HOME/ace-private/mcx19b-implementation-20260914/action-copy-20260915/runs/20260914T194459Z-selected-ff65c583223e/build/Build/Products/Debug-iphonesimulator/ACEClientApp.app/PkgInfo -expandbuildsettings -format binary -platform iphonesimulator -o LOCAL_HOME/ace-private/mcx19b-implementation-20260914/action-copy-20260915/runs/20260914T194459Z-selected-ff65c583223e/build/Build/Products/Debug-iphonesimulator/ACEClientApp.app/Info.plist

SwiftDriver ACEClientAppTests normal x86_64 com.apple.xcode.tools.swift.compiler (in target 'ACEClientAppTests' from project 'ACEClientApp')
    cd LOCAL_HOME/Developer/sqe-platform-release-layout/ios/ACEClientApp
    builtin-SwiftDriver -- /Applications/Xcode.app/Contents/Developer/Toolchains/XcodeDefault.xctoolchain/usr/bin/swiftc -module-name ACEClientAppTests -O @LOCAL_HOME/ace-private/mcx19b-implementation-20260914/action-copy-20260915/runs/20260914T194459Z-selected-ff65c583223e/build/Build/Intermediates.noindex/ACEClientApp.build/Debug-iphonesimulator/ACEClientAppTests.build/Objects-normal/x86_64/ACEClientAppTests.SwiftFileList -plugin-path /Applications/Xcode.app/Contents/Developer/Toolchains/XcodeDefault.xctoolchain/usr/lib/swift/host/plugins/testing -enable-experimental-feature DebugDescriptionMacro -sdk /Applications/Xcode.app/Contents/Developer/Platforms/iPhoneSimulator.platform/Developer/SDKs/iPhoneSimulator26.4.sdk -target x86_64-apple-ios26.0-simulator -g -module-cache-path LOCAL_HOME/ace-private/mcx19b-implementation-20260914/action-copy-20260915/runs/20260914T194459Z-selected-ff65c583223e/build/ModuleCache.noindex -Xfrontend -serialize-debugging-options -swift-version 6 -I LOCAL_HOME/ace-private/mcx19b-implementation-20260914/action-copy-20260915/runs/20260914T194459Z-selected-ff65c583223e/build/Build/Products/Debug-iphonesimulator -Isystem /Applications/Xcode.app/Contents/Developer/Platforms/iPhoneSimulator.platform/Developer/usr/lib -F LOCAL_HOME/ace-private/mcx19b-implementation-20260914/action-copy-20260915/runs/20260914T194459Z-selected-ff65c583223e/build/Build/Products/Debug-iphonesimulator -F /Applications/Xcode.app/Contents/Developer/Platforms/iPhoneSimulator.platform/Developer/Library/Frameworks -F /Applications/Xcode.app/Contents/Developer/Platforms/iPhoneSimulator.platform/Developer/SDKs/iPhoneSimulator26.4.sdk/Developer/Library/Frameworks -c -j16 -enable-batch-mode -incremental -output-file-map LOCAL_HOME/ace-private/mcx19b-implementation-20260914/action-copy-20260915/runs/20260914T194459Z-selected-ff65c583223e/build/Build/Intermediates.noindex/ACEClientApp.build/Debug-iphonesimulator/ACEClientAppTests.build/Objects-normal/x86_64/ACEClientAppTests-OutputFileMap.json -use-frontend-parseable-output -save-temps -no-color-diagnostics -explicit-module-build -module-cache-path LOCAL_HOME/ace-private/mcx19b-implementation-20260914/action-copy-20260915/runs/20260914T194459Z-selected-ff65c583223e/build/Build/Intermediates.noindex/SwiftExplicitPrecompiledModules -clang-scanner-module-cache-path LOCAL_HOME/ace-private/mcx19b-implementation-20260914/action-copy-20260915/runs/20260914T194459Z-selected-ff65c583223e/build/ModuleCache.noindex -sdk-module-cache-path LOCAL_HOME/ace-private/mcx19b-implementation-20260914/action-copy-20260915/runs/20260914T194459Z-selected-ff65c583223e/build/ModuleCache.noindex -cache-compile-job -cas-path LOCAL_HOME/ace-private/mcx19b-implementation-20260914/action-copy-20260915/runs/20260914T194459Z-selected-ff65c583223e/build/CompilationCache.noindex/builtin -serialize-diagnostics -emit-dependencies -emit-module -emit-module-path LOCAL_HOME/ace-private/mcx19b-implementation-20260914/action-copy-20260915/runs/20260914T194459Z-selected-ff65c583223e/build/Build/Intermediates.noindex/ACEClientApp.build/Debug-iphonesimulator/ACEClientAppTests.build/Objects-normal/x86_64/ACEClientAppTests.swiftmodule -validate-clang-modules-once -clang-build-session-file LOCAL_HOME/ace-private/mcx19b-implementation-20260914/action-copy-20260915/runs/20260914T194459Z-selected-ff65c583223e/build/ModuleCache.noindex/Session.modulevalidation -Xcc -ILOCAL_HOME/ace-private/mcx19b-implementation-20260914/action-copy-20260915/runs/20260914T194459Z-selected-ff65c583223e/build/Build/Intermediates.noindex/ACEClientApp.build/Debug-iphonesimulator/ACEClientAppTests.build/swift-overrides.hmap -emit-const-values -Xfrontend -const-gather-protocols-file -Xfrontend LOCAL_HOME/ace-private/mcx19b-implementation-20260914/action-copy-20260915/runs/20260914T194459Z-selected-ff65c583223e/build/Build/Intermediates.noindex/ACEClientApp.build/Debug-iphonesimulator/ACEClientAppTests.build/Objects-normal/x86_64/ACEClientAppTests_const_extract_protocols.json -Xcc -iquote -Xcc LOCAL_HOME/ace-private/mcx19b-implementation-20260914/action-copy-20260915/runs/20260914T194459Z-selected-ff65c583223e/build/Build/Intermediates.noindex/ACEClientApp.build/Debug-iphonesimulator/ACEClientAppTests.build/ACEClientAppTests-generated-files.hmap -Xcc -ILOCAL_HOME/ace-private/mcx19b-implementation-20260914/action-copy-20260915/runs/20260914T194459Z-selected-ff65c583223e/build/Build/Intermediates.noindex/ACEClientApp.build/Debug-iphonesimulator/ACEClientAppTests.build/ACEClientAppTests-own-target-headers.hmap -Xcc -ILOCAL_HOME/ace-private/mcx19b-implementation-20260914/action-copy-20260915/runs/20260914T194459Z-selected-ff65c583223e/build/Build/Intermediates.noindex/ACEClientApp.build/Debug-iphonesimulator/ACEClientAppTests.build/ACEClientAppTests-all-target-headers.hmap -Xcc -iquote -Xcc LOCAL_HOME/ace-private/mcx19b-implementation-20260914/action-copy-20260915/runs/20260914T194459Z-selected-ff65c583223e/build/Build/Intermediates.noindex/ACEClientApp.build/Debug-iphonesimulator/ACEClientAppTests.build/ACEClientAppTests-project-headers.hmap -Xcc -ILOCAL_HOME/ace-private/mcx19b-implementation-20260914/action-copy-20260915/runs/20260914T194459Z-selected-ff65c583223e/build/Build/Products/Debug-iphonesimulator/include -Xcc -ILOCAL_HOME/ace-private/mcx19b-implementation-20260914/action-copy-20260915/runs/20260914T194459Z-selected-ff65c583223e/build/Build/Intermediates.noindex/ACEClientApp.build/Debug-iphonesimulator/ACEClientAppTests.build/DerivedSources-normal/x86_64 -Xcc -ILOCAL_HOME/ace-private/mcx19b-implementation-20260914/action-copy-20260915/runs/20260914T194459Z-selected-ff65c583223e/build/Build/Intermediates.noindex/ACEClientApp.build/Debug-iphonesimulator/ACEClientAppTests.build/DerivedSources/x86_64 -Xcc -ILOCAL_HOME/ace-private/mcx19b-implementation-20260914/action-copy-20260915/runs/20260914T194459Z-selected-ff65c583223e/build/Build/Intermediates.noindex/ACEClientApp.build/Debug-iphonesimulator/ACEClientAppTests.build/DerivedSources -emit-objc-header -emit-objc-header-path LOCAL_HOME/ace-private/mcx19b-implementation-20260914/action-copy-20260915/runs/20260914T194459Z-selected-ff65c583223e/build/Build/Intermediates.noindex/ACEClientApp.build/Debug-iphonesimulator/ACEClientAppTests.build/Objects-normal/x86_64/ACEClientAppTests-Swift.h -working-directory LOCAL_HOME/Developer/sqe-platform-release-layout/ios/ACEClientApp -experimental-emit-module-separately -disable-cmo

SwiftDriver ACEClientApp normal x86_64 com.apple.xcode.tools.swift.compiler (in target 'ACEClientApp' from project 'ACEClientApp')
    cd LOCAL_HOME/Developer/sqe-platform-release-layout/ios/ACEClientApp
    builtin-SwiftDriver -- /Applications/Xcode.app/Contents/Developer/Toolchains/XcodeDefault.xctoolchain/usr/bin/swiftc -module-name ACEClientApp -O @LOCAL_HOME/ace-private/mcx19b-implementation-20260914/action-copy-20260915/runs/20260914T194459Z-selected-ff65c583223e/build/Build/Intermediates.noindex/ACEClientApp.build/Debug-iphonesimulator/ACEClientApp.build/Objects-normal/x86_64/ACEClientApp.SwiftFileList -DDEBUG -enable-experimental-feature DebugDescriptionMacro -sdk /Applications/Xcode.app/Contents/Developer/Platforms/iPhoneSimulator.platform/Developer/SDKs/iPhoneSimulator26.4.sdk -target x86_64-apple-ios26.0-simulator -g -module-cache-path LOCAL_HOME/ace-private/mcx19b-implementation-20260914/action-copy-20260915/runs/20260914T194459Z-selected-ff65c583223e/build/ModuleCache.noindex -Xfrontend -serialize-debugging-options -swift-version 6 -I LOCAL_HOME/ace-private/mcx19b-implementation-20260914/action-copy-20260915/runs/20260914T194459Z-selected-ff65c583223e/build/Build/Products/Debug-iphonesimulator -F LOCAL_HOME/ace-private/mcx19b-implementation-20260914/action-copy-20260915/runs/20260914T194459Z-selected-ff65c583223e/build/Build/Products/Debug-iphonesimulator -c -j16 -enable-batch-mode -incremental -output-file-map LOCAL_HOME/ace-private/mcx19b-implementation-20260914/action-copy-20260915/runs/20260914T194459Z-selected-ff65c583223e/build/Build/Intermediates.noindex/ACEClientApp.build/Debug-iphonesimulator/ACEClientApp.build/Objects-normal/x86_64/ACEClientApp-OutputFileMap.json -use-frontend-parseable-output -save-temps -no-color-diagnostics -explicit-module-build -module-cache-path LOCAL_HOME/ace-private/mcx19b-implementation-20260914/action-copy-20260915/runs/20260914T194459Z-selected-ff65c583223e/build/Build/Intermediates.noindex/SwiftExplicitPrecompiledModules -clang-scanner-module-cache-path LOCAL_HOME/ace-private/mcx19b-implementation-20260914/action-copy-20260915/runs/20260914T194459Z-selected-ff65c583223e/build/ModuleCache.noindex -sdk-module-cache-path LOCAL_HOME/ace-private/mcx19b-implementation-20260914/action-copy-20260915/runs/20260914T194459Z-selected-ff65c583223e/build/ModuleCache.noindex -cache-compile-job -cas-path LOCAL_HOME/ace-private/mcx19b-implementation-20260914/action-copy-20260915/runs/20260914T194459Z-selected-ff65c583223e/build/CompilationCache.noindex/builtin -serialize-diagnostics -emit-dependencies -emit-module -emit-module-path LOCAL_HOME/ace-private/mcx19b-implementation-20260914/action-copy-20260915/runs/20260914T194459Z-selected-ff65c583223e/build/Build/Intermediates.noindex/ACEClientApp.build/Debug-iphonesimulator/ACEClientApp.build/Objects-normal/x86_64/ACEClientApp.swiftmodule -validate-clang-modules-once -clang-build-session-file LOCAL_HOME/ace-private/mcx19b-implementation-20260914/action-copy-20260915/runs/20260914T194459Z-selected-ff65c583223e/build/ModuleCache.noindex/Session.modulevalidation -Xcc -ILOCAL_HOME/ace-private/mcx19b-implementation-20260914/action-copy-20260915/runs/20260914T194459Z-selected-ff65c583223e/build/Build/Intermediates.noindex/ACEClientApp.build/Debug-iphonesimulator/ACEClientApp.build/swift-overrides.hmap -emit-const-values -Xfrontend -const-gather-protocols-file -Xfrontend LOCAL_HOME/ace-private/mcx19b-implementation-20260914/action-copy-20260915/runs/20260914T194459Z-selected-ff65c583223e/build/Build/Intermediates.noindex/ACEClientApp.build/Debug-iphonesimulator/ACEClientApp.build/Objects-normal/x86_64/ACEClientApp_const_extract_protocols.json -Xcc -iquote -Xcc LOCAL_HOME/ace-private/mcx19b-implementation-20260914/action-copy-20260915/runs/20260914T194459Z-selected-ff65c583223e/build/Build/Intermediates.noindex/ACEClientApp.build/Debug-iphonesimulator/ACEClientApp.build/ACEClientApp-generated-files.hmap -Xcc -ILOCAL_HOME/ace-private/mcx19b-implementation-20260914/action-copy-20260915/runs/20260914T194459Z-selected-ff65c583223e/build/Build/Intermediates.noindex/ACEClientApp.build/Debug-iphonesimulator/ACEClientApp.build/ACEClientApp-own-target-headers.hmap -Xcc -ILOCAL_HOME/ace-private/mcx19b-implementation-20260914/action-copy-20260915/runs/20260914T194459Z-selected-ff65c583223e/build/Build/Intermediates.noindex/ACEClientApp.build/Debug-iphonesimulator/ACEClientApp.build/ACEClientApp-all-target-headers.hmap -Xcc -iquote -Xcc LOCAL_HOME/ace-private/mcx19b-implementation-20260914/action-copy-20260915/runs/20260914T194459Z-selected-ff65c583223e/build/Build/Intermediates.noindex/ACEClientApp.build/Debug-iphonesimulator/ACEClientApp.build/ACEClientApp-project-headers.hmap -Xcc -ILOCAL_HOME/ace-private/mcx19b-implementation-20260914/action-copy-20260915/runs/20260914T194459Z-selected-ff65c583223e/build/Build/Products/Debug-iphonesimulator/include -Xcc -ILOCAL_HOME/ace-private/mcx19b-implementation-20260914/action-copy-20260915/runs/20260914T194459Z-selected-ff65c583223e/build/Build/Intermediates.noindex/ACEClientApp.build/Debug-iphonesimulator/ACEClientApp.build/DerivedSources-normal/x86_64 -Xcc -ILOCAL_HOME/ace-private/mcx19b-implementation-20260914/action-copy-20260915/runs/20260914T194459Z-selected-ff65c583223e/build/Build/Intermediates.noindex/ACEClientApp.build/Debug-iphonesimulator/ACEClientApp.build/DerivedSources/x86_64 -Xcc -ILOCAL_HOME/ace-private/mcx19b-implementation-20260914/action-copy-20260915/runs/20260914T194459Z-selected-ff65c583223e/build/Build/Intermediates.noindex/ACEClientApp.build/Debug-iphonesimulator/ACEClientApp.build/DerivedSources -emit-objc-header -emit-objc-header-path LOCAL_HOME/ace-private/mcx19b-implementation-20260914/action-copy-20260915/runs/20260914T194459Z-selected-ff65c583223e/build/Build/Intermediates.noindex/ACEClientApp.build/Debug-iphonesimulator/ACEClientApp.build/Objects-normal/x86_64/ACEClientApp-Swift.h -working-directory LOCAL_HOME/Developer/sqe-platform-release-layout/ios/ACEClientApp -experimental-emit-module-separately -disable-cmo

SwiftExplicitDependencyGeneratePcm x86_64 LOCAL_HOME/ace-private/mcx19b-implementation-20260914/action-copy-20260915/runs/20260914T194459Z-selected-ff65c583223e/build/ModuleCache.noindex/DeveloperToolsSupport-2NNYVJLPAUVC45XD2HRNQK1K8.pcm
Cache miss

SwiftExplicitDependencyGeneratePcm x86_64 LOCAL_HOME/ace-private/mcx19b-implementation-20260914/action-copy-20260915/runs/20260914T194459Z-selected-ff65c583223e/build/ModuleCache.noindex/_Builtin_stdbool-34M7ILLB9X790E6O35RF0GUG6.pcm
Cache miss

SwiftExplicitDependencyGeneratePcm x86_64 LOCAL_HOME/ace-private/mcx19b-implementation-20260914/action-copy-20260915/runs/20260914T194459Z-selected-ff65c583223e/build/ModuleCache.noindex/_AvailabilityInternal-6DO2VTIQYL69HT6W43VFJXZT9.pcm
Cache miss

SwiftExplicitDependencyGeneratePcm x86_64 LOCAL_HOME/ace-private/mcx19b-implementation-20260914/action-copy-20260915/runs/20260914T194459Z-selected-ff65c583223e/build/ModuleCache.noindex/_Builtin_stdarg-AMBITY29UBF4LMP2XQSAAADKX.pcm
Cache miss

SwiftExplicitDependencyGeneratePcm x86_64 LOCAL_HOME/ace-private/mcx19b-implementation-20260914/action-copy-20260915/runs/20260914T194459Z-selected-ff65c583223e/build/ModuleCache.noindex/SwiftShims-ESP7HT63RWCPNUN1S10X6BYD4.pcm
Cache miss

SwiftExplicitDependencyGeneratePcm x86_64 LOCAL_HOME/ace-private/mcx19b-implementation-20260914/action-copy-20260915/runs/20260914T194459Z-selected-ff65c583223e/build/ModuleCache.noindex/_SwiftConcurrencyShims-4MAOYOJ4C7MIIPVQ7IIC73HLS.pcm
Cache miss

SwiftExplicitDependencyGeneratePcm x86_64 LOCAL_HOME/ace-private/mcx19b-implementation-20260914/action-copy-20260915/runs/20260914T194459Z-selected-ff65c583223e/build/ModuleCache.noindex/_Builtin_stddef-3R8CT1PZY6DJVD29BCEESREL3.pcm
Cache miss

SwiftExplicitDependencyGeneratePcm x86_64 LOCAL_HOME/ace-private/mcx19b-implementation-20260914/action-copy-20260915/runs/20260914T194459Z-selected-ff65c583223e/build/ModuleCache.noindex/ptrcheck-14QLQ8ES878P43PLFMIQ79J6G.pcm
Cache miss

SwiftExplicitDependencyGeneratePcm x86_64 LOCAL_HOME/ace-private/mcx19b-implementation-20260914/action-copy-20260915/runs/20260914T194459Z-selected-ff65c583223e/build/ModuleCache.noindex/_Builtin_float-DA8VCT3O6TWJ3AUTHPJJQ839S.pcm
Cache miss

SwiftExplicitDependencyGeneratePcm x86_64 LOCAL_HOME/ace-private/mcx19b-implementation-20260914/action-copy-20260915/runs/20260914T194459Z-selected-ff65c583223e/build/ModuleCache.noindex/ptrauth-EQZ8KUL2253NI0F1X6FN2RZIB.pcm
Cache miss

SwiftCachingPruneData LOCAL_HOME/ace-private/mcx19b-implementation-20260914/action-copy-20260915/runs/20260914T194459Z-selected-ff65c583223e/build/CompilationCache.noindex/builtin /Applications/Xcode.app/Contents/Developer/Toolchains/XcodeDefault.xctoolchain/usr/bin/swiftc

SwiftExplicitDependencyGeneratePcm x86_64 LOCAL_HOME/ace-private/mcx19b-implementation-20260914/action-copy-20260915/runs/20260914T194459Z-selected-ff65c583223e/build/ModuleCache.noindex/_DarwinFoundation1-BQGU72GQLCJ3QMYA7L7EPZSIZ.pcm
Cache miss

SwiftExplicitDependencyGeneratePcm x86_64 LOCAL_HOME/ace-private/mcx19b-implementation-20260914/action-copy-20260915/runs/20260914T194459Z-selected-ff65c583223e/build/ModuleCache.noindex/_Builtin_limits-DEYKAJBP675YES6KO30HLHSRY.pcm
Cache miss

SwiftExplicitDependencyGeneratePcm x86_64 LOCAL_HOME/ace-private/mcx19b-implementation-20260914/action-copy-20260915/runs/20260914T194459Z-selected-ff65c583223e/build/ModuleCache.noindex/_DarwinFoundation2-ENGD66W8V3MXFPV8TZX3F69SG.pcm
Cache miss

SwiftExplicitDependencyGeneratePcm x86_64 LOCAL_HOME/ace-private/mcx19b-implementation-20260914/action-copy-20260915/runs/20260914T194459Z-selected-ff65c583223e/build/ModuleCache.noindex/_Builtin_stdint-6R6JTGCHBKP6AHDPYND9ERDO7.pcm
Cache miss

SwiftExplicitDependencyGeneratePcm x86_64 LOCAL_HOME/ace-private/mcx19b-implementation-20260914/action-copy-20260915/runs/20260914T194459Z-selected-ff65c583223e/build/ModuleCache.noindex/sys_types-B7XWFSDQU3OL660RYTB12131I.pcm
Cache miss

SwiftExplicitDependencyGeneratePcm x86_64 LOCAL_HOME/ace-private/mcx19b-implementation-20260914/action-copy-20260915/runs/20260914T194459Z-selected-ff65c583223e/build/ModuleCache.noindex/_Builtin_tgmath-B1GNBMA4L23QBUZAG3JUOSSF0.pcm
Cache miss

SwiftExplicitDependencyGeneratePcm x86_64 LOCAL_HOME/ace-private/mcx19b-implementation-20260914/action-copy-20260915/runs/20260914T194459Z-selected-ff65c583223e/build/ModuleCache.noindex/_DarwinFoundation3-ERE2TKMB5Q70KDJ30ZXUN6CK2.pcm
Cache miss

SwiftExplicitDependencyGeneratePcm x86_64 LOCAL_HOME/ace-private/mcx19b-implementation-20260914/action-copy-20260915/runs/20260914T194459Z-selected-ff65c583223e/build/ModuleCache.noindex/_Builtin_stdatomic-5U2MUQZJOQC07O3HRFQJVI94A.pcm
Cache miss

SwiftExplicitDependencyGeneratePcm x86_64 LOCAL_HOME/ace-private/mcx19b-implementation-20260914/action-copy-20260915/runs/20260914T194459Z-selected-ff65c583223e/build/ModuleCache.noindex/_Builtin_intrinsics-CA2HR0YJMUYVVK8PKBTC6FF23.pcm
Cache miss

SwiftExplicitDependencyGeneratePcm x86_64 LOCAL_HOME/ace-private/mcx19b-implementation-20260914/action-copy-20260915/runs/20260914T194459Z-selected-ff65c583223e/build/ModuleCache.noindex/_Builtin_inttypes-7C1UK1I1U2MEVZ7PZB33EXB3T.pcm
Cache miss

SwiftExplicitDependencyGeneratePcm x86_64 LOCAL_HOME/ace-private/mcx19b-implementation-20260914/action-copy-20260915/runs/20260914T194459Z-selected-ff65c583223e/build/ModuleCache.noindex/Darwin-6DLWCT0U2AIZBTFDQ58LXGKFP.pcm
Cache miss

SwiftExplicitDependencyGeneratePcm x86_64 LOCAL_HOME/ace-private/mcx19b-implementation-20260914/action-copy-20260915/runs/20260914T194459Z-selected-ff65c583223e/build/ModuleCache.noindex/MachO-CTLDVD7WVGD0RTMPVNH6G3JHJ.pcm
Cache miss

SwiftExplicitDependencyGeneratePcm x86_64 LOCAL_HOME/ace-private/mcx19b-implementation-20260914/action-copy-20260915/runs/20260914T194459Z-selected-ff65c583223e/build/ModuleCache.noindex/ObjectiveC-142SV3LHHOFU8K4ZRXB2RZ2T1.pcm
Cache miss

SwiftExplicitDependencyGeneratePcm x86_64 LOCAL_HOME/ace-private/mcx19b-implementation-20260914/action-copy-20260915/runs/20260914T194459Z-selected-ff65c583223e/build/ModuleCache.noindex/os_object-8060WUA6ET9DWBLQI2MTZSQF8.pcm
Cache miss

SwiftExplicitDependencyGeneratePcm x86_64 LOCAL_HOME/ace-private/mcx19b-implementation-20260914/action-copy-20260915/runs/20260914T194459Z-selected-ff65c583223e/build/ModuleCache.noindex/os_workgroup-BNERQRE1K9FXWL9AN9Z7HXS0C.pcm
Cache miss

SwiftExplicitDependencyGeneratePcm x86_64 LOCAL_HOME/ace-private/mcx19b-implementation-20260914/action-copy-20260915/runs/20260914T194459Z-selected-ff65c583223e/build/ModuleCache.noindex/Dispatch-4E8PSO6EHHE2O106ZSCUXT05M.pcm
Cache miss

SwiftExplicitDependencyGeneratePcm x86_64 LOCAL_HOME/ace-private/mcx19b-implementation-20260914/action-copy-20260915/runs/20260914T194459Z-selected-ff65c583223e/build/ModuleCache.noindex/simd-B3X0DOXSPJKFZ6ZPV23J8JFRC.pcm
Cache miss

SwiftExplicitDependencyGeneratePcm x86_64 LOCAL_HOME/ace-private/mcx19b-implementation-20260914/action-copy-20260915/runs/20260914T194459Z-selected-ff65c583223e/build/ModuleCache.noindex/CoreFoundation-A4GPEKMCX4Y0HYMX8H9R5P9D.pcm
Cache miss

SwiftExplicitDependencyGeneratePcm x86_64 LOCAL_HOME/ace-private/mcx19b-implementation-20260914/action-copy-20260915/runs/20260914T194459Z-selected-ff65c583223e/build/ModuleCache.noindex/XPC-DQW8NY9EOINW58OI1CB99ZXK8.pcm
Cache miss

SwiftExplicitDependencyGeneratePcm x86_64 LOCAL_HOME/ace-private/mcx19b-implementation-20260914/action-copy-20260915/runs/20260914T194459Z-selected-ff65c583223e/build/ModuleCache.noindex/os-AB1OSBO3XR1NMBSGVYGBN23SG.pcm
Cache miss

SwiftExplicitDependencyGeneratePcm x86_64 LOCAL_HOME/ace-private/mcx19b-implementation-20260914/action-copy-20260915/runs/20260914T194459Z-selected-ff65c583223e/build/ModuleCache.noindex/CoreGraphics-8AOX4K0G2ENQEZAMRM7B49DN6.pcm
Cache miss

SwiftExplicitDependencyGeneratePcm x86_64 LOCAL_HOME/ace-private/mcx19b-implementation-20260914/action-copy-20260915/runs/20260914T194459Z-selected-ff65c583223e/build/ModuleCache.noindex/Security-7TU48FPKZ8T34HEVLPHX3JV56.pcm
Cache miss

SwiftExplicitDependencyGeneratePcm x86_64 LOCAL_HOME/ace-private/mcx19b-implementation-20260914/action-copy-20260915/runs/20260914T194459Z-selected-ff65c583223e/build/ModuleCache.noindex/CFNetwork-7DA7X6FE1WYEUO18O22HH0JFR.pcm
Cache miss

SwiftExplicitDependencyGeneratePcm x86_64 LOCAL_HOME/ace-private/mcx19b-implementation-20260914/action-copy-20260915/runs/20260914T194459Z-selected-ff65c583223e/build/ModuleCache.noindex/Foundation-BYRKDUC09CX6R0ZQU8PW9M5G6.pcm
Cache miss

SwiftExplicitDependencyGeneratePcm x86_64 LOCAL_HOME/ace-private/mcx19b-implementation-20260914/action-copy-20260915/runs/20260914T194459Z-selected-ff65c583223e/build/ModuleCache.noindex/ImageIO-8WB63I76DJPMGH5ZOZ2IFUYC5.pcm
Cache miss

SwiftExplicitDependencyGeneratePcm x86_64 LOCAL_HOME/ace-private/mcx19b-implementation-20260914/action-copy-20260915/runs/20260914T194459Z-selected-ff65c583223e/build/ModuleCache.noindex/CoreText-EM5K5C4U9YW2Q2FRLURDM0VVD.pcm
Cache miss

SwiftExplicitDependencyGeneratePcm x86_64 LOCAL_HOME/ace-private/mcx19b-implementation-20260914/action-copy-20260915/runs/20260914T194459Z-selected-ff65c583223e/build/ModuleCache.noindex/Spatial-9N7T4ZEBA7MANC3P7YKO3RSWA.pcm
Cache miss

SwiftExplicitDependencyGeneratePcm x86_64 LOCAL_HOME/ace-private/mcx19b-implementation-20260914/action-copy-20260915/runs/20260914T194459Z-selected-ff65c583223e/build/ModuleCache.noindex/UniformTypeIdentifiers-55ESA9CTBOZHT6J4K6E3POLZG.pcm
Cache miss

SwiftExplicitDependencyGeneratePcm x86_64 LOCAL_HOME/ace-private/mcx19b-implementation-20260914/action-copy-20260915/runs/20260914T194459Z-selected-ff65c583223e/build/ModuleCache.noindex/FileProvider-BTQP5R7G9JB03MLQPT1GQ2Y71.pcm
Cache miss

SwiftExplicitDependencyGeneratePcm x86_64 LOCAL_HOME/ace-private/mcx19b-implementation-20260914/action-copy-20260915/runs/20260914T194459Z-selected-ff65c583223e/build/ModuleCache.noindex/LocalAuthentication-B68FUHEY0P4L2GA8BSGMKIY0B.pcm
Cache miss

SwiftExplicitDependencyGeneratePcm x86_64 LOCAL_HOME/ace-private/mcx19b-implementation-20260914/action-copy-20260915/runs/20260914T194459Z-selected-ff65c583223e/build/ModuleCache.noindex/Symbols-9Y70BY1DL4GDZT689S6VRZJ8A.pcm
Cache miss

SwiftExplicitDependencyGeneratePcm x86_64 LOCAL_HOME/ace-private/mcx19b-implementation-20260914/action-copy-20260915/runs/20260914T194459Z-selected-ff65c583223e/build/ModuleCache.noindex/IOSurface-4LPAO4DGC4KLMIG0E1T403LRS.pcm
Cache miss

SwiftExplicitDependencyGeneratePcm x86_64 LOCAL_HOME/ace-private/mcx19b-implementation-20260914/action-copy-20260915/runs/20260914T194459Z-selected-ff65c583223e/build/ModuleCache.noindex/CoreData-ET85DU976LDOZHXKZO371KPL9.pcm
Cache miss

SwiftExplicitDependencyGeneratePcm x86_64 LOCAL_HOME/ace-private/mcx19b-implementation-20260914/action-copy-20260915/runs/20260914T194459Z-selected-ff65c583223e/build/ModuleCache.noindex/CoreTransferable-S7MSW9442ZL1ISHSNFGMMAPY.pcm
Cache miss

SwiftExplicitDependencyGeneratePcm x86_64 LOCAL_HOME/ace-private/mcx19b-implementation-20260914/action-copy-20260915/runs/20260914T194459Z-selected-ff65c583223e/build/ModuleCache.noindex/OSLog-2PTQZ1T2KOZN6M2XA9IYS0SL2.pcm
Cache miss

SwiftExplicitDependencyGeneratePcm x86_64 LOCAL_HOME/ace-private/mcx19b-implementation-20260914/action-copy-20260915/runs/20260914T194459Z-selected-ff65c583223e/build/ModuleCache.noindex/UserNotifications-A3PLAF19NAYF7KYETDTUWRNDS.pcm
Cache miss

SwiftExplicitDependencyGeneratePcm x86_64 LOCAL_HOME/ace-private/mcx19b-implementation-20260914/action-copy-20260915/runs/20260914T194459Z-selected-ff65c583223e/build/ModuleCache.noindex/DataDetection-EFFGV5SXSMAG9BEEO0HBIKPKI.pcm
Cache miss

SwiftExplicitDependencyGeneratePcm x86_64 LOCAL_HOME/ace-private/mcx19b-implementation-20260914/action-copy-20260915/runs/20260914T194459Z-selected-ff65c583223e/build/ModuleCache.noindex/UIUtilities-9X7GUR9YJ9ZNDE1BL8914TTP9.pcm
Cache miss

SwiftExplicitDependencyGeneratePcm x86_64 LOCAL_HOME/ace-private/mcx19b-implementation-20260914/action-copy-20260915/runs/20260914T194459Z-selected-ff65c583223e/build/ModuleCache.noindex/Accessibility-6YYYP1SOPLPM1P3NEBKAJV03T.pcm
Cache miss

SwiftExplicitDependencyGeneratePcm x86_64 LOCAL_HOME/ace-private/mcx19b-implementation-20260914/action-copy-20260915/runs/20260914T194459Z-selected-ff65c583223e/build/ModuleCache.noindex/OpenGLES-8VJCCRHHWXDCR5HA8XCO7OU79.pcm
Cache miss

SwiftExplicitDependencyGeneratePcm x86_64 LOCAL_HOME/ace-private/mcx19b-implementation-20260914/action-copy-20260915/runs/20260914T194459Z-selected-ff65c583223e/build/ModuleCache.noindex/Metal-ACWZFV7N7AC4ULWD32A5DFBV4.pcm
Cache miss

SwiftExplicitDependencyGeneratePcm x86_64 LOCAL_HOME/ace-private/mcx19b-implementation-20260914/action-copy-20260915/runs/20260914T194459Z-selected-ff65c583223e/build/ModuleCache.noindex/CoreVideo-949TBNA906R2I5BF6E9CZVC1F.pcm
Cache miss

SwiftExplicitDependencyGeneratePcm x86_64 LOCAL_HOME/ace-private/mcx19b-implementation-20260914/action-copy-20260915/runs/20260914T194459Z-selected-ff65c583223e/build/ModuleCache.noindex/CoreImage-5GKGV6IM8ZX1R6VF3Z1FC3W3S.pcm
Cache miss

SwiftExplicitDependencyGeneratePcm x86_64 LOCAL_HOME/ace-private/mcx19b-implementation-20260914/action-copy-20260915/runs/20260914T194459Z-selected-ff65c583223e/build/ModuleCache.noindex/QuartzCore-8DSC4QPVKE5OUVCHGHNJ9V98J.pcm
Cache miss

SwiftExplicitDependencyGeneratePcm x86_64 LOCAL_HOME/ace-private/mcx19b-implementation-20260914/action-copy-20260915/runs/20260914T194459Z-selected-ff65c583223e/build/ModuleCache.noindex/SwiftUICore-AQ8H7N1AG6KSF5KTRO8AZ85Q7.pcm
Cache miss

SwiftExplicitDependencyGeneratePcm x86_64 LOCAL_HOME/ace-private/mcx19b-implementation-20260914/action-copy-20260915/runs/20260914T194459Z-selected-ff65c583223e/build/ModuleCache.noindex/UIKit-6YQZ2DIKSVNG0M14A2YIXK7WE.pcm
Cache miss

SwiftExplicitDependencyGeneratePcm x86_64 LOCAL_HOME/ace-private/mcx19b-implementation-20260914/action-copy-20260915/runs/20260914T194459Z-selected-ff65c583223e/build/ModuleCache.noindex/SwiftUI-58LM7824SSRM65167200IMFJ4.pcm
Cache miss

SwiftExplicitDependencyGeneratePcm x86_64 LOCAL_HOME/ace-private/mcx19b-implementation-20260914/action-copy-20260915/runs/20260914T194459Z-selected-ff65c583223e/build/Build/Intermediates.noindex/SwiftExplicitPrecompiledModules/XCUIAutomation-DE213O22AE7150E0HCJCMFQ5R.pcm
Cache miss

SwiftEmitModule normal x86_64 Emitting\ module\ for\ ACEClientApp (in target 'ACEClientApp' from project 'ACEClientApp')
EmitSwiftModule normal x86_64 (in target 'ACEClientApp' from project 'ACEClientApp')
    cd LOCAL_HOME/Developer/sqe-platform-release-layout/ios/ACEClientApp
    

Cache miss
SwiftCompile normal x86_64 Compiling\ SessionState.swift LOCAL_HOME/Developer/sqe-platform-release-layout/ios/ACEClientApp/ACEClientApp/SessionState.swift (in target 'ACEClientApp' from project 'ACEClientApp')
SwiftCompile normal x86_64 LOCAL_HOME/Developer/sqe-platform-release-layout/ios/ACEClientApp/ACEClientApp/SessionState.swift (in target 'ACEClientApp' from project 'ACEClientApp')
    cd LOCAL_HOME/Developer/sqe-platform-release-layout/ios/ACEClientApp
    

Cache miss
SwiftCompile normal x86_64 Compiling\ Views.swift LOCAL_HOME/Developer/sqe-platform-release-layout/ios/ACEClientApp/ACEClientApp/Views.swift (in target 'ACEClientApp' from project 'ACEClientApp')
SwiftCompile normal x86_64 LOCAL_HOME/Developer/sqe-platform-release-layout/ios/ACEClientApp/ACEClientApp/Views.swift (in target 'ACEClientApp' from project 'ACEClientApp')
    cd LOCAL_HOME/Developer/sqe-platform-release-layout/ios/ACEClientApp
    

Cache miss
SwiftCompile normal x86_64 Compiling\ DebugScenario.swift LOCAL_HOME/Developer/sqe-platform-release-layout/ios/ACEClientApp/ACEClientApp/DebugScenario.swift (in target 'ACEClientApp' from project 'ACEClientApp')
Cache miss

SwiftCompile normal x86_64 LOCAL_HOME/Developer/sqe-platform-release-layout/ios/ACEClientApp/ACEClientApp/DebugScenario.swift (in target 'ACEClientApp' from project 'ACEClientApp')
    cd LOCAL_HOME/Developer/sqe-platform-release-layout/ios/ACEClientApp
    

SwiftCompile normal x86_64 Compiling\ KeychainStore.swift LOCAL_HOME/Developer/sqe-platform-release-layout/ios/ACEClientApp/ACEClientApp/KeychainStore.swift (in target 'ACEClientApp' from project 'ACEClientApp')
Cache miss

SwiftCompile normal x86_64 LOCAL_HOME/Developer/sqe-platform-release-layout/ios/ACEClientApp/ACEClientApp/KeychainStore.swift (in target 'ACEClientApp' from project 'ACEClientApp')
    cd LOCAL_HOME/Developer/sqe-platform-release-layout/ios/ACEClientApp
    

SwiftCompile normal x86_64 Compiling\ Network.swift LOCAL_HOME/Developer/sqe-platform-release-layout/ios/ACEClientApp/ACEClientApp/Network.swift (in target 'ACEClientApp' from project 'ACEClientApp')
Cache miss

SwiftCompile normal x86_64 LOCAL_HOME/Developer/sqe-platform-release-layout/ios/ACEClientApp/ACEClientApp/Network.swift (in target 'ACEClientApp' from project 'ACEClientApp')
    cd LOCAL_HOME/Developer/sqe-platform-release-layout/ios/ACEClientApp
    

SwiftCompile normal x86_64 Compiling\ ReleaseModels.swift LOCAL_HOME/Developer/sqe-platform-release-layout/ios/ACEClientApp/ACEClientApp/ReleaseModels.swift (in target 'ACEClientApp' from project 'ACEClientApp')
Cache miss

SwiftCompile normal x86_64 LOCAL_HOME/Developer/sqe-platform-release-layout/ios/ACEClientApp/ACEClientApp/ReleaseModels.swift (in target 'ACEClientApp' from project 'ACEClientApp')
    cd LOCAL_HOME/Developer/sqe-platform-release-layout/ios/ACEClientApp
    

SwiftCompile normal x86_64 Compiling\ ACEClientAppApp.swift LOCAL_HOME/Developer/sqe-platform-release-layout/ios/ACEClientApp/ACEClientApp/ACEClientAppApp.swift (in target 'ACEClientApp' from project 'ACEClientApp')
Cache miss

SwiftCompile normal x86_64 LOCAL_HOME/Developer/sqe-platform-release-layout/ios/ACEClientApp/ACEClientApp/ACEClientAppApp.swift (in target 'ACEClientApp' from project 'ACEClientApp')
    cd LOCAL_HOME/Developer/sqe-platform-release-layout/ios/ACEClientApp
    

SwiftCompile normal x86_64 Compiling\ Configuration.swift LOCAL_HOME/Developer/sqe-platform-release-layout/ios/ACEClientApp/ACEClientApp/Configuration.swift (in target 'ACEClientApp' from project 'ACEClientApp')
Cache miss

SwiftCompile normal x86_64 LOCAL_HOME/Developer/sqe-platform-release-layout/ios/ACEClientApp/ACEClientApp/Configuration.swift (in target 'ACEClientApp' from project 'ACEClientApp')
    cd LOCAL_HOME/Developer/sqe-platform-release-layout/ios/ACEClientApp
    

SwiftExplicitDependencyCompileModuleFromInterface x86_64 LOCAL_HOME/ace-private/mcx19b-implementation-20260914/action-copy-20260915/runs/20260914T194459Z-selected-ff65c583223e/build/Build/Intermediates.noindex/SwiftExplicitPrecompiledModules/XCUIAutomation-PX0WDB1ZZP9H.swiftmodule
Cache miss

SwiftExplicitDependencyGeneratePcm x86_64 LOCAL_HOME/ace-private/mcx19b-implementation-20260914/action-copy-20260915/runs/20260914T194459Z-selected-ff65c583223e/build/Build/Intermediates.noindex/SwiftExplicitPrecompiledModules/XCTest-9NEL1QWTSLVEYZDQTIX6YAWB9.pcm
Cache miss

SwiftExplicitDependencyCompileModuleFromInterface x86_64 LOCAL_HOME/ace-private/mcx19b-implementation-20260914/action-copy-20260915/runs/20260914T194459Z-selected-ff65c583223e/build/Build/Intermediates.noindex/SwiftExplicitPrecompiledModules/XCTest-2Z28WCF86EBMJ.swiftmodule
Cache miss

SwiftEmitModule normal x86_64 Emitting\ module\ for\ ACEClientAppTests (in target 'ACEClientAppTests' from project 'ACEClientApp')
Cache miss

EmitSwiftModule normal x86_64 (in target 'ACEClientAppTests' from project 'ACEClientApp')
    cd LOCAL_HOME/Developer/sqe-platform-release-layout/ios/ACEClientApp
    

SwiftCompile normal x86_64 Compiling\ Views.swift LOCAL_HOME/Developer/sqe-platform-release-layout/ios/ACEClientApp/ACEClientApp/Views.swift (in target 'ACEClientAppTests' from project 'ACEClientApp')
SwiftCompile normal x86_64 LOCAL_HOME/Developer/sqe-platform-release-layout/ios/ACEClientApp/ACEClientApp/Views.swift (in target 'ACEClientAppTests' from project 'ACEClientApp')
    cd LOCAL_HOME/Developer/sqe-platform-release-layout/ios/ACEClientApp
    

Cache miss
SwiftCompile normal x86_64 Compiling\ AcceptanceEvidenceContractTests.swift LOCAL_HOME/Developer/sqe-platform-release-layout/ios/ACEClientApp/ACEClientAppTests/AcceptanceEvidenceContractTests.swift (in target 'ACEClientAppTests' from project 'ACEClientApp')
SwiftCompile normal x86_64 LOCAL_HOME/Developer/sqe-platform-release-layout/ios/ACEClientApp/ACEClientAppTests/AcceptanceEvidenceContractTests.swift (in target 'ACEClientAppTests' from project 'ACEClientApp')
    cd LOCAL_HOME/Developer/sqe-platform-release-layout/ios/ACEClientApp
    

Cache miss
SwiftCompile normal x86_64 Compiling\ AcceptanceEvidenceCatalogue.swift LOCAL_HOME/Developer/sqe-platform-release-layout/ios/ACEClientApp/ACEClientAppTests/AcceptanceEvidenceCatalogue.swift (in target 'ACEClientAppTests' from project 'ACEClientApp')
Cache miss

SwiftCompile normal x86_64 LOCAL_HOME/Developer/sqe-platform-release-layout/ios/ACEClientApp/ACEClientAppTests/AcceptanceEvidenceCatalogue.swift (in target 'ACEClientAppTests' from project 'ACEClientApp')
    cd LOCAL_HOME/Developer/sqe-platform-release-layout/ios/ACEClientApp
    
LOCAL_HOME/Developer/sqe-platform-release-layout/ios/ACEClientApp/ACEClientAppTests/AcceptanceEvidenceCatalogue.swift:232:26: warning: 'init(contentsOf:)' was deprecated in iOS 18: Use `init(contentsOf:encoding:)` instead
        let source = try String(contentsOf: sourceURL)
                         ^

SwiftCompile normal x86_64 Compiling\ ACEClientAppTests.swift LOCAL_HOME/Developer/sqe-platform-release-layout/ios/ACEClientApp/ACEClientAppTests/ACEClientAppTests.swift (in target 'ACEClientAppTests' from project 'ACEClientApp')
Cache miss

SwiftCompile normal x86_64 LOCAL_HOME/Developer/sqe-platform-release-layout/ios/ACEClientApp/ACEClientAppTests/ACEClientAppTests.swift (in target 'ACEClientAppTests' from project 'ACEClientApp')
    cd LOCAL_HOME/Developer/sqe-platform-release-layout/ios/ACEClientApp
    

SwiftCompile normal x86_64 Compiling\ Network.swift LOCAL_HOME/Developer/sqe-platform-release-layout/ios/ACEClientApp/ACEClientApp/Network.swift (in target 'ACEClientAppTests' from project 'ACEClientApp')
Cache miss

SwiftCompile normal x86_64 LOCAL_HOME/Developer/sqe-platform-release-layout/ios/ACEClientApp/ACEClientApp/Network.swift (in target 'ACEClientAppTests' from project 'ACEClientApp')
    cd LOCAL_HOME/Developer/sqe-platform-release-layout/ios/ACEClientApp
    

SwiftCompile normal x86_64 Compiling\ Configuration.swift LOCAL_HOME/Developer/sqe-platform-release-layout/ios/ACEClientApp/ACEClientApp/Configuration.swift (in target 'ACEClientAppTests' from project 'ACEClientApp')
Cache miss

SwiftCompile normal x86_64 LOCAL_HOME/Developer/sqe-platform-release-layout/ios/ACEClientApp/ACEClientApp/Configuration.swift (in target 'ACEClientAppTests' from project 'ACEClientApp')
    cd LOCAL_HOME/Developer/sqe-platform-release-layout/ios/ACEClientApp
    

SwiftCompile normal x86_64 Compiling\ SessionState.swift LOCAL_HOME/Developer/sqe-platform-release-layout/ios/ACEClientApp/ACEClientApp/SessionState.swift (in target 'ACEClientAppTests' from project 'ACEClientApp')
Cache miss

SwiftCompile normal x86_64 LOCAL_HOME/Developer/sqe-platform-release-layout/ios/ACEClientApp/ACEClientApp/SessionState.swift (in target 'ACEClientAppTests' from project 'ACEClientApp')
    cd LOCAL_HOME/Developer/sqe-platform-release-layout/ios/ACEClientApp
    

SwiftDriverJobDiscovery normal x86_64 Emitting module for ACEClientApp (in target 'ACEClientApp' from project 'ACEClientApp')

SwiftDriver\ Compilation\ Requirements ACEClientApp normal x86_64 com.apple.xcode.tools.swift.compiler (in target 'ACEClientApp' from project 'ACEClientApp')
    cd LOCAL_HOME/Developer/sqe-platform-release-layout/ios/ACEClientApp
    builtin-Swift-Compilation-Requirements -- /Applications/Xcode.app/Contents/Developer/Toolchains/XcodeDefault.xctoolchain/usr/bin/swiftc -module-name ACEClientApp -O @LOCAL_HOME/ace-private/mcx19b-implementation-20260914/action-copy-20260915/runs/20260914T194459Z-selected-ff65c583223e/build/Build/Intermediates.noindex/ACEClientApp.build/Debug-iphonesimulator/ACEClientApp.build/Objects-normal/x86_64/ACEClientApp.SwiftFileList -DDEBUG -enable-experimental-feature DebugDescriptionMacro -sdk /Applications/Xcode.app/Contents/Developer/Platforms/iPhoneSimulator.platform/Developer/SDKs/iPhoneSimulator26.4.sdk -target x86_64-apple-ios26.0-simulator -g -module-cache-path LOCAL_HOME/ace-private/mcx19b-implementation-20260914/action-copy-20260915/runs/20260914T194459Z-selected-ff65c583223e/build/ModuleCache.noindex -Xfrontend -serialize-debugging-options -swift-version 6 -I LOCAL_HOME/ace-private/mcx19b-implementation-20260914/action-copy-20260915/runs/20260914T194459Z-selected-ff65c583223e/build/Build/Products/Debug-iphonesimulator -F LOCAL_HOME/ace-private/mcx19b-implementation-20260914/action-copy-20260915/runs/20260914T194459Z-selected-ff65c583223e/build/Build/Products/Debug-iphonesimulator -c -j16 -enable-batch-mode -incremental -output-file-map LOCAL_HOME/ace-private/mcx19b-implementation-20260914/action-copy-20260915/runs/20260914T194459Z-selected-ff65c583223e/build/Build/Intermediates.noindex/ACEClientApp.build/Debug-iphonesimulator/ACEClientApp.build/Objects-normal/x86_64/ACEClientApp-OutputFileMap.json -use-frontend-parseable-output -save-temps -no-color-diagnostics -explicit-module-build -module-cache-path LOCAL_HOME/ace-private/mcx19b-implementation-20260914/action-copy-20260915/runs/20260914T194459Z-selected-ff65c583223e/build/Build/Intermediates.noindex/SwiftExplicitPrecompiledModules -clang-scanner-module-cache-path LOCAL_HOME/ace-private/mcx19b-implementation-20260914/action-copy-20260915/runs/20260914T194459Z-selected-ff65c583223e/build/ModuleCache.noindex -sdk-module-cache-path LOCAL_HOME/ace-private/mcx19b-implementation-20260914/action-copy-20260915/runs/20260914T194459Z-selected-ff65c583223e/build/ModuleCache.noindex -cache-compile-job -cas-path LOCAL_HOME/ace-private/mcx19b-implementation-20260914/action-copy-20260915/runs/20260914T194459Z-selected-ff65c583223e/build/CompilationCache.noindex/builtin -serialize-diagnostics -emit-dependencies -emit-module -emit-module-path LOCAL_HOME/ace-private/mcx19b-implementation-20260914/action-copy-20260915/runs/20260914T194459Z-selected-ff65c583223e/build/Build/Intermediates.noindex/ACEClientApp.build/Debug-iphonesimulator/ACEClientApp.build/Objects-normal/x86_64/ACEClientApp.swiftmodule -validate-clang-modules-once -clang-build-session-file LOCAL_HOME/ace-private/mcx19b-implementation-20260914/action-copy-20260915/runs/20260914T194459Z-selected-ff65c583223e/build/ModuleCache.noindex/Session.modulevalidation -Xcc -ILOCAL_HOME/ace-private/mcx19b-implementation-20260914/action-copy-20260915/runs/20260914T194459Z-selected-ff65c583223e/build/Build/Intermediates.noindex/ACEClientApp.build/Debug-iphonesimulator/ACEClientApp.build/swift-overrides.hmap -emit-const-values -Xfrontend -const-gather-protocols-file -Xfrontend LOCAL_HOME/ace-private/mcx19b-implementation-20260914/action-copy-20260915/runs/20260914T194459Z-selected-ff65c583223e/build/Build/Intermediates.noindex/ACEClientApp.build/Debug-iphonesimulator/ACEClientApp.build/Objects-normal/x86_64/ACEClientApp_const_extract_protocols.json -Xcc -iquote -Xcc LOCAL_HOME/ace-private/mcx19b-implementation-20260914/action-copy-20260915/runs/20260914T194459Z-selected-ff65c583223e/build/Build/Intermediates.noindex/ACEClientApp.build/Debug-iphonesimulator/ACEClientApp.build/ACEClientApp-generated-files.hmap -Xcc -ILOCAL_HOME/ace-private/mcx19b-implementation-20260914/action-copy-20260915/runs/20260914T194459Z-selected-ff65c583223e/build/Build/Intermediates.noindex/ACEClientApp.build/Debug-iphonesimulator/ACEClientApp.build/ACEClientApp-own-target-headers.hmap -Xcc -ILOCAL_HOME/ace-private/mcx19b-implementation-20260914/action-copy-20260915/runs/20260914T194459Z-selected-ff65c583223e/build/Build/Intermediates.noindex/ACEClientApp.build/Debug-iphonesimulator/ACEClientApp.build/ACEClientApp-all-target-headers.hmap -Xcc -iquote -Xcc LOCAL_HOME/ace-private/mcx19b-implementation-20260914/action-copy-20260915/runs/20260914T194459Z-selected-ff65c583223e/build/Build/Intermediates.noindex/ACEClientApp.build/Debug-iphonesimulator/ACEClientApp.build/ACEClientApp-project-headers.hmap -Xcc -ILOCAL_HOME/ace-private/mcx19b-implementation-20260914/action-copy-20260915/runs/20260914T194459Z-selected-ff65c583223e/build/Build/Products/Debug-iphonesimulator/include -Xcc -ILOCAL_HOME/ace-private/mcx19b-implementation-20260914/action-copy-20260915/runs/20260914T194459Z-selected-ff65c583223e/build/Build/Intermediates.noindex/ACEClientApp.build/Debug-iphonesimulator/ACEClientApp.build/DerivedSources-normal/x86_64 -Xcc -ILOCAL_HOME/ace-private/mcx19b-implementation-20260914/action-copy-20260915/runs/20260914T194459Z-selected-ff65c583223e/build/Build/Intermediates.noindex/ACEClientApp.build/Debug-iphonesimulator/ACEClientApp.build/DerivedSources/x86_64 -Xcc -ILOCAL_HOME/ace-private/mcx19b-implementation-20260914/action-copy-20260915/runs/20260914T194459Z-selected-ff65c583223e/build/Build/Intermediates.noindex/ACEClientApp.build/Debug-iphonesimulator/ACEClientApp.build/DerivedSources -emit-objc-header -emit-objc-header-path LOCAL_HOME/ace-private/mcx19b-implementation-20260914/action-copy-20260915/runs/20260914T194459Z-selected-ff65c583223e/build/Build/Intermediates.noindex/ACEClientApp.build/Debug-iphonesimulator/ACEClientApp.build/Objects-normal/x86_64/ACEClientApp-Swift.h -working-directory LOCAL_HOME/Developer/sqe-platform-release-layout/ios/ACEClientApp -experimental-emit-module-separately -disable-cmo

SwiftDriverJobDiscovery normal x86_64 Compiling DebugScenario.swift (in target 'ACEClientApp' from project 'ACEClientApp')

SwiftCompile normal x86_64 Compiling\ KeychainStore.swift LOCAL_HOME/Developer/sqe-platform-release-layout/ios/ACEClientApp/ACEClientApp/KeychainStore.swift (in target 'ACEClientAppTests' from project 'ACEClientApp')
Cache miss

SwiftCompile normal x86_64 LOCAL_HOME/Developer/sqe-platform-release-layout/ios/ACEClientApp/ACEClientApp/KeychainStore.swift (in target 'ACEClientAppTests' from project 'ACEClientApp')
    cd LOCAL_HOME/Developer/sqe-platform-release-layout/ios/ACEClientApp
    

SwiftDriverJobDiscovery normal x86_64 Compiling Network.swift (in target 'ACEClientApp' from project 'ACEClientApp')

SwiftMergeGeneratedHeaders LOCAL_HOME/ace-private/mcx19b-implementation-20260914/action-copy-20260915/runs/20260914T194459Z-selected-ff65c583223e/build/Build/Intermediates.noindex/ACEClientApp.build/Debug-iphonesimulator/ACEClientApp.build/DerivedSources/ACEClientApp-Swift.h LOCAL_HOME/ace-private/mcx19b-implementation-20260914/action-copy-20260915/runs/20260914T194459Z-selected-ff65c583223e/build/Build/Intermediates.noindex/ACEClientApp.build/Debug-iphonesimulator/ACEClientApp.build/Objects-normal/x86_64/ACEClientApp-Swift.h (in target 'ACEClientApp' from project 'ACEClientApp')
    cd LOCAL_HOME/Developer/sqe-platform-release-layout/ios/ACEClientApp
    builtin-swiftHeaderTool -arch x86_64 LOCAL_HOME/ace-private/mcx19b-implementation-20260914/action-copy-20260915/runs/20260914T194459Z-selected-ff65c583223e/build/Build/Intermediates.noindex/ACEClientApp.build/Debug-iphonesimulator/ACEClientApp.build/Objects-normal/x86_64/ACEClientApp-Swift.h -o LOCAL_HOME/ace-private/mcx19b-implementation-20260914/action-copy-20260915/runs/20260914T194459Z-selected-ff65c583223e/build/Build/Intermediates.noindex/ACEClientApp.build/Debug-iphonesimulator/ACEClientApp.build/DerivedSources/ACEClientApp-Swift.h

Copy LOCAL_HOME/ace-private/mcx19b-implementation-20260914/action-copy-20260915/runs/20260914T194459Z-selected-ff65c583223e/build/Build/Products/Debug-iphonesimulator/ACEClientApp.swiftmodule/x86_64-apple-ios-simulator.swiftmodule LOCAL_HOME/ace-private/mcx19b-implementation-20260914/action-copy-20260915/runs/20260914T194459Z-selected-ff65c583223e/build/Build/Intermediates.noindex/ACEClientApp.build/Debug-iphonesimulator/ACEClientApp.build/Objects-normal/x86_64/ACEClientApp.swiftmodule (in target 'ACEClientApp' from project 'ACEClientApp')
    cd LOCAL_HOME/Developer/sqe-platform-release-layout/ios/ACEClientApp
    builtin-copy -exclude .DS_Store -exclude CVS -exclude .svn -exclude .git -exclude .hg -strip-unsigned-binaries -strip-deterministic -strip-tool /Applications/Xcode.app/Contents/Developer/Toolchains/XcodeDefault.xctoolchain/usr/bin/strip -resolve-src-symlinks -rename LOCAL_HOME/ace-private/mcx19b-implementation-20260914/action-copy-20260915/runs/20260914T194459Z-selected-ff65c583223e/build/Build/Intermediates.noindex/ACEClientApp.build/Debug-iphonesimulator/ACEClientApp.build/Objects-normal/x86_64/ACEClientApp.swiftmodule LOCAL_HOME/ace-private/mcx19b-implementation-20260914/action-copy-20260915/runs/20260914T194459Z-selected-ff65c583223e/build/Build/Products/Debug-iphonesimulator/ACEClientApp.swiftmodule/x86_64-apple-ios-simulator.swiftmodule

Copy LOCAL_HOME/ace-private/mcx19b-implementation-20260914/action-copy-20260915/runs/20260914T194459Z-selected-ff65c583223e/build/Build/Products/Debug-iphonesimulator/ACEClientApp.swiftmodule/x86_64-apple-ios-simulator.swiftdoc LOCAL_HOME/ace-private/mcx19b-implementation-20260914/action-copy-20260915/runs/20260914T194459Z-selected-ff65c583223e/build/Build/Intermediates.noindex/ACEClientApp.build/Debug-iphonesimulator/ACEClientApp.build/Objects-normal/x86_64/ACEClientApp.swiftdoc (in target 'ACEClientApp' from project 'ACEClientApp')
    cd LOCAL_HOME/Developer/sqe-platform-release-layout/ios/ACEClientApp
    builtin-copy -exclude .DS_Store -exclude CVS -exclude .svn -exclude .git -exclude .hg -strip-unsigned-binaries -strip-deterministic -strip-tool /Applications/Xcode.app/Contents/Developer/Toolchains/XcodeDefault.xctoolchain/usr/bin/strip -resolve-src-symlinks -rename LOCAL_HOME/ace-private/mcx19b-implementation-20260914/action-copy-20260915/runs/20260914T194459Z-selected-ff65c583223e/build/Build/Intermediates.noindex/ACEClientApp.build/Debug-iphonesimulator/ACEClientApp.build/Objects-normal/x86_64/ACEClientApp.swiftdoc LOCAL_HOME/ace-private/mcx19b-implementation-20260914/action-copy-20260915/runs/20260914T194459Z-selected-ff65c583223e/build/Build/Products/Debug-iphonesimulator/ACEClientApp.swiftmodule/x86_64-apple-ios-simulator.swiftdoc

Copy LOCAL_HOME/ace-private/mcx19b-implementation-20260914/action-copy-20260915/runs/20260914T194459Z-selected-ff65c583223e/build/Build/Products/Debug-iphonesimulator/ACEClientApp.swiftmodule/x86_64-apple-ios-simulator.abi.json LOCAL_HOME/ace-private/mcx19b-implementation-20260914/action-copy-20260915/runs/20260914T194459Z-selected-ff65c583223e/build/Build/Intermediates.noindex/ACEClientApp.build/Debug-iphonesimulator/ACEClientApp.build/Objects-normal/x86_64/ACEClientApp.abi.json (in target 'ACEClientApp' from project 'ACEClientApp')
    cd LOCAL_HOME/Developer/sqe-platform-release-layout/ios/ACEClientApp
    builtin-copy -exclude .DS_Store -exclude CVS -exclude .svn -exclude .git -exclude .hg -strip-unsigned-binaries -strip-deterministic -strip-tool /Applications/Xcode.app/Contents/Developer/Toolchains/XcodeDefault.xctoolchain/usr/bin/strip -resolve-src-symlinks -rename LOCAL_HOME/ace-private/mcx19b-implementation-20260914/action-copy-20260915/runs/20260914T194459Z-selected-ff65c583223e/build/Build/Intermediates.noindex/ACEClientApp.build/Debug-iphonesimulator/ACEClientApp.build/Objects-normal/x86_64/ACEClientApp.abi.json LOCAL_HOME/ace-private/mcx19b-implementation-20260914/action-copy-20260915/runs/20260914T194459Z-selected-ff65c583223e/build/Build/Products/Debug-iphonesimulator/ACEClientApp.swiftmodule/x86_64-apple-ios-simulator.abi.json

Copy LOCAL_HOME/ace-private/mcx19b-implementation-20260914/action-copy-20260915/runs/20260914T194459Z-selected-ff65c583223e/build/Build/Products/Debug-iphonesimulator/ACEClientApp.swiftmodule/Project/x86_64-apple-ios-simulator.swiftsourceinfo LOCAL_HOME/ace-private/mcx19b-implementation-20260914/action-copy-20260915/runs/20260914T194459Z-selected-ff65c583223e/build/Build/Intermediates.noindex/ACEClientApp.build/Debug-iphonesimulator/ACEClientApp.build/Objects-normal/x86_64/ACEClientApp.swiftsourceinfo (in target 'ACEClientApp' from project 'ACEClientApp')
    cd LOCAL_HOME/Developer/sqe-platform-release-layout/ios/ACEClientApp
    builtin-copy -exclude .DS_Store -exclude CVS -exclude .svn -exclude .git -exclude .hg -strip-unsigned-binaries -strip-deterministic -strip-tool /Applications/Xcode.app/Contents/Developer/Toolchains/XcodeDefault.xctoolchain/usr/bin/strip -resolve-src-symlinks -rename LOCAL_HOME/ace-private/mcx19b-implementation-20260914/action-copy-20260915/runs/20260914T194459Z-selected-ff65c583223e/build/Build/Intermediates.noindex/ACEClientApp.build/Debug-iphonesimulator/ACEClientApp.build/Objects-normal/x86_64/ACEClientApp.swiftsourceinfo LOCAL_HOME/ace-private/mcx19b-implementation-20260914/action-copy-20260915/runs/20260914T194459Z-selected-ff65c583223e/build/Build/Products/Debug-iphonesimulator/ACEClientApp.swiftmodule/Project/x86_64-apple-ios-simulator.swiftsourceinfo

SwiftCompile normal x86_64 Compiling\ ReleaseModels.swift LOCAL_HOME/Developer/sqe-platform-release-layout/ios/ACEClientApp/ACEClientApp/ReleaseModels.swift (in target 'ACEClientAppTests' from project 'ACEClientApp')
Cache miss

SwiftCompile normal x86_64 LOCAL_HOME/Developer/sqe-platform-release-layout/ios/ACEClientApp/ACEClientApp/ReleaseModels.swift (in target 'ACEClientAppTests' from project 'ACEClientApp')
    cd LOCAL_HOME/Developer/sqe-platform-release-layout/ios/ACEClientApp
    

SwiftDriverJobDiscovery normal x86_64 Compiling Configuration.swift (in target 'ACEClientApp' from project 'ACEClientApp')

SwiftDriverJobDiscovery normal x86_64 Compiling ReleaseModels.swift (in target 'ACEClientApp' from project 'ACEClientApp')

SwiftDriverJobDiscovery normal x86_64 Compiling KeychainStore.swift (in target 'ACEClientApp' from project 'ACEClientApp')

SwiftDriverJobDiscovery normal x86_64 Compiling SessionState.swift (in target 'ACEClientApp' from project 'ACEClientApp')

SwiftDriverJobDiscovery normal x86_64 Emitting module for ACEClientAppTests (in target 'ACEClientAppTests' from project 'ACEClientApp')

SwiftDriver\ Compilation\ Requirements ACEClientAppTests normal x86_64 com.apple.xcode.tools.swift.compiler (in target 'ACEClientAppTests' from project 'ACEClientApp')
    cd LOCAL_HOME/Developer/sqe-platform-release-layout/ios/ACEClientApp
    builtin-Swift-Compilation-Requirements -- /Applications/Xcode.app/Contents/Developer/Toolchains/XcodeDefault.xctoolchain/usr/bin/swiftc -module-name ACEClientAppTests -O @LOCAL_HOME/ace-private/mcx19b-implementation-20260914/action-copy-20260915/runs/20260914T194459Z-selected-ff65c583223e/build/Build/Intermediates.noindex/ACEClientApp.build/Debug-iphonesimulator/ACEClientAppTests.build/Objects-normal/x86_64/ACEClientAppTests.SwiftFileList -plugin-path /Applications/Xcode.app/Contents/Developer/Toolchains/XcodeDefault.xctoolchain/usr/lib/swift/host/plugins/testing -enable-experimental-feature DebugDescriptionMacro -sdk /Applications/Xcode.app/Contents/Developer/Platforms/iPhoneSimulator.platform/Developer/SDKs/iPhoneSimulator26.4.sdk -target x86_64-apple-ios26.0-simulator -g -module-cache-path LOCAL_HOME/ace-private/mcx19b-implementation-20260914/action-copy-20260915/runs/20260914T194459Z-selected-ff65c583223e/build/ModuleCache.noindex -Xfrontend -serialize-debugging-options -swift-version 6 -I LOCAL_HOME/ace-private/mcx19b-implementation-20260914/action-copy-20260915/runs/20260914T194459Z-selected-ff65c583223e/build/Build/Products/Debug-iphonesimulator -Isystem /Applications/Xcode.app/Contents/Developer/Platforms/iPhoneSimulator.platform/Developer/usr/lib -F LOCAL_HOME/ace-private/mcx19b-implementation-20260914/action-copy-20260915/runs/20260914T194459Z-selected-ff65c583223e/build/Build/Products/Debug-iphonesimulator -F /Applications/Xcode.app/Contents/Developer/Platforms/iPhoneSimulator.platform/Developer/Library/Frameworks -F /Applications/Xcode.app/Contents/Developer/Platforms/iPhoneSimulator.platform/Developer/SDKs/iPhoneSimulator26.4.sdk/Developer/Library/Frameworks -c -j16 -enable-batch-mode -incremental -output-file-map LOCAL_HOME/ace-private/mcx19b-implementation-20260914/action-copy-20260915/runs/20260914T194459Z-selected-ff65c583223e/build/Build/Intermediates.noindex/ACEClientApp.build/Debug-iphonesimulator/ACEClientAppTests.build/Objects-normal/x86_64/ACEClientAppTests-OutputFileMap.json -use-frontend-parseable-output -save-temps -no-color-diagnostics -explicit-module-build -module-cache-path LOCAL_HOME/ace-private/mcx19b-implementation-20260914/action-copy-20260915/runs/20260914T194459Z-selected-ff65c583223e/build/Build/Intermediates.noindex/SwiftExplicitPrecompiledModules -clang-scanner-module-cache-path LOCAL_HOME/ace-private/mcx19b-implementation-20260914/action-copy-20260915/runs/20260914T194459Z-selected-ff65c583223e/build/ModuleCache.noindex -sdk-module-cache-path LOCAL_HOME/ace-private/mcx19b-implementation-20260914/action-copy-20260915/runs/20260914T194459Z-selected-ff65c583223e/build/ModuleCache.noindex -cache-compile-job -cas-path LOCAL_HOME/ace-private/mcx19b-implementation-20260914/action-copy-20260915/runs/20260914T194459Z-selected-ff65c583223e/build/CompilationCache.noindex/builtin -serialize-diagnostics -emit-dependencies -emit-module -emit-module-path LOCAL_HOME/ace-private/mcx19b-implementation-20260914/action-copy-20260915/runs/20260914T194459Z-selected-ff65c583223e/build/Build/Intermediates.noindex/ACEClientApp.build/Debug-iphonesimulator/ACEClientAppTests.build/Objects-normal/x86_64/ACEClientAppTests.swiftmodule -validate-clang-modules-once -clang-build-session-file LOCAL_HOME/ace-private/mcx19b-implementation-20260914/action-copy-20260915/runs/20260914T194459Z-selected-ff65c583223e/build/ModuleCache.noindex/Session.modulevalidation -Xcc -ILOCAL_HOME/ace-private/mcx19b-implementation-20260914/action-copy-20260915/runs/20260914T194459Z-selected-ff65c583223e/build/Build/Intermediates.noindex/ACEClientApp.build/Debug-iphonesimulator/ACEClientAppTests.build/swift-overrides.hmap -emit-const-values -Xfrontend -const-gather-protocols-file -Xfrontend LOCAL_HOME/ace-private/mcx19b-implementation-20260914/action-copy-20260915/runs/20260914T194459Z-selected-ff65c583223e/build/Build/Intermediates.noindex/ACEClientApp.build/Debug-iphonesimulator/ACEClientAppTests.build/Objects-normal/x86_64/ACEClientAppTests_const_extract_protocols.json -Xcc -iquote -Xcc LOCAL_HOME/ace-private/mcx19b-implementation-20260914/action-copy-20260915/runs/20260914T194459Z-selected-ff65c583223e/build/Build/Intermediates.noindex/ACEClientApp.build/Debug-iphonesimulator/ACEClientAppTests.build/ACEClientAppTests-generated-files.hmap -Xcc -ILOCAL_HOME/ace-private/mcx19b-implementation-20260914/action-copy-20260915/runs/20260914T194459Z-selected-ff65c583223e/build/Build/Intermediates.noindex/ACEClientApp.build/Debug-iphonesimulator/ACEClientAppTests.build/ACEClientAppTests-own-target-headers.hmap -Xcc -ILOCAL_HOME/ace-private/mcx19b-implementation-20260914/action-copy-20260915/runs/20260914T194459Z-selected-ff65c583223e/build/Build/Intermediates.noindex/ACEClientApp.build/Debug-iphonesimulator/ACEClientAppTests.build/ACEClientAppTests-all-target-headers.hmap -Xcc -iquote -Xcc LOCAL_HOME/ace-private/mcx19b-implementation-20260914/action-copy-20260915/runs/20260914T194459Z-selected-ff65c583223e/build/Build/Intermediates.noindex/ACEClientApp.build/Debug-iphonesimulator/ACEClientAppTests.build/ACEClientAppTests-project-headers.hmap -Xcc -ILOCAL_HOME/ace-private/mcx19b-implementation-20260914/action-copy-20260915/runs/20260914T194459Z-selected-ff65c583223e/build/Build/Products/Debug-iphonesimulator/include -Xcc -ILOCAL_HOME/ace-private/mcx19b-implementation-20260914/action-copy-20260915/runs/20260914T194459Z-selected-ff65c583223e/build/Build/Intermediates.noindex/ACEClientApp.build/Debug-iphonesimulator/ACEClientAppTests.build/DerivedSources-normal/x86_64 -Xcc -ILOCAL_HOME/ace-private/mcx19b-implementation-20260914/action-copy-20260915/runs/20260914T194459Z-selected-ff65c583223e/build/Build/Intermediates.noindex/ACEClientApp.build/Debug-iphonesimulator/ACEClientAppTests.build/DerivedSources/x86_64 -Xcc -ILOCAL_HOME/ace-private/mcx19b-implementation-20260914/action-copy-20260915/runs/20260914T194459Z-selected-ff65c583223e/build/Build/Intermediates.noindex/ACEClientApp.build/Debug-iphonesimulator/ACEClientAppTests.build/DerivedSources -emit-objc-header -emit-objc-header-path LOCAL_HOME/ace-private/mcx19b-implementation-20260914/action-copy-20260915/runs/20260914T194459Z-selected-ff65c583223e/build/Build/Intermediates.noindex/ACEClientApp.build/Debug-iphonesimulator/ACEClientAppTests.build/Objects-normal/x86_64/ACEClientAppTests-Swift.h -working-directory LOCAL_HOME/Developer/sqe-platform-release-layout/ios/ACEClientApp -experimental-emit-module-separately -disable-cmo

SwiftMergeGeneratedHeaders LOCAL_HOME/ace-private/mcx19b-implementation-20260914/action-copy-20260915/runs/20260914T194459Z-selected-ff65c583223e/build/Build/Intermediates.noindex/ACEClientApp.build/Debug-iphonesimulator/ACEClientAppTests.build/DerivedSources/ACEClientAppTests-Swift.h LOCAL_HOME/ace-private/mcx19b-implementation-20260914/action-copy-20260915/runs/20260914T194459Z-selected-ff65c583223e/build/Build/Intermediates.noindex/ACEClientApp.build/Debug-iphonesimulator/ACEClientAppTests.build/Objects-normal/x86_64/ACEClientAppTests-Swift.h (in target 'ACEClientAppTests' from project 'ACEClientApp')
    cd LOCAL_HOME/Developer/sqe-platform-release-layout/ios/ACEClientApp
    builtin-swiftHeaderTool -arch x86_64 LOCAL_HOME/ace-private/mcx19b-implementation-20260914/action-copy-20260915/runs/20260914T194459Z-selected-ff65c583223e/build/Build/Intermediates.noindex/ACEClientApp.build/Debug-iphonesimulator/ACEClientAppTests.build/Objects-normal/x86_64/ACEClientAppTests-Swift.h -o LOCAL_HOME/ace-private/mcx19b-implementation-20260914/action-copy-20260915/runs/20260914T194459Z-selected-ff65c583223e/build/Build/Intermediates.noindex/ACEClientApp.build/Debug-iphonesimulator/ACEClientAppTests.build/DerivedSources/ACEClientAppTests-Swift.h

Copy LOCAL_HOME/ace-private/mcx19b-implementation-20260914/action-copy-20260915/runs/20260914T194459Z-selected-ff65c583223e/build/Build/Products/Debug-iphonesimulator/ACEClientAppTests.swiftmodule/x86_64-apple-ios-simulator.swiftdoc LOCAL_HOME/ace-private/mcx19b-implementation-20260914/action-copy-20260915/runs/20260914T194459Z-selected-ff65c583223e/build/Build/Intermediates.noindex/ACEClientApp.build/Debug-iphonesimulator/ACEClientAppTests.build/Objects-normal/x86_64/ACEClientAppTests.swiftdoc (in target 'ACEClientAppTests' from project 'ACEClientApp')
    cd LOCAL_HOME/Developer/sqe-platform-release-layout/ios/ACEClientApp
    builtin-copy -exclude .DS_Store -exclude CVS -exclude .svn -exclude .git -exclude .hg -strip-unsigned-binaries -strip-deterministic -strip-tool /Applications/Xcode.app/Contents/Developer/Toolchains/XcodeDefault.xctoolchain/usr/bin/strip -resolve-src-symlinks -rename LOCAL_HOME/ace-private/mcx19b-implementation-20260914/action-copy-20260915/runs/20260914T194459Z-selected-ff65c583223e/build/Build/Intermediates.noindex/ACEClientApp.build/Debug-iphonesimulator/ACEClientAppTests.build/Objects-normal/x86_64/ACEClientAppTests.swiftdoc LOCAL_HOME/ace-private/mcx19b-implementation-20260914/action-copy-20260915/runs/20260914T194459Z-selected-ff65c583223e/build/Build/Products/Debug-iphonesimulator/ACEClientAppTests.swiftmodule/x86_64-apple-ios-simulator.swiftdoc

Copy LOCAL_HOME/ace-private/mcx19b-implementation-20260914/action-copy-20260915/runs/20260914T194459Z-selected-ff65c583223e/build/Build/Products/Debug-iphonesimulator/ACEClientAppTests.swiftmodule/x86_64-apple-ios-simulator.swiftmodule LOCAL_HOME/ace-private/mcx19b-implementation-20260914/action-copy-20260915/runs/20260914T194459Z-selected-ff65c583223e/build/Build/Intermediates.noindex/ACEClientApp.build/Debug-iphonesimulator/ACEClientAppTests.build/Objects-normal/x86_64/ACEClientAppTests.swiftmodule (in target 'ACEClientAppTests' from project 'ACEClientApp')
    cd LOCAL_HOME/Developer/sqe-platform-release-layout/ios/ACEClientApp
    builtin-copy -exclude .DS_Store -exclude CVS -exclude .svn -exclude .git -exclude .hg -strip-unsigned-binaries -strip-deterministic -strip-tool /Applications/Xcode.app/Contents/Developer/Toolchains/XcodeDefault.xctoolchain/usr/bin/strip -resolve-src-symlinks -rename LOCAL_HOME/ace-private/mcx19b-implementation-20260914/action-copy-20260915/runs/20260914T194459Z-selected-ff65c583223e/build/Build/Intermediates.noindex/ACEClientApp.build/Debug-iphonesimulator/ACEClientAppTests.build/Objects-normal/x86_64/ACEClientAppTests.swiftmodule LOCAL_HOME/ace-private/mcx19b-implementation-20260914/action-copy-20260915/runs/20260914T194459Z-selected-ff65c583223e/build/Build/Products/Debug-iphonesimulator/ACEClientAppTests.swiftmodule/x86_64-apple-ios-simulator.swiftmodule

Copy LOCAL_HOME/ace-private/mcx19b-implementation-20260914/action-copy-20260915/runs/20260914T194459Z-selected-ff65c583223e/build/Build/Products/Debug-iphonesimulator/ACEClientAppTests.swiftmodule/x86_64-apple-ios-simulator.abi.json LOCAL_HOME/ace-private/mcx19b-implementation-20260914/action-copy-20260915/runs/20260914T194459Z-selected-ff65c583223e/build/Build/Intermediates.noindex/ACEClientApp.build/Debug-iphonesimulator/ACEClientAppTests.build/Objects-normal/x86_64/ACEClientAppTests.abi.json (in target 'ACEClientAppTests' from project 'ACEClientApp')
    cd LOCAL_HOME/Developer/sqe-platform-release-layout/ios/ACEClientApp
    builtin-copy -exclude .DS_Store -exclude CVS -exclude .svn -exclude .git -exclude .hg -strip-unsigned-binaries -strip-deterministic -strip-tool /Applications/Xcode.app/Contents/Developer/Toolchains/XcodeDefault.xctoolchain/usr/bin/strip -resolve-src-symlinks -rename LOCAL_HOME/ace-private/mcx19b-implementation-20260914/action-copy-20260915/runs/20260914T194459Z-selected-ff65c583223e/build/Build/Intermediates.noindex/ACEClientApp.build/Debug-iphonesimulator/ACEClientAppTests.build/Objects-normal/x86_64/ACEClientAppTests.abi.json LOCAL_HOME/ace-private/mcx19b-implementation-20260914/action-copy-20260915/runs/20260914T194459Z-selected-ff65c583223e/build/Build/Products/Debug-iphonesimulator/ACEClientAppTests.swiftmodule/x86_64-apple-ios-simulator.abi.json

Copy LOCAL_HOME/ace-private/mcx19b-implementation-20260914/action-copy-20260915/runs/20260914T194459Z-selected-ff65c583223e/build/Build/Products/Debug-iphonesimulator/ACEClientAppTests.swiftmodule/Project/x86_64-apple-ios-simulator.swiftsourceinfo LOCAL_HOME/ace-private/mcx19b-implementation-20260914/action-copy-20260915/runs/20260914T194459Z-selected-ff65c583223e/build/Build/Intermediates.noindex/ACEClientApp.build/Debug-iphonesimulator/ACEClientAppTests.build/Objects-normal/x86_64/ACEClientAppTests.swiftsourceinfo (in target 'ACEClientAppTests' from project 'ACEClientApp')
    cd LOCAL_HOME/Developer/sqe-platform-release-layout/ios/ACEClientApp
    builtin-copy -exclude .DS_Store -exclude CVS -exclude .svn -exclude .git -exclude .hg -strip-unsigned-binaries -strip-deterministic -strip-tool /Applications/Xcode.app/Contents/Developer/Toolchains/XcodeDefault.xctoolchain/usr/bin/strip -resolve-src-symlinks -rename LOCAL_HOME/ace-private/mcx19b-implementation-20260914/action-copy-20260915/runs/20260914T194459Z-selected-ff65c583223e/build/Build/Intermediates.noindex/ACEClientApp.build/Debug-iphonesimulator/ACEClientAppTests.build/Objects-normal/x86_64/ACEClientAppTests.swiftsourceinfo LOCAL_HOME/ace-private/mcx19b-implementation-20260914/action-copy-20260915/runs/20260914T194459Z-selected-ff65c583223e/build/Build/Products/Debug-iphonesimulator/ACEClientAppTests.swiftmodule/Project/x86_64-apple-ios-simulator.swiftsourceinfo

SwiftDriverJobDiscovery normal x86_64 Compiling Network.swift (in target 'ACEClientAppTests' from project 'ACEClientApp')

SwiftDriverJobDiscovery normal x86_64 Compiling Configuration.swift (in target 'ACEClientAppTests' from project 'ACEClientApp')

SwiftDriverJobDiscovery normal x86_64 Compiling ACEClientAppApp.swift (in target 'ACEClientApp' from project 'ACEClientApp')

SwiftDriverJobDiscovery normal x86_64 Compiling SessionState.swift (in target 'ACEClientAppTests' from project 'ACEClientApp')

SwiftDriverJobDiscovery normal x86_64 Compiling ReleaseModels.swift (in target 'ACEClientAppTests' from project 'ACEClientApp')

SwiftDriverJobDiscovery normal x86_64 Compiling KeychainStore.swift (in target 'ACEClientAppTests' from project 'ACEClientApp')

SwiftDriverJobDiscovery normal x86_64 Compiling Views.swift (in target 'ACEClientApp' from project 'ACEClientApp')

SwiftDriver\ Compilation ACEClientApp normal x86_64 com.apple.xcode.tools.swift.compiler (in target 'ACEClientApp' from project 'ACEClientApp')
    cd LOCAL_HOME/Developer/sqe-platform-release-layout/ios/ACEClientApp
    builtin-Swift-Compilation -- /Applications/Xcode.app/Contents/Developer/Toolchains/XcodeDefault.xctoolchain/usr/bin/swiftc -module-name ACEClientApp -O @LOCAL_HOME/ace-private/mcx19b-implementation-20260914/action-copy-20260915/runs/20260914T194459Z-selected-ff65c583223e/build/Build/Intermediates.noindex/ACEClientApp.build/Debug-iphonesimulator/ACEClientApp.build/Objects-normal/x86_64/ACEClientApp.SwiftFileList -DDEBUG -enable-experimental-feature DebugDescriptionMacro -sdk /Applications/Xcode.app/Contents/Developer/Platforms/iPhoneSimulator.platform/Developer/SDKs/iPhoneSimulator26.4.sdk -target x86_64-apple-ios26.0-simulator -g -module-cache-path LOCAL_HOME/ace-private/mcx19b-implementation-20260914/action-copy-20260915/runs/20260914T194459Z-selected-ff65c583223e/build/ModuleCache.noindex -Xfrontend -serialize-debugging-options -swift-version 6 -I LOCAL_HOME/ace-private/mcx19b-implementation-20260914/action-copy-20260915/runs/20260914T194459Z-selected-ff65c583223e/build/Build/Products/Debug-iphonesimulator -F LOCAL_HOME/ace-private/mcx19b-implementation-20260914/action-copy-20260915/runs/20260914T194459Z-selected-ff65c583223e/build/Build/Products/Debug-iphonesimulator -c -j16 -enable-batch-mode -incremental -output-file-map LOCAL_HOME/ace-private/mcx19b-implementation-20260914/action-copy-20260915/runs/20260914T194459Z-selected-ff65c583223e/build/Build/Intermediates.noindex/ACEClientApp.build/Debug-iphonesimulator/ACEClientApp.build/Objects-normal/x86_64/ACEClientApp-OutputFileMap.json -use-frontend-parseable-output -save-temps -no-color-diagnostics -explicit-module-build -module-cache-path LOCAL_HOME/ace-private/mcx19b-implementation-20260914/action-copy-20260915/runs/20260914T194459Z-selected-ff65c583223e/build/Build/Intermediates.noindex/SwiftExplicitPrecompiledModules -clang-scanner-module-cache-path LOCAL_HOME/ace-private/mcx19b-implementation-20260914/action-copy-20260915/runs/20260914T194459Z-selected-ff65c583223e/build/ModuleCache.noindex -sdk-module-cache-path LOCAL_HOME/ace-private/mcx19b-implementation-20260914/action-copy-20260915/runs/20260914T194459Z-selected-ff65c583223e/build/ModuleCache.noindex -cache-compile-job -cas-path LOCAL_HOME/ace-private/mcx19b-implementation-20260914/action-copy-20260915/runs/20260914T194459Z-selected-ff65c583223e/build/CompilationCache.noindex/builtin -serialize-diagnostics -emit-dependencies -emit-module -emit-module-path LOCAL_HOME/ace-private/mcx19b-implementation-20260914/action-copy-20260915/runs/20260914T194459Z-selected-ff65c583223e/build/Build/Intermediates.noindex/ACEClientApp.build/Debug-iphonesimulator/ACEClientApp.build/Objects-normal/x86_64/ACEClientApp.swiftmodule -validate-clang-modules-once -clang-build-session-file LOCAL_HOME/ace-private/mcx19b-implementation-20260914/action-copy-20260915/runs/20260914T194459Z-selected-ff65c583223e/build/ModuleCache.noindex/Session.modulevalidation -Xcc -ILOCAL_HOME/ace-private/mcx19b-implementation-20260914/action-copy-20260915/runs/20260914T194459Z-selected-ff65c583223e/build/Build/Intermediates.noindex/ACEClientApp.build/Debug-iphonesimulator/ACEClientApp.build/swift-overrides.hmap -emit-const-values -Xfrontend -const-gather-protocols-file -Xfrontend LOCAL_HOME/ace-private/mcx19b-implementation-20260914/action-copy-20260915/runs/20260914T194459Z-selected-ff65c583223e/build/Build/Intermediates.noindex/ACEClientApp.build/Debug-iphonesimulator/ACEClientApp.build/Objects-normal/x86_64/ACEClientApp_const_extract_protocols.json -Xcc -iquote -Xcc LOCAL_HOME/ace-private/mcx19b-implementation-20260914/action-copy-20260915/runs/20260914T194459Z-selected-ff65c583223e/build/Build/Intermediates.noindex/ACEClientApp.build/Debug-iphonesimulator/ACEClientApp.build/ACEClientApp-generated-files.hmap -Xcc -ILOCAL_HOME/ace-private/mcx19b-implementation-20260914/action-copy-20260915/runs/20260914T194459Z-selected-ff65c583223e/build/Build/Intermediates.noindex/ACEClientApp.build/Debug-iphonesimulator/ACEClientApp.build/ACEClientApp-own-target-headers.hmap -Xcc -ILOCAL_HOME/ace-private/mcx19b-implementation-20260914/action-copy-20260915/runs/20260914T194459Z-selected-ff65c583223e/build/Build/Intermediates.noindex/ACEClientApp.build/Debug-iphonesimulator/ACEClientApp.build/ACEClientApp-all-target-headers.hmap -Xcc -iquote -Xcc LOCAL_HOME/ace-private/mcx19b-implementation-20260914/action-copy-20260915/runs/20260914T194459Z-selected-ff65c583223e/build/Build/Intermediates.noindex/ACEClientApp.build/Debug-iphonesimulator/ACEClientApp.build/ACEClientApp-project-headers.hmap -Xcc -ILOCAL_HOME/ace-private/mcx19b-implementation-20260914/action-copy-20260915/runs/20260914T194459Z-selected-ff65c583223e/build/Build/Products/Debug-iphonesimulator/include -Xcc -ILOCAL_HOME/ace-private/mcx19b-implementation-20260914/action-copy-20260915/runs/20260914T194459Z-selected-ff65c583223e/build/Build/Intermediates.noindex/ACEClientApp.build/Debug-iphonesimulator/ACEClientApp.build/DerivedSources-normal/x86_64 -Xcc -ILOCAL_HOME/ace-private/mcx19b-implementation-20260914/action-copy-20260915/runs/20260914T194459Z-selected-ff65c583223e/build/Build/Intermediates.noindex/ACEClientApp.build/Debug-iphonesimulator/ACEClientApp.build/DerivedSources/x86_64 -Xcc -ILOCAL_HOME/ace-private/mcx19b-implementation-20260914/action-copy-20260915/runs/20260914T194459Z-selected-ff65c583223e/build/Build/Intermediates.noindex/ACEClientApp.build/Debug-iphonesimulator/ACEClientApp.build/DerivedSources -emit-objc-header -emit-objc-header-path LOCAL_HOME/ace-private/mcx19b-implementation-20260914/action-copy-20260915/runs/20260914T194459Z-selected-ff65c583223e/build/Build/Intermediates.noindex/ACEClientApp.build/Debug-iphonesimulator/ACEClientApp.build/Objects-normal/x86_64/ACEClientApp-Swift.h -working-directory LOCAL_HOME/Developer/sqe-platform-release-layout/ios/ACEClientApp -experimental-emit-module-separately -disable-cmo

Ld LOCAL_HOME/ace-private/mcx19b-implementation-20260914/action-copy-20260915/runs/20260914T194459Z-selected-ff65c583223e/build/Build/Products/Debug-iphonesimulator/ACEClientApp.app/ACEClientApp normal (in target 'ACEClientApp' from project 'ACEClientApp')
    cd LOCAL_HOME/Developer/sqe-platform-release-layout/ios/ACEClientApp
    /Applications/Xcode.app/Contents/Developer/Toolchains/XcodeDefault.xctoolchain/usr/bin/clang -Xlinker -reproducible -target x86_64-apple-ios26.0-simulator -isysroot /Applications/Xcode.app/Contents/Developer/Platforms/iPhoneSimulator.platform/Developer/SDKs/iPhoneSimulator26.4.sdk -Os -LLOCAL_HOME/ace-private/mcx19b-implementation-20260914/action-copy-20260915/runs/20260914T194459Z-selected-ff65c583223e/build/Build/Intermediates.noindex/EagerLinkingTBDs/Debug-iphonesimulator -LLOCAL_HOME/ace-private/mcx19b-implementation-20260914/action-copy-20260915/runs/20260914T194459Z-selected-ff65c583223e/build/Build/Products/Debug-iphonesimulator -FLOCAL_HOME/ace-private/mcx19b-implementation-20260914/action-copy-20260915/runs/20260914T194459Z-selected-ff65c583223e/build/Build/Intermediates.noindex/EagerLinkingTBDs/Debug-iphonesimulator -FLOCAL_HOME/ace-private/mcx19b-implementation-20260914/action-copy-20260915/runs/20260914T194459Z-selected-ff65c583223e/build/Build/Products/Debug-iphonesimulator -filelist LOCAL_HOME/ace-private/mcx19b-implementation-20260914/action-copy-20260915/runs/20260914T194459Z-selected-ff65c583223e/build/Build/Intermediates.noindex/ACEClientApp.build/Debug-iphonesimulator/ACEClientApp.build/Objects-normal/x86_64/ACEClientApp.LinkFileList -Xlinker -dead_strip -Xlinker -object_path_lto -Xlinker LOCAL_HOME/ace-private/mcx19b-implementation-20260914/action-copy-20260915/runs/20260914T194459Z-selected-ff65c583223e/build/Build/Intermediates.noindex/ACEClientApp.build/Debug-iphonesimulator/ACEClientApp.build/Objects-normal/x86_64/ACEClientApp_lto.o -Xlinker -objc_abi_version -Xlinker 2 -Xlinker -dependency_info -Xlinker LOCAL_HOME/ace-private/mcx19b-implementation-20260914/action-copy-20260915/runs/20260914T194459Z-selected-ff65c583223e/build/Build/Intermediates.noindex/ACEClientApp.build/Debug-iphonesimulator/ACEClientApp.build/Objects-normal/x86_64/ACEClientApp_dependency_info.dat -fobjc-link-runtime -L/Applications/Xcode.app/Contents/Developer/Toolchains/XcodeDefault.xctoolchain/usr/lib/swift/iphonesimulator -L/usr/lib/swift -Xlinker -add_ast_path -Xlinker LOCAL_HOME/ace-private/mcx19b-implementation-20260914/action-copy-20260915/runs/20260914T194459Z-selected-ff65c583223e/build/Build/Intermediates.noindex/ACEClientApp.build/Debug-iphonesimulator/ACEClientApp.build/Objects-normal/x86_64/ACEClientApp.swiftmodule @LOCAL_HOME/ace-private/mcx19b-implementation-20260914/action-copy-20260915/runs/20260914T194459Z-selected-ff65c583223e/build/Build/Intermediates.noindex/ACEClientApp.build/Debug-iphonesimulator/ACEClientApp.build/Objects-normal/x86_64/ACEClientApp-linker-args.resp -o LOCAL_HOME/ace-private/mcx19b-implementation-20260914/action-copy-20260915/runs/20260914T194459Z-selected-ff65c583223e/build/Build/Products/Debug-iphonesimulator/ACEClientApp.app/ACEClientApp

CopySwiftLibs LOCAL_HOME/ace-private/mcx19b-implementation-20260914/action-copy-20260915/runs/20260914T194459Z-selected-ff65c583223e/build/Build/Products/Debug-iphonesimulator/ACEClientApp.app (in target 'ACEClientApp' from project 'ACEClientApp')
    cd LOCAL_HOME/Developer/sqe-platform-release-layout/ios/ACEClientApp
    builtin-swiftStdLibTool --copy --verbose --scan-executable LOCAL_HOME/ace-private/mcx19b-implementation-20260914/action-copy-20260915/runs/20260914T194459Z-selected-ff65c583223e/build/Build/Products/Debug-iphonesimulator/ACEClientApp.app/ACEClientApp --scan-folder LOCAL_HOME/ace-private/mcx19b-implementation-20260914/action-copy-20260915/runs/20260914T194459Z-selected-ff65c583223e/build/Build/Products/Debug-iphonesimulator/ACEClientApp.app/Frameworks --scan-folder LOCAL_HOME/ace-private/mcx19b-implementation-20260914/action-copy-20260915/runs/20260914T194459Z-selected-ff65c583223e/build/Build/Products/Debug-iphonesimulator/ACEClientApp.app/PlugIns --scan-folder LOCAL_HOME/ace-private/mcx19b-implementation-20260914/action-copy-20260915/runs/20260914T194459Z-selected-ff65c583223e/build/Build/Products/Debug-iphonesimulator/ACEClientApp.app/SystemExtensions --scan-folder LOCAL_HOME/ace-private/mcx19b-implementation-20260914/action-copy-20260915/runs/20260914T194459Z-selected-ff65c583223e/build/Build/Products/Debug-iphonesimulator/ACEClientApp.app/Extensions --platform iphonesimulator --toolchain /Applications/Xcode.app/Contents/Developer/Toolchains/XcodeDefault.xctoolchain --destination LOCAL_HOME/ace-private/mcx19b-implementation-20260914/action-copy-20260915/runs/20260914T194459Z-selected-ff65c583223e/build/Build/Products/Debug-iphonesimulator/ACEClientApp.app/Frameworks --strip-bitcode --strip-bitcode-tool /Applications/Xcode.app/Contents/Developer/Toolchains/XcodeDefault.xctoolchain/usr/bin/bitcode_strip --emit-dependency-info LOCAL_HOME/ace-private/mcx19b-implementation-20260914/action-copy-20260915/runs/20260914T194459Z-selected-ff65c583223e/build/Build/Intermediates.noindex/ACEClientApp.build/Debug-iphonesimulator/ACEClientApp.build/SwiftStdLibToolInputDependencies.dep --filter-for-swift-os
Ignoring --strip-bitcode because --sign was not passed

ExtractAppIntentsMetadata (in target 'ACEClientApp' from project 'ACEClientApp')
    cd LOCAL_HOME/Developer/sqe-platform-release-layout/ios/ACEClientApp
    /Applications/Xcode.app/Contents/Developer/Toolchains/XcodeDefault.xctoolchain/usr/bin/appintentsmetadataprocessor --toolchain-dir /Applications/Xcode.app/Contents/Developer/Toolchains/XcodeDefault.xctoolchain --module-name ACEClientApp --sdk-root /Applications/Xcode.app/Contents/Developer/Platforms/iPhoneSimulator.platform/Developer/SDKs/iPhoneSimulator26.4.sdk --xcode-version 17E202 --platform-family iOS --deployment-target 26.0 --bundle-identifier com.example.aceclientapp --output LOCAL_HOME/ace-private/mcx19b-implementation-20260914/action-copy-20260915/runs/20260914T194459Z-selected-ff65c583223e/build/Build/Products/Debug-iphonesimulator/ACEClientApp.app --target-triple x86_64-apple-ios26.0-simulator --binary-file LOCAL_HOME/ace-private/mcx19b-implementation-20260914/action-copy-20260915/runs/20260914T194459Z-selected-ff65c583223e/build/Build/Products/Debug-iphonesimulator/ACEClientApp.app/ACEClientApp --dependency-file LOCAL_HOME/ace-private/mcx19b-implementation-20260914/action-copy-20260915/runs/20260914T194459Z-selected-ff65c583223e/build/Build/Intermediates.noindex/ACEClientApp.build/Debug-iphonesimulator/ACEClientApp.build/Objects-normal/x86_64/ACEClientApp_dependency_info.dat --stringsdata-file LOCAL_HOME/ace-private/mcx19b-implementation-20260914/action-copy-20260915/runs/20260914T194459Z-selected-ff65c583223e/build/Build/Intermediates.noindex/ACEClientApp.build/Debug-iphonesimulator/ACEClientApp.build/Objects-normal/x86_64/ExtractedAppShortcutsMetadata.stringsdata --source-file-list LOCAL_HOME/ace-private/mcx19b-implementation-20260914/action-copy-20260915/runs/20260914T194459Z-selected-ff65c583223e/build/Build/Intermediates.noindex/ACEClientApp.build/Debug-iphonesimulator/ACEClientApp.build/Objects-normal/x86_64/ACEClientApp.SwiftFileList --metadata-file-list LOCAL_HOME/ace-private/mcx19b-implementation-20260914/action-copy-20260915/runs/20260914T194459Z-selected-ff65c583223e/build/Build/Intermediates.noindex/ACEClientApp.build/Debug-iphonesimulator/ACEClientApp.build/ACEClientApp.DependencyMetadataFileList --static-metadata-file-list LOCAL_HOME/ace-private/mcx19b-implementation-20260914/action-copy-20260915/runs/20260914T194459Z-selected-ff65c583223e/build/Build/Intermediates.noindex/ACEClientApp.build/Debug-iphonesimulator/ACEClientApp.build/ACEClientApp.DependencyStaticMetadataFileList --swift-const-vals-list LOCAL_HOME/ace-private/mcx19b-implementation-20260914/action-copy-20260915/runs/20260914T194459Z-selected-ff65c583223e/build/Build/Intermediates.noindex/ACEClientApp.build/Debug-iphonesimulator/ACEClientApp.build/Objects-normal/x86_64/ACEClientApp.SwiftConstValuesFileList --compile-time-extraction --deployment-aware-processing --validate-assistant-intents --no-app-shortcuts-localization
2026-09-15 05:45:48.824 appintentsmetadataprocessor[45289:2974476] Starting appintentsmetadataprocessor export
2026-09-15 05:45:48.833 appintentsmetadataprocessor[45289:2974476] warning: Metadata extraction skipped. No AppIntents.framework dependency found.

GenerateDSYMFile LOCAL_HOME/ace-private/mcx19b-implementation-20260914/action-copy-20260915/runs/20260914T194459Z-selected-ff65c583223e/build/Build/Products/Debug-iphonesimulator/ACEClientApp.app.dSYM LOCAL_HOME/ace-private/mcx19b-implementation-20260914/action-copy-20260915/runs/20260914T194459Z-selected-ff65c583223e/build/Build/Products/Debug-iphonesimulator/ACEClientApp.app/ACEClientApp (in target 'ACEClientApp' from project 'ACEClientApp')
    cd LOCAL_HOME/Developer/sqe-platform-release-layout/ios/ACEClientApp
    /Applications/Xcode.app/Contents/Developer/Toolchains/XcodeDefault.xctoolchain/usr/bin/dsymutil LOCAL_HOME/ace-private/mcx19b-implementation-20260914/action-copy-20260915/runs/20260914T194459Z-selected-ff65c583223e/build/Build/Products/Debug-iphonesimulator/ACEClientApp.app/ACEClientApp -o LOCAL_HOME/ace-private/mcx19b-implementation-20260914/action-copy-20260915/runs/20260914T194459Z-selected-ff65c583223e/build/Build/Products/Debug-iphonesimulator/ACEClientApp.app.dSYM

AppIntentsSSUTraining (in target 'ACEClientApp' from project 'ACEClientApp')
    cd LOCAL_HOME/Developer/sqe-platform-release-layout/ios/ACEClientApp
    /Applications/Xcode.app/Contents/Developer/Toolchains/XcodeDefault.xctoolchain/usr/bin/appintentsnltrainingprocessor --infoplist-path LOCAL_HOME/ace-private/mcx19b-implementation-20260914/action-copy-20260915/runs/20260914T194459Z-selected-ff65c583223e/build/Build/Products/Debug-iphonesimulator/ACEClientApp.app/Info.plist --temp-dir-path LOCAL_HOME/ace-private/mcx19b-implementation-20260914/action-copy-20260915/runs/20260914T194459Z-selected-ff65c583223e/build/Build/Intermediates.noindex/ACEClientApp.build/Debug-iphonesimulator/ACEClientApp.build/ssu --bundle-id com.example.aceclientapp --product-path LOCAL_HOME/ace-private/mcx19b-implementation-20260914/action-copy-20260915/runs/20260914T194459Z-selected-ff65c583223e/build/Build/Products/Debug-iphonesimulator/ACEClientApp.app --extracted-metadata-path LOCAL_HOME/ace-private/mcx19b-implementation-20260914/action-copy-20260915/runs/20260914T194459Z-selected-ff65c583223e/build/Build/Products/Debug-iphonesimulator/ACEClientApp.app/Metadata.appintents --metadata-file-list LOCAL_HOME/ace-private/mcx19b-implementation-20260914/action-copy-20260915/runs/20260914T194459Z-selected-ff65c583223e/build/Build/Intermediates.noindex/ACEClientApp.build/Debug-iphonesimulator/ACEClientApp.build/ACEClientApp.DependencyMetadataFileList --source-file LOCAL_HOME/ace-private/mcx19b-implementation-20260914/action-copy-20260915/runs/20260914T194459Z-selected-ff65c583223e/build/Build/Products/Debug-iphonesimulator/ACEClientApp.app/Info.plist --archive-ssu-assets
2026-09-15 05:45:48.911 appintentsnltrainingprocessor[45291:2974481] Parsing options for appintentsnltrainingprocessor
2026-09-15 05:45:48.912 appintentsnltrainingprocessor[45291:2974481] Starting AppIntents SSU YAML Generation
2026-09-15 05:45:48.913 appintentsnltrainingprocessor[45291:2974481] No AppShortcuts found - Skipping.

RegisterExecutionPolicyException LOCAL_HOME/ace-private/mcx19b-implementation-20260914/action-copy-20260915/runs/20260914T194459Z-selected-ff65c583223e/build/Build/Products/Debug-iphonesimulator/ACEClientApp.app (in target 'ACEClientApp' from project 'ACEClientApp')
    cd LOCAL_HOME/Developer/sqe-platform-release-layout/ios/ACEClientApp
    builtin-RegisterExecutionPolicyException LOCAL_HOME/ace-private/mcx19b-implementation-20260914/action-copy-20260915/runs/20260914T194459Z-selected-ff65c583223e/build/Build/Products/Debug-iphonesimulator/ACEClientApp.app

Validate LOCAL_HOME/ace-private/mcx19b-implementation-20260914/action-copy-20260915/runs/20260914T194459Z-selected-ff65c583223e/build/Build/Products/Debug-iphonesimulator/ACEClientApp.app (in target 'ACEClientApp' from project 'ACEClientApp')
    cd LOCAL_HOME/Developer/sqe-platform-release-layout/ios/ACEClientApp
    builtin-validationUtility LOCAL_HOME/ace-private/mcx19b-implementation-20260914/action-copy-20260915/runs/20260914T194459Z-selected-ff65c583223e/build/Build/Products/Debug-iphonesimulator/ACEClientApp.app -shallow-bundle -infoplist-subpath Info.plist

Touch LOCAL_HOME/ace-private/mcx19b-implementation-20260914/action-copy-20260915/runs/20260914T194459Z-selected-ff65c583223e/build/Build/Products/Debug-iphonesimulator/ACEClientApp.app (in target 'ACEClientApp' from project 'ACEClientApp')
    cd LOCAL_HOME/Developer/sqe-platform-release-layout/ios/ACEClientApp
    /usr/bin/touch -c LOCAL_HOME/ace-private/mcx19b-implementation-20260914/action-copy-20260915/runs/20260914T194459Z-selected-ff65c583223e/build/Build/Products/Debug-iphonesimulator/ACEClientApp.app

SwiftDriverJobDiscovery normal x86_64 Compiling Views.swift (in target 'ACEClientAppTests' from project 'ACEClientApp')

SwiftDriverJobDiscovery normal x86_64 Compiling AcceptanceEvidenceCatalogue.swift (in target 'ACEClientAppTests' from project 'ACEClientApp')

SwiftDriverJobDiscovery normal x86_64 Compiling ACEClientAppTests.swift (in target 'ACEClientAppTests' from project 'ACEClientApp')

SwiftDriverJobDiscovery normal x86_64 Compiling AcceptanceEvidenceContractTests.swift (in target 'ACEClientAppTests' from project 'ACEClientApp')

SwiftDriver\ Compilation ACEClientAppTests normal x86_64 com.apple.xcode.tools.swift.compiler (in target 'ACEClientAppTests' from project 'ACEClientApp')
    cd LOCAL_HOME/Developer/sqe-platform-release-layout/ios/ACEClientApp
    builtin-Swift-Compilation -- /Applications/Xcode.app/Contents/Developer/Toolchains/XcodeDefault.xctoolchain/usr/bin/swiftc -module-name ACEClientAppTests -O @LOCAL_HOME/ace-private/mcx19b-implementation-20260914/action-copy-20260915/runs/20260914T194459Z-selected-ff65c583223e/build/Build/Intermediates.noindex/ACEClientApp.build/Debug-iphonesimulator/ACEClientAppTests.build/Objects-normal/x86_64/ACEClientAppTests.SwiftFileList -plugin-path /Applications/Xcode.app/Contents/Developer/Toolchains/XcodeDefault.xctoolchain/usr/lib/swift/host/plugins/testing -enable-experimental-feature DebugDescriptionMacro -sdk /Applications/Xcode.app/Contents/Developer/Platforms/iPhoneSimulator.platform/Developer/SDKs/iPhoneSimulator26.4.sdk -target x86_64-apple-ios26.0-simulator -g -module-cache-path LOCAL_HOME/ace-private/mcx19b-implementation-20260914/action-copy-20260915/runs/20260914T194459Z-selected-ff65c583223e/build/ModuleCache.noindex -Xfrontend -serialize-debugging-options -swift-version 6 -I LOCAL_HOME/ace-private/mcx19b-implementation-20260914/action-copy-20260915/runs/20260914T194459Z-selected-ff65c583223e/build/Build/Products/Debug-iphonesimulator -Isystem /Applications/Xcode.app/Contents/Developer/Platforms/iPhoneSimulator.platform/Developer/usr/lib -F LOCAL_HOME/ace-private/mcx19b-implementation-20260914/action-copy-20260915/runs/20260914T194459Z-selected-ff65c583223e/build/Build/Products/Debug-iphonesimulator -F /Applications/Xcode.app/Contents/Developer/Platforms/iPhoneSimulator.platform/Developer/Library/Frameworks -F /Applications/Xcode.app/Contents/Developer/Platforms/iPhoneSimulator.platform/Developer/SDKs/iPhoneSimulator26.4.sdk/Developer/Library/Frameworks -c -j16 -enable-batch-mode -incremental -output-file-map LOCAL_HOME/ace-private/mcx19b-implementation-20260914/action-copy-20260915/runs/20260914T194459Z-selected-ff65c583223e/build/Build/Intermediates.noindex/ACEClientApp.build/Debug-iphonesimulator/ACEClientAppTests.build/Objects-normal/x86_64/ACEClientAppTests-OutputFileMap.json -use-frontend-parseable-output -save-temps -no-color-diagnostics -explicit-module-build -module-cache-path LOCAL_HOME/ace-private/mcx19b-implementation-20260914/action-copy-20260915/runs/20260914T194459Z-selected-ff65c583223e/build/Build/Intermediates.noindex/SwiftExplicitPrecompiledModules -clang-scanner-module-cache-path LOCAL_HOME/ace-private/mcx19b-implementation-20260914/action-copy-20260915/runs/20260914T194459Z-selected-ff65c583223e/build/ModuleCache.noindex -sdk-module-cache-path LOCAL_HOME/ace-private/mcx19b-implementation-20260914/action-copy-20260915/runs/20260914T194459Z-selected-ff65c583223e/build/ModuleCache.noindex -cache-compile-job -cas-path LOCAL_HOME/ace-private/mcx19b-implementation-20260914/action-copy-20260915/runs/20260914T194459Z-selected-ff65c583223e/build/CompilationCache.noindex/builtin -serialize-diagnostics -emit-dependencies -emit-module -emit-module-path LOCAL_HOME/ace-private/mcx19b-implementation-20260914/action-copy-20260915/runs/20260914T194459Z-selected-ff65c583223e/build/Build/Intermediates.noindex/ACEClientApp.build/Debug-iphonesimulator/ACEClientAppTests.build/Objects-normal/x86_64/ACEClientAppTests.swiftmodule -validate-clang-modules-once -clang-build-session-file LOCAL_HOME/ace-private/mcx19b-implementation-20260914/action-copy-20260915/runs/20260914T194459Z-selected-ff65c583223e/build/ModuleCache.noindex/Session.modulevalidation -Xcc -ILOCAL_HOME/ace-private/mcx19b-implementation-20260914/action-copy-20260915/runs/20260914T194459Z-selected-ff65c583223e/build/Build/Intermediates.noindex/ACEClientApp.build/Debug-iphonesimulator/ACEClientAppTests.build/swift-overrides.hmap -emit-const-values -Xfrontend -const-gather-protocols-file -Xfrontend LOCAL_HOME/ace-private/mcx19b-implementation-20260914/action-copy-20260915/runs/20260914T194459Z-selected-ff65c583223e/build/Build/Intermediates.noindex/ACEClientApp.build/Debug-iphonesimulator/ACEClientAppTests.build/Objects-normal/x86_64/ACEClientAppTests_const_extract_protocols.json -Xcc -iquote -Xcc LOCAL_HOME/ace-private/mcx19b-implementation-20260914/action-copy-20260915/runs/20260914T194459Z-selected-ff65c583223e/build/Build/Intermediates.noindex/ACEClientApp.build/Debug-iphonesimulator/ACEClientAppTests.build/ACEClientAppTests-generated-files.hmap -Xcc -ILOCAL_HOME/ace-private/mcx19b-implementation-20260914/action-copy-20260915/runs/20260914T194459Z-selected-ff65c583223e/build/Build/Intermediates.noindex/ACEClientApp.build/Debug-iphonesimulator/ACEClientAppTests.build/ACEClientAppTests-own-target-headers.hmap -Xcc -ILOCAL_HOME/ace-private/mcx19b-implementation-20260914/action-copy-20260915/runs/20260914T194459Z-selected-ff65c583223e/build/Build/Intermediates.noindex/ACEClientApp.build/Debug-iphonesimulator/ACEClientAppTests.build/ACEClientAppTests-all-target-headers.hmap -Xcc -iquote -Xcc LOCAL_HOME/ace-private/mcx19b-implementation-20260914/action-copy-20260915/runs/20260914T194459Z-selected-ff65c583223e/build/Build/Intermediates.noindex/ACEClientApp.build/Debug-iphonesimulator/ACEClientAppTests.build/ACEClientAppTests-project-headers.hmap -Xcc -ILOCAL_HOME/ace-private/mcx19b-implementation-20260914/action-copy-20260915/runs/20260914T194459Z-selected-ff65c583223e/build/Build/Products/Debug-iphonesimulator/include -Xcc -ILOCAL_HOME/ace-private/mcx19b-implementation-20260914/action-copy-20260915/runs/20260914T194459Z-selected-ff65c583223e/build/Build/Intermediates.noindex/ACEClientApp.build/Debug-iphonesimulator/ACEClientAppTests.build/DerivedSources-normal/x86_64 -Xcc -ILOCAL_HOME/ace-private/mcx19b-implementation-20260914/action-copy-20260915/runs/20260914T194459Z-selected-ff65c583223e/build/Build/Intermediates.noindex/ACEClientApp.build/Debug-iphonesimulator/ACEClientAppTests.build/DerivedSources/x86_64 -Xcc -ILOCAL_HOME/ace-private/mcx19b-implementation-20260914/action-copy-20260915/runs/20260914T194459Z-selected-ff65c583223e/build/Build/Intermediates.noindex/ACEClientApp.build/Debug-iphonesimulator/ACEClientAppTests.build/DerivedSources -emit-objc-header -emit-objc-header-path LOCAL_HOME/ace-private/mcx19b-implementation-20260914/action-copy-20260915/runs/20260914T194459Z-selected-ff65c583223e/build/Build/Intermediates.noindex/ACEClientApp.build/Debug-iphonesimulator/ACEClientAppTests.build/Objects-normal/x86_64/ACEClientAppTests-Swift.h -working-directory LOCAL_HOME/Developer/sqe-platform-release-layout/ios/ACEClientApp -experimental-emit-module-separately -disable-cmo

Ld LOCAL_HOME/ace-private/mcx19b-implementation-20260914/action-copy-20260915/runs/20260914T194459Z-selected-ff65c583223e/build/Build/Products/Debug-iphonesimulator/ACEClientAppTests.xctest/ACEClientAppTests normal (in target 'ACEClientAppTests' from project 'ACEClientApp')
    cd LOCAL_HOME/Developer/sqe-platform-release-layout/ios/ACEClientApp
    /Applications/Xcode.app/Contents/Developer/Toolchains/XcodeDefault.xctoolchain/usr/bin/clang -Xlinker -reproducible -target x86_64-apple-ios26.0-simulator -bundle -isysroot /Applications/Xcode.app/Contents/Developer/Platforms/iPhoneSimulator.platform/Developer/SDKs/iPhoneSimulator26.4.sdk -Os -LLOCAL_HOME/ace-private/mcx19b-implementation-20260914/action-copy-20260915/runs/20260914T194459Z-selected-ff65c583223e/build/Build/Intermediates.noindex/EagerLinkingTBDs/Debug-iphonesimulator -LLOCAL_HOME/ace-private/mcx19b-implementation-20260914/action-copy-20260915/runs/20260914T194459Z-selected-ff65c583223e/build/Build/Products/Debug-iphonesimulator -L/Applications/Xcode.app/Contents/Developer/Platforms/iPhoneSimulator.platform/Developer/usr/lib -FLOCAL_HOME/ace-private/mcx19b-implementation-20260914/action-copy-20260915/runs/20260914T194459Z-selected-ff65c583223e/build/Build/Intermediates.noindex/EagerLinkingTBDs/Debug-iphonesimulator -FLOCAL_HOME/ace-private/mcx19b-implementation-20260914/action-copy-20260915/runs/20260914T194459Z-selected-ff65c583223e/build/Build/Products/Debug-iphonesimulator -iframework /Applications/Xcode.app/Contents/Developer/Platforms/iPhoneSimulator.platform/Developer/Library/Frameworks -iframework /Applications/Xcode.app/Contents/Developer/Platforms/iPhoneSimulator.platform/Developer/SDKs/iPhoneSimulator26.4.sdk/Developer/Library/Frameworks -filelist LOCAL_HOME/ace-private/mcx19b-implementation-20260914/action-copy-20260915/runs/20260914T194459Z-selected-ff65c583223e/build/Build/Intermediates.noindex/ACEClientApp.build/Debug-iphonesimulator/ACEClientAppTests.build/Objects-normal/x86_64/ACEClientAppTests.LinkFileList -Xlinker -rpath -Xlinker @loader_path/Frameworks -Xlinker -dead_strip -Xlinker -object_path_lto -Xlinker LOCAL_HOME/ace-private/mcx19b-implementation-20260914/action-copy-20260915/runs/20260914T194459Z-selected-ff65c583223e/build/Build/Intermediates.noindex/ACEClientApp.build/Debug-iphonesimulator/ACEClientAppTests.build/Objects-normal/x86_64/ACEClientAppTests_lto.o -Xlinker -objc_abi_version -Xlinker 2 -Xlinker -dependency_info -Xlinker LOCAL_HOME/ace-private/mcx19b-implementation-20260914/action-copy-20260915/runs/20260914T194459Z-selected-ff65c583223e/build/Build/Intermediates.noindex/ACEClientApp.build/Debug-iphonesimulator/ACEClientAppTests.build/Objects-normal/x86_64/ACEClientAppTests_dependency_info.dat -fobjc-link-runtime -L/Applications/Xcode.app/Contents/Developer/Toolchains/XcodeDefault.xctoolchain/usr/lib/swift/iphonesimulator -L/usr/lib/swift -Xlinker -add_ast_path -Xlinker LOCAL_HOME/ace-private/mcx19b-implementation-20260914/action-copy-20260915/runs/20260914T194459Z-selected-ff65c583223e/build/Build/Intermediates.noindex/ACEClientApp.build/Debug-iphonesimulator/ACEClientAppTests.build/Objects-normal/x86_64/ACEClientAppTests.swiftmodule @LOCAL_HOME/ace-private/mcx19b-implementation-20260914/action-copy-20260915/runs/20260914T194459Z-selected-ff65c583223e/build/Build/Intermediates.noindex/ACEClientApp.build/Debug-iphonesimulator/ACEClientAppTests.build/Objects-normal/x86_64/ACEClientAppTests-linker-args.resp -Xlinker -needed_framework -Xlinker XCTest -framework XCTest -Xlinker -needed-lXCTestSwiftSupport -lXCTestSwiftSupport -o LOCAL_HOME/ace-private/mcx19b-implementation-20260914/action-copy-20260915/runs/20260914T194459Z-selected-ff65c583223e/build/Build/Products/Debug-iphonesimulator/ACEClientAppTests.xctest/ACEClientAppTests

CopySwiftLibs LOCAL_HOME/ace-private/mcx19b-implementation-20260914/action-copy-20260915/runs/20260914T194459Z-selected-ff65c583223e/build/Build/Products/Debug-iphonesimulator/ACEClientAppTests.xctest (in target 'ACEClientAppTests' from project 'ACEClientApp')
    cd LOCAL_HOME/Developer/sqe-platform-release-layout/ios/ACEClientApp
    builtin-swiftStdLibTool --copy --verbose --scan-executable LOCAL_HOME/ace-private/mcx19b-implementation-20260914/action-copy-20260915/runs/20260914T194459Z-selected-ff65c583223e/build/Build/Products/Debug-iphonesimulator/ACEClientAppTests.xctest/ACEClientAppTests --scan-folder LOCAL_HOME/ace-private/mcx19b-implementation-20260914/action-copy-20260915/runs/20260914T194459Z-selected-ff65c583223e/build/Build/Products/Debug-iphonesimulator/ACEClientAppTests.xctest/Frameworks --scan-folder LOCAL_HOME/ace-private/mcx19b-implementation-20260914/action-copy-20260915/runs/20260914T194459Z-selected-ff65c583223e/build/Build/Products/Debug-iphonesimulator/ACEClientAppTests.xctest/PlugIns --scan-folder LOCAL_HOME/ace-private/mcx19b-implementation-20260914/action-copy-20260915/runs/20260914T194459Z-selected-ff65c583223e/build/Build/Products/Debug-iphonesimulator/ACEClientAppTests.xctest/SystemExtensions --scan-folder LOCAL_HOME/ace-private/mcx19b-implementation-20260914/action-copy-20260915/runs/20260914T194459Z-selected-ff65c583223e/build/Build/Products/Debug-iphonesimulator/ACEClientAppTests.xctest/Extensions --platform iphonesimulator --toolchain /Applications/Xcode.app/Contents/Developer/Toolchains/XcodeDefault.xctoolchain --destination LOCAL_HOME/ace-private/mcx19b-implementation-20260914/action-copy-20260915/runs/20260914T194459Z-selected-ff65c583223e/build/Build/Products/Debug-iphonesimulator/ACEClientAppTests.xctest/Frameworks --strip-bitcode --scan-executable /Applications/Xcode.app/Contents/Developer/Platforms/iPhoneSimulator.platform/Developer/usr/lib/libXCTestSwiftSupport.dylib --strip-bitcode-tool /Applications/Xcode.app/Contents/Developer/Toolchains/XcodeDefault.xctoolchain/usr/bin/bitcode_strip --emit-dependency-info LOCAL_HOME/ace-private/mcx19b-implementation-20260914/action-copy-20260915/runs/20260914T194459Z-selected-ff65c583223e/build/Build/Intermediates.noindex/ACEClientApp.build/Debug-iphonesimulator/ACEClientAppTests.build/SwiftStdLibToolInputDependencies.dep --filter-for-swift-os
Ignoring --strip-bitcode because --sign was not passed

ExtractAppIntentsMetadata (in target 'ACEClientAppTests' from project 'ACEClientApp')
    cd LOCAL_HOME/Developer/sqe-platform-release-layout/ios/ACEClientApp
    /Applications/Xcode.app/Contents/Developer/Toolchains/XcodeDefault.xctoolchain/usr/bin/appintentsmetadataprocessor --toolchain-dir /Applications/Xcode.app/Contents/Developer/Toolchains/XcodeDefault.xctoolchain --module-name ACEClientAppTests --sdk-root /Applications/Xcode.app/Contents/Developer/Platforms/iPhoneSimulator.platform/Developer/SDKs/iPhoneSimulator26.4.sdk --xcode-version 17E202 --platform-family iOS --deployment-target 26.0 --bundle-identifier com.example.aceclientapp.tests --output LOCAL_HOME/ace-private/mcx19b-implementation-20260914/action-copy-20260915/runs/20260914T194459Z-selected-ff65c583223e/build/Build/Products/Debug-iphonesimulator/ACEClientAppTests.xctest --target-triple x86_64-apple-ios26.0-simulator --binary-file LOCAL_HOME/ace-private/mcx19b-implementation-20260914/action-copy-20260915/runs/20260914T194459Z-selected-ff65c583223e/build/Build/Products/Debug-iphonesimulator/ACEClientAppTests.xctest/ACEClientAppTests --dependency-file LOCAL_HOME/ace-private/mcx19b-implementation-20260914/action-copy-20260915/runs/20260914T194459Z-selected-ff65c583223e/build/Build/Intermediates.noindex/ACEClientApp.build/Debug-iphonesimulator/ACEClientAppTests.build/Objects-normal/x86_64/ACEClientAppTests_dependency_info.dat --stringsdata-file LOCAL_HOME/ace-private/mcx19b-implementation-20260914/action-copy-20260915/runs/20260914T194459Z-selected-ff65c583223e/build/Build/Intermediates.noindex/ACEClientApp.build/Debug-iphonesimulator/ACEClientAppTests.build/Objects-normal/x86_64/ExtractedAppShortcutsMetadata.stringsdata --source-file-list LOCAL_HOME/ace-private/mcx19b-implementation-20260914/action-copy-20260915/runs/20260914T194459Z-selected-ff65c583223e/build/Build/Intermediates.noindex/ACEClientApp.build/Debug-iphonesimulator/ACEClientAppTests.build/Objects-normal/x86_64/ACEClientAppTests.SwiftFileList --metadata-file-list LOCAL_HOME/ace-private/mcx19b-implementation-20260914/action-copy-20260915/runs/20260914T194459Z-selected-ff65c583223e/build/Build/Intermediates.noindex/ACEClientApp.build/Debug-iphonesimulator/ACEClientAppTests.build/ACEClientAppTests.DependencyMetadataFileList --static-metadata-file-list LOCAL_HOME/ace-private/mcx19b-implementation-20260914/action-copy-20260915/runs/20260914T194459Z-selected-ff65c583223e/build/Build/Intermediates.noindex/ACEClientApp.build/Debug-iphonesimulator/ACEClientAppTests.build/ACEClientAppTests.DependencyStaticMetadataFileList --swift-const-vals-list LOCAL_HOME/ace-private/mcx19b-implementation-20260914/action-copy-20260915/runs/20260914T194459Z-selected-ff65c583223e/build/Build/Intermediates.noindex/ACEClientApp.build/Debug-iphonesimulator/ACEClientAppTests.build/Objects-normal/x86_64/ACEClientAppTests.SwiftConstValuesFileList --compile-time-extraction --deployment-aware-processing --validate-assistant-intents --no-app-shortcuts-localization
2026-09-15 05:46:48.089 appintentsmetadataprocessor[45408:2976370] Starting appintentsmetadataprocessor export
2026-09-15 05:46:48.095 appintentsmetadataprocessor[45408:2976370] warning: Metadata extraction skipped. No AppIntents.framework dependency found.

GenerateDSYMFile LOCAL_HOME/ace-private/mcx19b-implementation-20260914/action-copy-20260915/runs/20260914T194459Z-selected-ff65c583223e/build/Build/Products/Debug-iphonesimulator/ACEClientAppTests.xctest.dSYM LOCAL_HOME/ace-private/mcx19b-implementation-20260914/action-copy-20260915/runs/20260914T194459Z-selected-ff65c583223e/build/Build/Products/Debug-iphonesimulator/ACEClientAppTests.xctest/ACEClientAppTests (in target 'ACEClientAppTests' from project 'ACEClientApp')
    cd LOCAL_HOME/Developer/sqe-platform-release-layout/ios/ACEClientApp
    /Applications/Xcode.app/Contents/Developer/Toolchains/XcodeDefault.xctoolchain/usr/bin/dsymutil LOCAL_HOME/ace-private/mcx19b-implementation-20260914/action-copy-20260915/runs/20260914T194459Z-selected-ff65c583223e/build/Build/Products/Debug-iphonesimulator/ACEClientAppTests.xctest/ACEClientAppTests -o LOCAL_HOME/ace-private/mcx19b-implementation-20260914/action-copy-20260915/runs/20260914T194459Z-selected-ff65c583223e/build/Build/Products/Debug-iphonesimulator/ACEClientAppTests.xctest.dSYM

AppIntentsSSUTraining (in target 'ACEClientAppTests' from project 'ACEClientApp')
    cd LOCAL_HOME/Developer/sqe-platform-release-layout/ios/ACEClientApp
    /Applications/Xcode.app/Contents/Developer/Toolchains/XcodeDefault.xctoolchain/usr/bin/appintentsnltrainingprocessor --infoplist-path LOCAL_HOME/ace-private/mcx19b-implementation-20260914/action-copy-20260915/runs/20260914T194459Z-selected-ff65c583223e/build/Build/Products/Debug-iphonesimulator/ACEClientAppTests.xctest/Info.plist --temp-dir-path LOCAL_HOME/ace-private/mcx19b-implementation-20260914/action-copy-20260915/runs/20260914T194459Z-selected-ff65c583223e/build/Build/Intermediates.noindex/ACEClientApp.build/Debug-iphonesimulator/ACEClientAppTests.build/ssu --bundle-id com.example.aceclientapp.tests --product-path LOCAL_HOME/ace-private/mcx19b-implementation-20260914/action-copy-20260915/runs/20260914T194459Z-selected-ff65c583223e/build/Build/Products/Debug-iphonesimulator/ACEClientAppTests.xctest --extracted-metadata-path LOCAL_HOME/ace-private/mcx19b-implementation-20260914/action-copy-20260915/runs/20260914T194459Z-selected-ff65c583223e/build/Build/Products/Debug-iphonesimulator/ACEClientAppTests.xctest/Metadata.appintents --metadata-file-list LOCAL_HOME/ace-private/mcx19b-implementation-20260914/action-copy-20260915/runs/20260914T194459Z-selected-ff65c583223e/build/Build/Intermediates.noindex/ACEClientApp.build/Debug-iphonesimulator/ACEClientAppTests.build/ACEClientAppTests.DependencyMetadataFileList --source-file LOCAL_HOME/ace-private/mcx19b-implementation-20260914/action-copy-20260915/runs/20260914T194459Z-selected-ff65c583223e/build/Build/Products/Debug-iphonesimulator/ACEClientAppTests.xctest/Info.plist --archive-ssu-assets
2026-09-15 05:46:48.155 appintentsnltrainingprocessor[45410:2976375] Parsing options for appintentsnltrainingprocessor
2026-09-15 05:46:48.156 appintentsnltrainingprocessor[45410:2976375] Starting AppIntents SSU YAML Generation
2026-09-15 05:46:48.157 appintentsnltrainingprocessor[45410:2976375] No AppShortcuts found - Skipping.

RegisterExecutionPolicyException LOCAL_HOME/ace-private/mcx19b-implementation-20260914/action-copy-20260915/runs/20260914T194459Z-selected-ff65c583223e/build/Build/Products/Debug-iphonesimulator/ACEClientAppTests.xctest (in target 'ACEClientAppTests' from project 'ACEClientApp')
    cd LOCAL_HOME/Developer/sqe-platform-release-layout/ios/ACEClientApp
    builtin-RegisterExecutionPolicyException LOCAL_HOME/ace-private/mcx19b-implementation-20260914/action-copy-20260915/runs/20260914T194459Z-selected-ff65c583223e/build/Build/Products/Debug-iphonesimulator/ACEClientAppTests.xctest

Touch LOCAL_HOME/ace-private/mcx19b-implementation-20260914/action-copy-20260915/runs/20260914T194459Z-selected-ff65c583223e/build/Build/Products/Debug-iphonesimulator/ACEClientAppTests.xctest (in target 'ACEClientAppTests' from project 'ACEClientApp')
    cd LOCAL_HOME/Developer/sqe-platform-release-layout/ios/ACEClientApp
    /usr/bin/touch -c LOCAL_HOME/ace-private/mcx19b-implementation-20260914/action-copy-20260915/runs/20260914T194459Z-selected-ff65c583223e/build/Build/Products/Debug-iphonesimulator/ACEClientAppTests.xctest

CompilationCacheMetrics
note: 0 hits / 80 cacheable tasks (0%)

warning: Traditional headermap style is no longer supported; please migrate to using separate headermaps and set 'ALWAYS_SEARCH_USER_PATHS' to NO. (in target 'ACEClientAppTests' from project 'ACEClientApp')
warning: Traditional headermap style is no longer supported; please migrate to using separate headermaps and set 'ALWAYS_SEARCH_USER_PATHS' to NO. (in target 'ACEClientApp' from project 'ACEClientApp')
warning: Run script build phase 'Validate Preview Inputs' will be run during every build because it does not specify any outputs. To address this issue, either add output dependencies to the script phase, or configure it to run in every build by unchecking "Based on dependency analysis" in the script phase. (in target 'ACEClientApp' from project 'ACEClientApp')

Result bundle written to path:
	LOCAL_HOME/ace-private/mcx19b-implementation-20260914/action-copy-20260915/runs/20260914T194459Z-selected-ff65c583223e/build.xcresult

** TEST BUILD SUCCEEDED **

