Command line invocation:
    /Applications/Xcode.app/Contents/Developer/usr/bin/xcodebuild build-for-testing -project LOCAL_HOME/Developer/sqe-platform-release-layout/ios/ACEClientApp/ACEClientApp.xcodeproj -scheme ACEClientAppUITests -configuration Debug -sdk iphonesimulator -destination "generic/platform=iOS Simulator" -parallel-testing-enabled NO -derivedDataPath LOCAL_HOME/ace-private/mcx19b-implementation-20260914/pilot-preparation-20260915/settings-observation-fix/build -resultBundlePath LOCAL_HOME/ace-private/mcx19b-implementation-20260914/pilot-preparation-20260915/settings-observation-fix/build.xcresult "ACE_PREVIEW_ORIGIN=https://preview.example.invalid" ACE_BUNDLE_IDENTIFIER=com.example.aceclientapp ARCHS=x86_64 ONLY_ACTIVE_ARCH=YES CODE_SIGN_IDENTITY= CODE_SIGNING_REQUIRED=NO CODE_SIGNING_ALLOWED=NO

Build settings from command line:
    ACE_BUNDLE_IDENTIFIER = com.example.aceclientapp
    ACE_PREVIEW_ORIGIN = https://preview.example.invalid
    ARCHS = x86_64
    CODE_SIGN_IDENTITY = 
    CODE_SIGNING_ALLOWED = NO
    CODE_SIGNING_REQUIRED = NO
    ONLY_ACTIVE_ARCH = YES
    SDKROOT = iphonesimulator26.4

Writing result bundle at path:
	LOCAL_HOME/ace-private/mcx19b-implementation-20260914/pilot-preparation-20260915/settings-observation-fix/build.xcresult

note: Using codesigning identity override: 
ComputePackagePrebuildTargetDependencyGraph

Prepare packages

CreateBuildRequest

SendProjectDescription

CreateBuildOperation

ComputeTargetDependencyGraph
note: Building targets in dependency order
note: Target dependency graph (2 targets)
    Target 'ACEClientAppUITests' in project 'ACEClientApp'
        ➜ Explicit dependency on target 'ACEClientApp' in project 'ACEClientApp'
    Target 'ACEClientApp' in project 'ACEClientApp' (no dependencies)

GatherProvisioningInputs

CreateBuildDescription

ExecuteExternalTool /Applications/Xcode.app/Contents/Developer/Toolchains/XcodeDefault.xctoolchain/usr/bin/swiftc --version

ExecuteExternalTool /Applications/Xcode.app/Contents/Developer/Toolchains/XcodeDefault.xctoolchain/usr/bin/clang -v -E -dM -isysroot /Applications/Xcode.app/Contents/Developer/Platforms/iPhoneSimulator.platform/Developer/SDKs/iPhoneSimulator26.4.sdk -x c -c /dev/null

ExecuteExternalTool /Applications/Xcode.app/Contents/Developer/Toolchains/XcodeDefault.xctoolchain/usr/bin/ld -version_details

Build description signature: 11131b64d77c280bd44e362e2ddc14e5
Build description path: LOCAL_HOME/ace-private/mcx19b-implementation-20260914/pilot-preparation-20260915/settings-observation-fix/build/Build/Intermediates.noindex/XCBuildData/11131b64d77c280bd44e362e2ddc14e5.xcbuilddata
ValidateCAS LOCAL_HOME/ace-private/mcx19b-implementation-20260914/pilot-preparation-20260915/settings-observation-fix/build/CompilationCache.noindex/builtin /Applications/Xcode.app/Contents/Developer/Toolchains/XcodeDefault.xctoolchain/usr/bin/llvm-cas
validated successfully

ClangStatCache /Applications/Xcode.app/Contents/Developer/Toolchains/XcodeDefault.xctoolchain/usr/bin/clang-stat-cache /Applications/Xcode.app/Contents/Developer/Platforms/iPhoneSimulator.platform/Developer/SDKs/iPhoneSimulator26.4.sdk LOCAL_HOME/ace-private/mcx19b-implementation-20260914/pilot-preparation-20260915/settings-observation-fix/build/SDKStatCaches.noindex/iphonesimulator26.4-23E252-686eebb5dc1d8ecb277353a59184f4aa.sdkstatcache
    cd LOCAL_HOME/Developer/sqe-platform-release-layout/ios/ACEClientApp/ACEClientApp.xcodeproj
    /Applications/Xcode.app/Contents/Developer/Toolchains/XcodeDefault.xctoolchain/usr/bin/clang-stat-cache /Applications/Xcode.app/Contents/Developer/Platforms/iPhoneSimulator.platform/Developer/SDKs/iPhoneSimulator26.4.sdk -o LOCAL_HOME/ace-private/mcx19b-implementation-20260914/pilot-preparation-20260915/settings-observation-fix/build/SDKStatCaches.noindex/iphonesimulator26.4-23E252-686eebb5dc1d8ecb277353a59184f4aa.sdkstatcache

CreateBuildDirectory LOCAL_HOME/ace-private/mcx19b-implementation-20260914/pilot-preparation-20260915/settings-observation-fix/build/Build/Products
    cd LOCAL_HOME/Developer/sqe-platform-release-layout/ios/ACEClientApp/ACEClientApp.xcodeproj
    builtin-create-build-directory LOCAL_HOME/ace-private/mcx19b-implementation-20260914/pilot-preparation-20260915/settings-observation-fix/build/Build/Products

CreateBuildDirectory LOCAL_HOME/ace-private/mcx19b-implementation-20260914/pilot-preparation-20260915/settings-observation-fix/build/Build/Intermediates.noindex
    cd LOCAL_HOME/Developer/sqe-platform-release-layout/ios/ACEClientApp/ACEClientApp.xcodeproj
    builtin-create-build-directory LOCAL_HOME/ace-private/mcx19b-implementation-20260914/pilot-preparation-20260915/settings-observation-fix/build/Build/Intermediates.noindex

WriteAuxiliaryFile LOCAL_HOME/ace-private/mcx19b-implementation-20260914/pilot-preparation-20260915/settings-observation-fix/build/Build/Intermediates.noindex/ACEClientApp.build/Debug-iphonesimulator/ACEClientApp.build/.cas-config
    cd LOCAL_HOME/Developer/sqe-platform-release-layout/ios/ACEClientApp/ACEClientApp.xcodeproj
    write-file LOCAL_HOME/ace-private/mcx19b-implementation-20260914/pilot-preparation-20260915/settings-observation-fix/build/Build/Intermediates.noindex/ACEClientApp.build/Debug-iphonesimulator/ACEClientApp.build/.cas-config

WriteAuxiliaryFile LOCAL_HOME/ace-private/mcx19b-implementation-20260914/pilot-preparation-20260915/settings-observation-fix/build/Build/Intermediates.noindex/ACEClientApp.build/Debug-iphonesimulator/ACEClientAppUITests.build/.cas-config
    cd LOCAL_HOME/Developer/sqe-platform-release-layout/ios/ACEClientApp/ACEClientApp.xcodeproj
    write-file LOCAL_HOME/ace-private/mcx19b-implementation-20260914/pilot-preparation-20260915/settings-observation-fix/build/Build/Intermediates.noindex/ACEClientApp.build/Debug-iphonesimulator/ACEClientAppUITests.build/.cas-config

CreateBuildDirectory LOCAL_HOME/ace-private/mcx19b-implementation-20260914/pilot-preparation-20260915/settings-observation-fix/build/Build/Intermediates.noindex/SwiftExplicitPrecompiledModules
    cd LOCAL_HOME/Developer/sqe-platform-release-layout/ios/ACEClientApp/ACEClientApp.xcodeproj
    builtin-create-build-directory LOCAL_HOME/ace-private/mcx19b-implementation-20260914/pilot-preparation-20260915/settings-observation-fix/build/Build/Intermediates.noindex/SwiftExplicitPrecompiledModules

CreateBuildDirectory LOCAL_HOME/ace-private/mcx19b-implementation-20260914/pilot-preparation-20260915/settings-observation-fix/build/Build/Intermediates.noindex/ExplicitPrecompiledModules
    cd LOCAL_HOME/Developer/sqe-platform-release-layout/ios/ACEClientApp/ACEClientApp.xcodeproj
    builtin-create-build-directory LOCAL_HOME/ace-private/mcx19b-implementation-20260914/pilot-preparation-20260915/settings-observation-fix/build/Build/Intermediates.noindex/ExplicitPrecompiledModules

CreateBuildDirectory LOCAL_HOME/ace-private/mcx19b-implementation-20260914/pilot-preparation-20260915/settings-observation-fix/build/Build/Products/Debug-iphonesimulator
    cd LOCAL_HOME/Developer/sqe-platform-release-layout/ios/ACEClientApp/ACEClientApp.xcodeproj
    builtin-create-build-directory LOCAL_HOME/ace-private/mcx19b-implementation-20260914/pilot-preparation-20260915/settings-observation-fix/build/Build/Products/Debug-iphonesimulator

WriteAuxiliaryFile LOCAL_HOME/ace-private/mcx19b-implementation-20260914/pilot-preparation-20260915/settings-observation-fix/build/Build/Intermediates.noindex/ACEClientApp.build/Debug-iphonesimulator/ACEClientApp-26f8b7df0a443f0244a28f97fc9f5059-VFS-iphonesimulator/all-product-headers.yaml
    cd LOCAL_HOME/Developer/sqe-platform-release-layout/ios/ACEClientApp/ACEClientApp.xcodeproj
    write-file LOCAL_HOME/ace-private/mcx19b-implementation-20260914/pilot-preparation-20260915/settings-observation-fix/build/Build/Intermediates.noindex/ACEClientApp.build/Debug-iphonesimulator/ACEClientApp-26f8b7df0a443f0244a28f97fc9f5059-VFS-iphonesimulator/all-product-headers.yaml

CreateBuildDirectory LOCAL_HOME/ace-private/mcx19b-implementation-20260914/pilot-preparation-20260915/settings-observation-fix/build/Build/Intermediates.noindex/EagerLinkingTBDs/Debug-iphonesimulator
    cd LOCAL_HOME/Developer/sqe-platform-release-layout/ios/ACEClientApp/ACEClientApp.xcodeproj
    builtin-create-build-directory LOCAL_HOME/ace-private/mcx19b-implementation-20260914/pilot-preparation-20260915/settings-observation-fix/build/Build/Intermediates.noindex/EagerLinkingTBDs/Debug-iphonesimulator

WriteAuxiliaryFile LOCAL_HOME/ace-private/mcx19b-implementation-20260914/pilot-preparation-20260915/settings-observation-fix/build/Build/Intermediates.noindex/ACEClientApp.build/Debug-iphonesimulator/ACEClientAppUITests.build/empty-ACEClientAppUITests.plist (in target 'ACEClientAppUITests' from project 'ACEClientApp')
    cd LOCAL_HOME/Developer/sqe-platform-release-layout/ios/ACEClientApp
    write-file LOCAL_HOME/ace-private/mcx19b-implementation-20260914/pilot-preparation-20260915/settings-observation-fix/build/Build/Intermediates.noindex/ACEClientApp.build/Debug-iphonesimulator/ACEClientAppUITests.build/empty-ACEClientAppUITests.plist

WriteAuxiliaryFile LOCAL_HOME/ace-private/mcx19b-implementation-20260914/pilot-preparation-20260915/settings-observation-fix/build/Build/Intermediates.noindex/ACEClientApp.build/Debug-iphonesimulator/ACEClientAppUITests.build/ProductTypeInfoPlistAdditions.plist (in target 'ACEClientAppUITests' from project 'ACEClientApp')
    cd LOCAL_HOME/Developer/sqe-platform-release-layout/ios/ACEClientApp
    write-file LOCAL_HOME/ace-private/mcx19b-implementation-20260914/pilot-preparation-20260915/settings-observation-fix/build/Build/Intermediates.noindex/ACEClientApp.build/Debug-iphonesimulator/ACEClientAppUITests.build/ProductTypeInfoPlistAdditions.plist

WriteAuxiliaryFile LOCAL_HOME/ace-private/mcx19b-implementation-20260914/pilot-preparation-20260915/settings-observation-fix/build/Build/Intermediates.noindex/ACEClientApp.build/Debug-iphonesimulator/ACEClientAppUITests.build/ACEClientAppUITests.hmap (in target 'ACEClientAppUITests' from project 'ACEClientApp')
    cd LOCAL_HOME/Developer/sqe-platform-release-layout/ios/ACEClientApp
    write-file LOCAL_HOME/ace-private/mcx19b-implementation-20260914/pilot-preparation-20260915/settings-observation-fix/build/Build/Intermediates.noindex/ACEClientApp.build/Debug-iphonesimulator/ACEClientAppUITests.build/ACEClientAppUITests.hmap

WriteAuxiliaryFile LOCAL_HOME/ace-private/mcx19b-implementation-20260914/pilot-preparation-20260915/settings-observation-fix/build/Build/Intermediates.noindex/ACEClientApp.build/Debug-iphonesimulator/ACEClientAppUITests.build/ACEClientAppUITests-own-target-headers.hmap (in target 'ACEClientAppUITests' from project 'ACEClientApp')
    cd LOCAL_HOME/Developer/sqe-platform-release-layout/ios/ACEClientApp
    write-file LOCAL_HOME/ace-private/mcx19b-implementation-20260914/pilot-preparation-20260915/settings-observation-fix/build/Build/Intermediates.noindex/ACEClientApp.build/Debug-iphonesimulator/ACEClientAppUITests.build/ACEClientAppUITests-own-target-headers.hmap

WriteAuxiliaryFile LOCAL_HOME/ace-private/mcx19b-implementation-20260914/pilot-preparation-20260915/settings-observation-fix/build/Build/Intermediates.noindex/ACEClientApp.build/Debug-iphonesimulator/ACEClientAppUITests.build/ACEClientAppUITests-project-headers.hmap (in target 'ACEClientAppUITests' from project 'ACEClientApp')
    cd LOCAL_HOME/Developer/sqe-platform-release-layout/ios/ACEClientApp
    write-file LOCAL_HOME/ace-private/mcx19b-implementation-20260914/pilot-preparation-20260915/settings-observation-fix/build/Build/Intermediates.noindex/ACEClientApp.build/Debug-iphonesimulator/ACEClientAppUITests.build/ACEClientAppUITests-project-headers.hmap

WriteAuxiliaryFile LOCAL_HOME/ace-private/mcx19b-implementation-20260914/pilot-preparation-20260915/settings-observation-fix/build/Build/Intermediates.noindex/ACEClientApp.build/Debug-iphonesimulator/ACEClientAppUITests.build/ACEClientAppUITests-generated-files.hmap (in target 'ACEClientAppUITests' from project 'ACEClientApp')
    cd LOCAL_HOME/Developer/sqe-platform-release-layout/ios/ACEClientApp
    write-file LOCAL_HOME/ace-private/mcx19b-implementation-20260914/pilot-preparation-20260915/settings-observation-fix/build/Build/Intermediates.noindex/ACEClientApp.build/Debug-iphonesimulator/ACEClientAppUITests.build/ACEClientAppUITests-generated-files.hmap

WriteAuxiliaryFile LOCAL_HOME/ace-private/mcx19b-implementation-20260914/pilot-preparation-20260915/settings-observation-fix/build/Build/Intermediates.noindex/ACEClientApp.build/Debug-iphonesimulator/ACEClientAppUITests.build/ACEClientAppUITests-all-non-framework-target-headers.hmap (in target 'ACEClientAppUITests' from project 'ACEClientApp')
    cd LOCAL_HOME/Developer/sqe-platform-release-layout/ios/ACEClientApp
    write-file LOCAL_HOME/ace-private/mcx19b-implementation-20260914/pilot-preparation-20260915/settings-observation-fix/build/Build/Intermediates.noindex/ACEClientApp.build/Debug-iphonesimulator/ACEClientAppUITests.build/ACEClientAppUITests-all-non-framework-target-headers.hmap

WriteAuxiliaryFile LOCAL_HOME/ace-private/mcx19b-implementation-20260914/pilot-preparation-20260915/settings-observation-fix/build/Build/Intermediates.noindex/ACEClientApp.build/Debug-iphonesimulator/ACEClientAppUITests.build/ACEClientAppUITests-all-target-headers.hmap (in target 'ACEClientAppUITests' from project 'ACEClientApp')
    cd LOCAL_HOME/Developer/sqe-platform-release-layout/ios/ACEClientApp
    write-file LOCAL_HOME/ace-private/mcx19b-implementation-20260914/pilot-preparation-20260915/settings-observation-fix/build/Build/Intermediates.noindex/ACEClientApp.build/Debug-iphonesimulator/ACEClientAppUITests.build/ACEClientAppUITests-all-target-headers.hmap

WriteAuxiliaryFile LOCAL_HOME/ace-private/mcx19b-implementation-20260914/pilot-preparation-20260915/settings-observation-fix/build/Build/Intermediates.noindex/ACEClientApp.build/Debug-iphonesimulator/ACEClientAppUITests.build/Objects-normal/x86_64/ACEClientAppUITests_const_extract_protocols.json (in target 'ACEClientAppUITests' from project 'ACEClientApp')
    cd LOCAL_HOME/Developer/sqe-platform-release-layout/ios/ACEClientApp
    write-file LOCAL_HOME/ace-private/mcx19b-implementation-20260914/pilot-preparation-20260915/settings-observation-fix/build/Build/Intermediates.noindex/ACEClientApp.build/Debug-iphonesimulator/ACEClientAppUITests.build/Objects-normal/x86_64/ACEClientAppUITests_const_extract_protocols.json

WriteAuxiliaryFile LOCAL_HOME/ace-private/mcx19b-implementation-20260914/pilot-preparation-20260915/settings-observation-fix/build/Build/Intermediates.noindex/ACEClientApp.build/Debug-iphonesimulator/ACEClientAppUITests.build/Objects-normal/x86_64/ACEClientAppUITests.LinkFileList (in target 'ACEClientAppUITests' from project 'ACEClientApp')
    cd LOCAL_HOME/Developer/sqe-platform-release-layout/ios/ACEClientApp
    write-file LOCAL_HOME/ace-private/mcx19b-implementation-20260914/pilot-preparation-20260915/settings-observation-fix/build/Build/Intermediates.noindex/ACEClientApp.build/Debug-iphonesimulator/ACEClientAppUITests.build/Objects-normal/x86_64/ACEClientAppUITests.LinkFileList

WriteAuxiliaryFile LOCAL_HOME/ace-private/mcx19b-implementation-20260914/pilot-preparation-20260915/settings-observation-fix/build/Build/Intermediates.noindex/ACEClientApp.build/Debug-iphonesimulator/ACEClientAppUITests.build/Objects-normal/x86_64/ACEClientAppUITests-OutputFileMap.json (in target 'ACEClientAppUITests' from project 'ACEClientApp')
    cd LOCAL_HOME/Developer/sqe-platform-release-layout/ios/ACEClientApp
    write-file LOCAL_HOME/ace-private/mcx19b-implementation-20260914/pilot-preparation-20260915/settings-observation-fix/build/Build/Intermediates.noindex/ACEClientApp.build/Debug-iphonesimulator/ACEClientAppUITests.build/Objects-normal/x86_64/ACEClientAppUITests-OutputFileMap.json

WriteAuxiliaryFile LOCAL_HOME/ace-private/mcx19b-implementation-20260914/pilot-preparation-20260915/settings-observation-fix/build/Build/Intermediates.noindex/ACEClientApp.build/Debug-iphonesimulator/ACEClientAppUITests.build/Objects-normal/x86_64/ACEClientAppUITests.SwiftFileList (in target 'ACEClientAppUITests' from project 'ACEClientApp')
    cd LOCAL_HOME/Developer/sqe-platform-release-layout/ios/ACEClientApp
    write-file LOCAL_HOME/ace-private/mcx19b-implementation-20260914/pilot-preparation-20260915/settings-observation-fix/build/Build/Intermediates.noindex/ACEClientApp.build/Debug-iphonesimulator/ACEClientAppUITests.build/Objects-normal/x86_64/ACEClientAppUITests.SwiftFileList

WriteAuxiliaryFile LOCAL_HOME/ace-private/mcx19b-implementation-20260914/pilot-preparation-20260915/settings-observation-fix/build/Build/Intermediates.noindex/ACEClientApp.build/Debug-iphonesimulator/ACEClientAppUITests.build/Objects-normal/x86_64/ACEClientAppUITests.SwiftConstValuesFileList (in target 'ACEClientAppUITests' from project 'ACEClientApp')
    cd LOCAL_HOME/Developer/sqe-platform-release-layout/ios/ACEClientApp
    write-file LOCAL_HOME/ace-private/mcx19b-implementation-20260914/pilot-preparation-20260915/settings-observation-fix/build/Build/Intermediates.noindex/ACEClientApp.build/Debug-iphonesimulator/ACEClientAppUITests.build/Objects-normal/x86_64/ACEClientAppUITests.SwiftConstValuesFileList

WriteAuxiliaryFile LOCAL_HOME/ace-private/mcx19b-implementation-20260914/pilot-preparation-20260915/settings-observation-fix/build/Build/Intermediates.noindex/ACEClientApp.build/Debug-iphonesimulator/ACEClientAppUITests.build/ACEClientAppUITests.DependencyStaticMetadataFileList (in target 'ACEClientAppUITests' from project 'ACEClientApp')
    cd LOCAL_HOME/Developer/sqe-platform-release-layout/ios/ACEClientApp
    write-file LOCAL_HOME/ace-private/mcx19b-implementation-20260914/pilot-preparation-20260915/settings-observation-fix/build/Build/Intermediates.noindex/ACEClientApp.build/Debug-iphonesimulator/ACEClientAppUITests.build/ACEClientAppUITests.DependencyStaticMetadataFileList

MkDir LOCAL_HOME/ace-private/mcx19b-implementation-20260914/pilot-preparation-20260915/settings-observation-fix/build/Build/Products/Debug-iphonesimulator/ACEClientAppUITests-Runner.app/PlugIns/ACEClientAppUITests.xctest (in target 'ACEClientAppUITests' from project 'ACEClientApp')
    cd LOCAL_HOME/Developer/sqe-platform-release-layout/ios/ACEClientApp
    /bin/mkdir -p LOCAL_HOME/ace-private/mcx19b-implementation-20260914/pilot-preparation-20260915/settings-observation-fix/build/Build/Products/Debug-iphonesimulator/ACEClientAppUITests-Runner.app/PlugIns/ACEClientAppUITests.xctest

WriteAuxiliaryFile LOCAL_HOME/ace-private/mcx19b-implementation-20260914/pilot-preparation-20260915/settings-observation-fix/build/Build/Intermediates.noindex/ACEClientApp.build/Debug-iphonesimulator/ACEClientAppUITests.build/ACEClientAppUITests.DependencyMetadataFileList (in target 'ACEClientAppUITests' from project 'ACEClientApp')
    cd LOCAL_HOME/Developer/sqe-platform-release-layout/ios/ACEClientApp
    write-file LOCAL_HOME/ace-private/mcx19b-implementation-20260914/pilot-preparation-20260915/settings-observation-fix/build/Build/Intermediates.noindex/ACEClientApp.build/Debug-iphonesimulator/ACEClientAppUITests.build/ACEClientAppUITests.DependencyMetadataFileList

WriteAuxiliaryFile LOCAL_HOME/ace-private/mcx19b-implementation-20260914/pilot-preparation-20260915/settings-observation-fix/build/Build/Intermediates.noindex/ACEClientApp.build/Debug-iphonesimulator/ACEClientApp.build/Script-F1A2B3C4D5E6F70809101701.sh (in target 'ACEClientApp' from project 'ACEClientApp')
    cd LOCAL_HOME/Developer/sqe-platform-release-layout/ios/ACEClientApp
    write-file LOCAL_HOME/ace-private/mcx19b-implementation-20260914/pilot-preparation-20260915/settings-observation-fix/build/Build/Intermediates.noindex/ACEClientApp.build/Debug-iphonesimulator/ACEClientApp.build/Script-F1A2B3C4D5E6F70809101701.sh

WriteAuxiliaryFile LOCAL_HOME/ace-private/mcx19b-implementation-20260914/pilot-preparation-20260915/settings-observation-fix/build/Build/Intermediates.noindex/ACEClientApp.build/Debug-iphonesimulator/ACEClientApp.build/ACEClientApp.DependencyMetadataFileList (in target 'ACEClientApp' from project 'ACEClientApp')
    cd LOCAL_HOME/Developer/sqe-platform-release-layout/ios/ACEClientApp
    write-file LOCAL_HOME/ace-private/mcx19b-implementation-20260914/pilot-preparation-20260915/settings-observation-fix/build/Build/Intermediates.noindex/ACEClientApp.build/Debug-iphonesimulator/ACEClientApp.build/ACEClientApp.DependencyMetadataFileList

WriteAuxiliaryFile LOCAL_HOME/ace-private/mcx19b-implementation-20260914/pilot-preparation-20260915/settings-observation-fix/build/Build/Intermediates.noindex/ACEClientApp.build/Debug-iphonesimulator/ACEClientApp.build/ACEClientApp.hmap (in target 'ACEClientApp' from project 'ACEClientApp')
    cd LOCAL_HOME/Developer/sqe-platform-release-layout/ios/ACEClientApp
    write-file LOCAL_HOME/ace-private/mcx19b-implementation-20260914/pilot-preparation-20260915/settings-observation-fix/build/Build/Intermediates.noindex/ACEClientApp.build/Debug-iphonesimulator/ACEClientApp.build/ACEClientApp.hmap

WriteAuxiliaryFile LOCAL_HOME/ace-private/mcx19b-implementation-20260914/pilot-preparation-20260915/settings-observation-fix/build/Build/Intermediates.noindex/ACEClientApp.build/Debug-iphonesimulator/ACEClientApp.build/ACEClientApp-project-headers.hmap (in target 'ACEClientApp' from project 'ACEClientApp')
    cd LOCAL_HOME/Developer/sqe-platform-release-layout/ios/ACEClientApp
    write-file LOCAL_HOME/ace-private/mcx19b-implementation-20260914/pilot-preparation-20260915/settings-observation-fix/build/Build/Intermediates.noindex/ACEClientApp.build/Debug-iphonesimulator/ACEClientApp.build/ACEClientApp-project-headers.hmap

WriteAuxiliaryFile LOCAL_HOME/ace-private/mcx19b-implementation-20260914/pilot-preparation-20260915/settings-observation-fix/build/Build/Intermediates.noindex/ACEClientApp.build/Debug-iphonesimulator/ACEClientApp.build/ACEClientApp.DependencyStaticMetadataFileList (in target 'ACEClientApp' from project 'ACEClientApp')
    cd LOCAL_HOME/Developer/sqe-platform-release-layout/ios/ACEClientApp
    write-file LOCAL_HOME/ace-private/mcx19b-implementation-20260914/pilot-preparation-20260915/settings-observation-fix/build/Build/Intermediates.noindex/ACEClientApp.build/Debug-iphonesimulator/ACEClientApp.build/ACEClientApp.DependencyStaticMetadataFileList

WriteAuxiliaryFile LOCAL_HOME/ace-private/mcx19b-implementation-20260914/pilot-preparation-20260915/settings-observation-fix/build/Build/Intermediates.noindex/ACEClientApp.build/Debug-iphonesimulator/ACEClientApp.build/ACEClientApp-own-target-headers.hmap (in target 'ACEClientApp' from project 'ACEClientApp')
    cd LOCAL_HOME/Developer/sqe-platform-release-layout/ios/ACEClientApp
    write-file LOCAL_HOME/ace-private/mcx19b-implementation-20260914/pilot-preparation-20260915/settings-observation-fix/build/Build/Intermediates.noindex/ACEClientApp.build/Debug-iphonesimulator/ACEClientApp.build/ACEClientApp-own-target-headers.hmap

WriteAuxiliaryFile LOCAL_HOME/ace-private/mcx19b-implementation-20260914/pilot-preparation-20260915/settings-observation-fix/build/Build/Intermediates.noindex/ACEClientApp.build/Debug-iphonesimulator/ACEClientApp.build/Objects-normal/x86_64/ACEClientApp_const_extract_protocols.json (in target 'ACEClientApp' from project 'ACEClientApp')
    cd LOCAL_HOME/Developer/sqe-platform-release-layout/ios/ACEClientApp
    write-file LOCAL_HOME/ace-private/mcx19b-implementation-20260914/pilot-preparation-20260915/settings-observation-fix/build/Build/Intermediates.noindex/ACEClientApp.build/Debug-iphonesimulator/ACEClientApp.build/Objects-normal/x86_64/ACEClientApp_const_extract_protocols.json

WriteAuxiliaryFile LOCAL_HOME/ace-private/mcx19b-implementation-20260914/pilot-preparation-20260915/settings-observation-fix/build/Build/Intermediates.noindex/ACEClientApp.build/Debug-iphonesimulator/ACEClientApp.build/Objects-normal/x86_64/ACEClientApp.LinkFileList (in target 'ACEClientApp' from project 'ACEClientApp')
    cd LOCAL_HOME/Developer/sqe-platform-release-layout/ios/ACEClientApp
    write-file LOCAL_HOME/ace-private/mcx19b-implementation-20260914/pilot-preparation-20260915/settings-observation-fix/build/Build/Intermediates.noindex/ACEClientApp.build/Debug-iphonesimulator/ACEClientApp.build/Objects-normal/x86_64/ACEClientApp.LinkFileList

WriteAuxiliaryFile LOCAL_HOME/ace-private/mcx19b-implementation-20260914/pilot-preparation-20260915/settings-observation-fix/build/Build/Intermediates.noindex/ACEClientApp.build/Debug-iphonesimulator/ACEClientApp.build/Objects-normal/x86_64/ACEClientApp.SwiftFileList (in target 'ACEClientApp' from project 'ACEClientApp')
    cd LOCAL_HOME/Developer/sqe-platform-release-layout/ios/ACEClientApp
    write-file LOCAL_HOME/ace-private/mcx19b-implementation-20260914/pilot-preparation-20260915/settings-observation-fix/build/Build/Intermediates.noindex/ACEClientApp.build/Debug-iphonesimulator/ACEClientApp.build/Objects-normal/x86_64/ACEClientApp.SwiftFileList

WriteAuxiliaryFile LOCAL_HOME/ace-private/mcx19b-implementation-20260914/pilot-preparation-20260915/settings-observation-fix/build/Build/Intermediates.noindex/ACEClientApp.build/Debug-iphonesimulator/ACEClientApp.build/Objects-normal/x86_64/ACEClientApp-OutputFileMap.json (in target 'ACEClientApp' from project 'ACEClientApp')
    cd LOCAL_HOME/Developer/sqe-platform-release-layout/ios/ACEClientApp
    write-file LOCAL_HOME/ace-private/mcx19b-implementation-20260914/pilot-preparation-20260915/settings-observation-fix/build/Build/Intermediates.noindex/ACEClientApp.build/Debug-iphonesimulator/ACEClientApp.build/Objects-normal/x86_64/ACEClientApp-OutputFileMap.json

WriteAuxiliaryFile LOCAL_HOME/ace-private/mcx19b-implementation-20260914/pilot-preparation-20260915/settings-observation-fix/build/Build/Intermediates.noindex/ACEClientApp.build/Debug-iphonesimulator/ACEClientApp.build/Objects-normal/x86_64/ACEClientApp.SwiftConstValuesFileList (in target 'ACEClientApp' from project 'ACEClientApp')
    cd LOCAL_HOME/Developer/sqe-platform-release-layout/ios/ACEClientApp
    write-file LOCAL_HOME/ace-private/mcx19b-implementation-20260914/pilot-preparation-20260915/settings-observation-fix/build/Build/Intermediates.noindex/ACEClientApp.build/Debug-iphonesimulator/ACEClientApp.build/Objects-normal/x86_64/ACEClientApp.SwiftConstValuesFileList

WriteAuxiliaryFile LOCAL_HOME/ace-private/mcx19b-implementation-20260914/pilot-preparation-20260915/settings-observation-fix/build/Build/Intermediates.noindex/ACEClientApp.build/Debug-iphonesimulator/ACEClientApp.build/ACEClientApp-generated-files.hmap (in target 'ACEClientApp' from project 'ACEClientApp')
    cd LOCAL_HOME/Developer/sqe-platform-release-layout/ios/ACEClientApp
    write-file LOCAL_HOME/ace-private/mcx19b-implementation-20260914/pilot-preparation-20260915/settings-observation-fix/build/Build/Intermediates.noindex/ACEClientApp.build/Debug-iphonesimulator/ACEClientApp.build/ACEClientApp-generated-files.hmap

WriteAuxiliaryFile LOCAL_HOME/ace-private/mcx19b-implementation-20260914/pilot-preparation-20260915/settings-observation-fix/build/Build/Intermediates.noindex/ACEClientApp.build/Debug-iphonesimulator/ACEClientApp.build/ACEClientApp-all-target-headers.hmap (in target 'ACEClientApp' from project 'ACEClientApp')
    cd LOCAL_HOME/Developer/sqe-platform-release-layout/ios/ACEClientApp
    write-file LOCAL_HOME/ace-private/mcx19b-implementation-20260914/pilot-preparation-20260915/settings-observation-fix/build/Build/Intermediates.noindex/ACEClientApp.build/Debug-iphonesimulator/ACEClientApp.build/ACEClientApp-all-target-headers.hmap

WriteAuxiliaryFile LOCAL_HOME/ace-private/mcx19b-implementation-20260914/pilot-preparation-20260915/settings-observation-fix/build/Build/Intermediates.noindex/ACEClientApp.build/Debug-iphonesimulator/ACEClientApp.build/ACEClientApp-all-non-framework-target-headers.hmap (in target 'ACEClientApp' from project 'ACEClientApp')
    cd LOCAL_HOME/Developer/sqe-platform-release-layout/ios/ACEClientApp
    write-file LOCAL_HOME/ace-private/mcx19b-implementation-20260914/pilot-preparation-20260915/settings-observation-fix/build/Build/Intermediates.noindex/ACEClientApp.build/Debug-iphonesimulator/ACEClientApp.build/ACEClientApp-all-non-framework-target-headers.hmap

MkDir LOCAL_HOME/ace-private/mcx19b-implementation-20260914/pilot-preparation-20260915/settings-observation-fix/build/Build/Products/Debug-iphonesimulator/ACEClientApp.app (in target 'ACEClientApp' from project 'ACEClientApp')
    cd LOCAL_HOME/Developer/sqe-platform-release-layout/ios/ACEClientApp
    /bin/mkdir -p LOCAL_HOME/ace-private/mcx19b-implementation-20260914/pilot-preparation-20260915/settings-observation-fix/build/Build/Products/Debug-iphonesimulator/ACEClientApp.app

PhaseScriptExecution Validate\ Preview\ Inputs LOCAL_HOME/ace-private/mcx19b-implementation-20260914/pilot-preparation-20260915/settings-observation-fix/build/Build/Intermediates.noindex/ACEClientApp.build/Debug-iphonesimulator/ACEClientApp.build/Script-F1A2B3C4D5E6F70809101701.sh (in target 'ACEClientApp' from project 'ACEClientApp')
    cd LOCAL_HOME/Developer/sqe-platform-release-layout/ios/ACEClientApp
    export ACE_BUNDLE_IDENTIFIER\=com.example.aceclientapp
    export ACE_PREVIEW_ORIGIN\=https://preview.example.invalid
    export ACTION\=build
    export AD_HOC_CODE_SIGNING_ALLOWED\=YES
    export AGGREGATE_TRACKED_DOMAINS\=YES
    export ALLOW_BUILD_REQUEST_OVERRIDES\=NO
    export ALLOW_TARGET_PLATFORM_SPECIALIZATION\=NO
    export ALTERNATE_GROUP\=staff
    export ALTERNATE_MODE\=u+w,go-w,a+rX
    export ALTERNATE_OWNER\=alanrichardson
    export ALTERNATIVE_DISTRIBUTION_WEB\=NO
    export ALWAYS_EMBED_SWIFT_STANDARD_LIBRARIES\=NO
    export ALWAYS_SEARCH_USER_PATHS\=YES
    export ALWAYS_USE_SEPARATE_HEADERMAPS\=NO
    export APPLICATION_EXTENSION_API_ONLY\=NO
    export APPLY_RULES_IN_COPY_FILES\=NO
    export APPLY_RULES_IN_COPY_HEADERS\=NO
    export APP_SHORTCUTS_ENABLE_FLEXIBLE_MATCHING\=YES
    export ARCHS\=x86_64
    export ARCHS_BASE\=x86_64
    export ARCHS_STANDARD\=arm64\ x86_64
    export ARCHS_STANDARD_32_64_BIT\=arm64\ x86_64
    export ARCHS_STANDARD_64_BIT\=arm64\ x86_64
    export ARCHS_STANDARD_INCLUDING_64_BIT\=arm64\ x86_64
    export ARCHS_UNIVERSAL_IPHONE_OS\=arm64\ x86_64
    export AUTOMATICALLY_MERGE_DEPENDENCIES\=NO
    export AUTOMATION_APPLE_EVENTS\=NO
    export AVAILABLE_PLATFORMS\=android\ appletvos\ appletvsimulator\ driverkit\ freebsd\ iphoneos\ iphonesimulator\ linux\ macosx\ none\ openbsd\ qnx\ watchos\ watchsimulator\ webassembly\ xros\ xrsimulator
    export BUILD_ACTIVE_RESOURCES_ONLY\=NO
    export BUILD_COMPONENTS\=headers\ build
    export BUILD_DIR\=LOCAL_HOME/ace-private/mcx19b-implementation-20260914/pilot-preparation-20260915/settings-observation-fix/build/Build/Products
    export BUILD_LIBRARY_FOR_DISTRIBUTION\=NO
    export BUILD_ONLY_KNOWN_LOCALIZATIONS\=NO
    export BUILD_ROOT\=LOCAL_HOME/ace-private/mcx19b-implementation-20260914/pilot-preparation-20260915/settings-observation-fix/build/Build/Products
    export BUILD_STYLE\=
    export BUILD_VARIANTS\=normal
    export BUILT_PRODUCTS_DIR\=LOCAL_HOME/ace-private/mcx19b-implementation-20260914/pilot-preparation-20260915/settings-observation-fix/build/Build/Products/Debug-iphonesimulator
    export BUNDLE_CONTENTS_FOLDER_PATH_deep\=Contents/
    export BUNDLE_EXECUTABLE_FOLDER_NAME_deep\=MacOS
    export BUNDLE_EXTENSIONS_FOLDER_PATH\=Extensions
    export BUNDLE_FORMAT\=shallow
    export BUNDLE_FRAMEWORKS_FOLDER_PATH\=Frameworks
    export BUNDLE_PLUGINS_FOLDER_PATH\=PlugIns
    export BUNDLE_PRIVATE_HEADERS_FOLDER_PATH\=PrivateHeaders
    export BUNDLE_PUBLIC_HEADERS_FOLDER_PATH\=Headers
    export CACHE_ROOT\=/var/folders/0s/nc46sxvn05x4xtklpp2_rktm0000gp/C/com.apple.DeveloperTools/26.4.1-17E202/Xcode
    export CCHROOT\=/var/folders/0s/nc46sxvn05x4xtklpp2_rktm0000gp/C/com.apple.DeveloperTools/26.4.1-17E202/Xcode
    export CHMOD\=/bin/chmod
    export CHOWN\=chown
    export CLANG_CACHE_FINE_GRAINED_OUTPUTS\=YES
    export CLANG_ENABLE_EXPLICIT_MODULES\=YES
    export CLANG_MODULES_BUILD_SESSION_FILE\=LOCAL_HOME/ace-private/mcx19b-implementation-20260914/pilot-preparation-20260915/settings-observation-fix/build/ModuleCache.noindex/Session.modulevalidation
    export CLASS_FILE_DIR\=LOCAL_HOME/ace-private/mcx19b-implementation-20260914/pilot-preparation-20260915/settings-observation-fix/build/Build/Intermediates.noindex/ACEClientApp.build/Debug-iphonesimulator/ACEClientApp.build/JavaClasses
    export CLEAN_PRECOMPS\=YES
    export CLONE_HEADERS\=NO
    export CODESIGNING_FOLDER_PATH\=LOCAL_HOME/ace-private/mcx19b-implementation-20260914/pilot-preparation-20260915/settings-observation-fix/build/Build/Products/Debug-iphonesimulator/ACEClientApp.app
    export CODE_SIGNING_ALLOWED\=NO
    export CODE_SIGNING_REQUIRED\=NO
    export CODE_SIGN_CONTEXT_CLASS\=XCiPhoneSimulatorCodeSignContext
    export CODE_SIGN_INJECT_BASE_ENTITLEMENTS\=YES
    export CODE_SIGN_STYLE\=Automatic
    export COLOR_DIAGNOSTICS\=NO
    export COMBINE_HIDPI_IMAGES\=NO
    export COMPILATION_CACHE_CAS_PATH\=LOCAL_HOME/ace-private/mcx19b-implementation-20260914/pilot-preparation-20260915/settings-observation-fix/build/CompilationCache.noindex
    export COMPILATION_CACHE_ENABLE_CACHING\=YES
    export COMPILATION_CACHE_KEEP_CAS_DIRECTORY\=YES
    export COMPILER_INDEX_STORE_ENABLE\=Default
    export COMPOSITE_SDK_DIRS\=LOCAL_HOME/ace-private/mcx19b-implementation-20260914/pilot-preparation-20260915/settings-observation-fix/build/Build/Intermediates.noindex/CompositeSDKs
    export COMPRESS_PNG_FILES\=YES
    export CONFIGURATION\=Debug
    export CONFIGURATION_BUILD_DIR\=LOCAL_HOME/ace-private/mcx19b-implementation-20260914/pilot-preparation-20260915/settings-observation-fix/build/Build/Products/Debug-iphonesimulator
    export CONFIGURATION_TEMP_DIR\=LOCAL_HOME/ace-private/mcx19b-implementation-20260914/pilot-preparation-20260915/settings-observation-fix/build/Build/Intermediates.noindex/ACEClientApp.build/Debug-iphonesimulator
    export CONTENTS_FOLDER_PATH\=ACEClientApp.app
    export CONTENTS_FOLDER_PATH_SHALLOW_BUNDLE_NO\=ACEClientApp.app/Contents
    export CONTENTS_FOLDER_PATH_SHALLOW_BUNDLE_YES\=ACEClientApp.app
    export COPYING_PRESERVES_HFS_DATA\=NO
    export COPY_HEADERS_RUN_UNIFDEF\=NO
    export COPY_PHASE_STRIP\=YES
    export CORRESPONDING_DEVICE_PLATFORM_DIR\=/Applications/Xcode.app/Contents/Developer/Platforms/iPhoneOS.platform
    export CORRESPONDING_DEVICE_PLATFORM_NAME\=iphoneos
    export CORRESPONDING_DEVICE_SDK_DIR\=/Applications/Xcode.app/Contents/Developer/Platforms/iPhoneOS.platform/Developer/SDKs/iPhoneOS26.4.sdk
    export CORRESPONDING_DEVICE_SDK_NAME\=iphoneos26.4
    export CP\=/bin/cp
    export CREATE_INFOPLIST_SECTION_IN_BINARY\=NO
    export CURRENT_ARCH\=undefined_arch
    export CURRENT_VARIANT\=normal
    export DEAD_CODE_STRIPPING\=YES
    export DEBUGGING_SYMBOLS\=YES
    export DEBUG_INFORMATION_FORMAT\=dwarf-with-dsym
    export DEBUG_INFORMATION_VERSION\=compiler-default
    export DEFAULT_COMPILER\=com.apple.compilers.llvm.clang.1_0
    export DEFAULT_DEXT_INSTALL_PATH\=/System/Library/DriverExtensions
    export DEFAULT_KEXT_INSTALL_PATH\=/System/Library/Extensions
    export DEFINES_MODULE\=NO
    export DEPLOYMENT_LOCATION\=NO
    export DEPLOYMENT_POSTPROCESSING\=NO
    export DEPLOYMENT_TARGET_SETTING_NAME\=IPHONEOS_DEPLOYMENT_TARGET
    export DEPLOYMENT_TARGET_SUGGESTED_VALUES\=12.0\ 12.1\ 12.2\ 12.3\ 12.4\ 13.0\ 13.1\ 13.2\ 13.3\ 13.4\ 13.5\ 13.6\ 14.0\ 14.1\ 14.2\ 14.3\ 14.4\ 14.5\ 14.6\ 14.7\ 15.0\ 15.1\ 15.2\ 15.3\ 15.4\ 15.5\ 15.6\ 16.0\ 16.1\ 16.2\ 16.3\ 16.4\ 16.5\ 16.6\ 17.0\ 17.1\ 17.2\ 17.3\ 17.4\ 17.5\ 17.6\ 18.0\ 18.1\ 18.2\ 18.3\ 18.4\ 18.5\ 18.6\ 26.0\ 26.2\ 26.3\ 26.4
    export DERIVED_FILES_DIR\=LOCAL_HOME/ace-private/mcx19b-implementation-20260914/pilot-preparation-20260915/settings-observation-fix/build/Build/Intermediates.noindex/ACEClientApp.build/Debug-iphonesimulator/ACEClientApp.build/DerivedSources
    export DERIVED_FILE_DIR\=LOCAL_HOME/ace-private/mcx19b-implementation-20260914/pilot-preparation-20260915/settings-observation-fix/build/Build/Intermediates.noindex/ACEClientApp.build/Debug-iphonesimulator/ACEClientApp.build/DerivedSources
    export DERIVED_SOURCES_DIR\=LOCAL_HOME/ace-private/mcx19b-implementation-20260914/pilot-preparation-20260915/settings-observation-fix/build/Build/Intermediates.noindex/ACEClientApp.build/Debug-iphonesimulator/ACEClientApp.build/DerivedSources
    export DEVELOPER_APPLICATIONS_DIR\=/Applications/Xcode.app/Contents/Developer/Applications
    export DEVELOPER_BIN_DIR\=/Applications/Xcode.app/Contents/Developer/usr/bin
    export DEVELOPER_DIR\=/Applications/Xcode.app/Contents/Developer
    export DEVELOPER_FRAMEWORKS_DIR\=/Applications/Xcode.app/Contents/Developer/Library/Frameworks
    export DEVELOPER_FRAMEWORKS_DIR_QUOTED\=/Applications/Xcode.app/Contents/Developer/Library/Frameworks
    export DEVELOPER_LIBRARY_DIR\=/Applications/Xcode.app/Contents/Developer/Library
    export DEVELOPER_SDK_DIR\=/Applications/Xcode.app/Contents/Developer/Platforms/MacOSX.platform/Developer/SDKs
    export DEVELOPER_TOOLS_DIR\=/Applications/Xcode.app/Contents/Developer/Tools
    export DEVELOPER_USR_DIR\=/Applications/Xcode.app/Contents/Developer/usr
    export DEVELOPMENT_LANGUAGE\=en
    export DIAGNOSE_MISSING_TARGET_DEPENDENCIES\=YES
    export DIFF\=/usr/bin/diff
    export DOCUMENTATION_FOLDER_PATH\=ACEClientApp.app/en.lproj/Documentation
    export DONT_GENERATE_INFOPLIST_FILE\=NO
    export DSTROOT\=/tmp/ACEClientApp.dst
    export DT_TOOLCHAIN_DIR\=/Applications/Xcode.app/Contents/Developer/Toolchains/XcodeDefault.xctoolchain
    export DUMP_DEPENDENCIES\=NO
    export DUMP_DEPENDENCIES_OUTPUT_PATH\=LOCAL_HOME/ace-private/mcx19b-implementation-20260914/pilot-preparation-20260915/settings-observation-fix/build/Build/Intermediates.noindex/ACEClientApp.build/Debug-iphonesimulator/ACEClientApp.build/ACEClientApp-BuildDependencyInfo.json
    export DWARF_DSYM_FILE_NAME\=ACEClientApp.app.dSYM
    export DWARF_DSYM_FILE_SHOULD_ACCOMPANY_PRODUCT\=NO
    export DWARF_DSYM_FOLDER_PATH\=LOCAL_HOME/ace-private/mcx19b-implementation-20260914/pilot-preparation-20260915/settings-observation-fix/build/Build/Products/Debug-iphonesimulator
    export DYNAMIC_LIBRARY_EXTENSION\=dylib
    export EAGER_COMPILATION_ALLOW_SCRIPTS\=NO
    export EAGER_LINKING\=NO
    export EFFECTIVE_PLATFORM_NAME\=-iphonesimulator
    export EFFECTIVE_SWIFT_VERSION\=6
    export EMBEDDED_CONTENT_CONTAINS_SWIFT\=NO
    export EMBED_ASSET_PACKS_IN_PRODUCT_BUNDLE\=NO
    export ENABLE_APP_SANDBOX\=NO
    export ENABLE_CODE_COVERAGE\=YES
    export ENABLE_COHORT_ARCHS\=NO
    export ENABLE_CPLUSPLUS_BOUNDS_SAFE_BUFFERS\=NO
    export ENABLE_C_BOUNDS_SAFETY\=NO
    export ENABLE_DEBUG_DYLIB\=NO
    export ENABLE_DEFAULT_HEADER_SEARCH_PATHS\=YES
    export ENABLE_DEFAULT_SEARCH_PATHS\=YES
    export ENABLE_ENHANCED_SECURITY\=NO
    export ENABLE_HARDENED_RUNTIME\=NO
    export ENABLE_HEADER_DEPENDENCIES\=YES
    export ENABLE_INCOMING_NETWORK_CONNECTIONS\=NO
    export ENABLE_ON_DEMAND_RESOURCES\=YES
    export ENABLE_OUTGOING_NETWORK_CONNECTIONS\=NO
    export ENABLE_POINTER_AUTHENTICATION\=NO
    export ENABLE_PREVIEWS\=NO
    export ENABLE_RESOURCE_ACCESS_AUDIO_INPUT\=NO
    export ENABLE_RESOURCE_ACCESS_BLUETOOTH\=NO
    export ENABLE_RESOURCE_ACCESS_CALENDARS\=NO
    export ENABLE_RESOURCE_ACCESS_CAMERA\=NO
    export ENABLE_RESOURCE_ACCESS_CONTACTS\=NO
    export ENABLE_RESOURCE_ACCESS_LOCATION\=NO
    export ENABLE_RESOURCE_ACCESS_PHOTO_LIBRARY\=NO
    export ENABLE_RESOURCE_ACCESS_PRINTING\=NO
    export ENABLE_RESOURCE_ACCESS_USB\=NO
    export ENABLE_SDK_IMPORTS\=NO
    export ENABLE_SECURITY_COMPILER_WARNINGS\=NO
    export ENABLE_TESTABILITY\=NO
    export ENABLE_TESTING_SEARCH_PATHS\=NO
    export ENABLE_USER_SCRIPT_SANDBOXING\=NO
    export ENABLE_XOJIT_PREVIEWS\=NO
    export ENFORCE_VALID_ARCHS\=YES
    export ENTITLEMENTS_ALLOWED\=NO
    export ENTITLEMENTS_DESTINATION\=__entitlements
    export ENTITLEMENTS_REQUIRED\=NO
    export EXCLUDED_INSTALLSRC_SUBDIRECTORY_PATTERNS\=.DS_Store\ .svn\ .git\ .hg\ CVS
    export EXCLUDED_RECURSIVE_SEARCH_PATH_SUBDIRECTORIES\=\*.nib\ \*.lproj\ \*.framework\ \*.gch\ \*.xcode\*\ \*.xcassets\ \*.icon\ \(\*\)\ .DS_Store\ CVS\ .svn\ .git\ .hg\ \*.pbproj\ \*.pbxproj
    export EXECUTABLES_FOLDER_PATH\=ACEClientApp.app/Executables
    export EXECUTABLE_FOLDER_PATH\=ACEClientApp.app
    export EXECUTABLE_FOLDER_PATH_SHALLOW_BUNDLE_NO\=ACEClientApp.app/MacOS
    export EXECUTABLE_FOLDER_PATH_SHALLOW_BUNDLE_YES\=ACEClientApp.app
    export EXECUTABLE_NAME\=ACEClientApp
    export EXECUTABLE_PATH\=ACEClientApp.app/ACEClientApp
    export EXTENSIONS_FOLDER_PATH\=ACEClientApp.app/Extensions
    export FILE_LIST\=LOCAL_HOME/ace-private/mcx19b-implementation-20260914/pilot-preparation-20260915/settings-observation-fix/build/Build/Intermediates.noindex/ACEClientApp.build/Debug-iphonesimulator/ACEClientApp.build/Objects/LinkFileList
    export FIXED_FILES_DIR\=LOCAL_HOME/ace-private/mcx19b-implementation-20260914/pilot-preparation-20260915/settings-observation-fix/build/Build/Intermediates.noindex/ACEClientApp.build/Debug-iphonesimulator/ACEClientApp.build/FixedFiles
    export FRAMEWORKS_FOLDER_PATH\=ACEClientApp.app/Frameworks
    export FRAMEWORK_FLAG_PREFIX\=-framework
    export FRAMEWORK_SEARCH_PATHS\=LOCAL_HOME/ace-private/mcx19b-implementation-20260914/pilot-preparation-20260915/settings-observation-fix/build/Build/Products/Debug-iphonesimulator\ 
    export FRAMEWORK_VERSION\=A
    export FULL_PRODUCT_NAME\=ACEClientApp.app
    export FUSE_BUILD_PHASES\=YES
    export FUSE_BUILD_SCRIPT_PHASES\=NO
    export GCC3_VERSION\=3.3
    export GCC_DYNAMIC_NO_PIC\=NO
    export GCC_INLINES_ARE_PRIVATE_EXTERN\=YES
    export GCC_OBJC_LEGACY_DISPATCH\=YES
    export GCC_PFE_FILE_C_DIALECTS\=c\ objective-c\ c++\ objective-c++
    export GCC_SYMBOLS_PRIVATE_EXTERN\=YES
    export GCC_TREAT_WARNINGS_AS_ERRORS\=NO
    export GCC_VERSION\=com.apple.compilers.llvm.clang.1_0
    export GCC_VERSION_IDENTIFIER\=com_apple_compilers_llvm_clang_1_0
    export GCC_WARN_64_TO_32_BIT_CONVERSION\=NO
    export GENERATED_MODULEMAP_DIR\=LOCAL_HOME/ace-private/mcx19b-implementation-20260914/pilot-preparation-20260915/settings-observation-fix/build/Build/Intermediates.noindex/GeneratedModuleMaps-iphonesimulator
    export GENERATE_INFOPLIST_FILE\=NO
    export GENERATE_INTERMEDIATE_TEXT_BASED_STUBS\=YES
    export GENERATE_PKGINFO_FILE\=YES
    export GENERATE_PRELINK_OBJECT_FILE\=NO
    export GENERATE_PROFILING_CODE\=NO
    export GENERATE_TEXT_BASED_STUBS\=NO
    export GID\=20
    export GROUP\=staff
    export HEADERMAP_INCLUDES_FLAT_ENTRIES_FOR_TARGET_BEING_BUILT\=YES
    export HEADERMAP_INCLUDES_FRAMEWORK_ENTRIES_FOR_ALL_PRODUCT_TYPES\=YES
    export HEADERMAP_INCLUDES_FRAMEWORK_ENTRIES_FOR_TARGETS_NOT_BEING_BUILT\=YES
    export HEADERMAP_INCLUDES_NONPUBLIC_NONPRIVATE_HEADERS\=YES
    export HEADERMAP_INCLUDES_PROJECT_HEADERS\=YES
    export HEADERMAP_USES_FRAMEWORK_PREFIX_ENTRIES\=YES
    export HEADERMAP_USES_VFS\=NO
    export HEADER_SEARCH_PATHS\=LOCAL_HOME/ace-private/mcx19b-implementation-20260914/pilot-preparation-20260915/settings-observation-fix/build/Build/Products/Debug-iphonesimulator/include\ 
    export HOME\=LOCAL_HOME
    export HOST_ARCH\=x86_64
    export HOST_PLATFORM\=macosx
    export ICONV\=/usr/bin/iconv
    export IMPLICIT_DEPENDENCY_DOMAIN\=default
    export INDEX_STORE_COMPRESS\=NO
    export INDEX_STORE_ONLY_PROJECT_FILES\=NO
    export INFOPLIST_ENABLE_CFBUNDLEICONS_MERGE\=YES
    export INFOPLIST_EXPAND_BUILD_SETTINGS\=YES
    export INFOPLIST_FILE\=ACEClientApp/Info.plist
    export INFOPLIST_OUTPUT_FORMAT\=binary
    export INFOPLIST_PATH\=ACEClientApp.app/Info.plist
    export INFOPLIST_PREPROCESS\=NO
    export INFOSTRINGS_PATH\=ACEClientApp.app/en.lproj/InfoPlist.strings
    export INLINE_PRIVATE_FRAMEWORKS\=NO
    export INSTALLAPI_IGNORE_SKIP_INSTALL\=YES
    export INSTALLHDRS_COPY_PHASE\=NO
    export INSTALLHDRS_SCRIPT_PHASE\=NO
    export INSTALL_DIR\=/tmp/ACEClientApp.dst/Applications
    export INSTALL_GROUP\=staff
    export INSTALL_MODE_FLAG\=u+w,go-w,a+rX
    export INSTALL_OWNER\=alanrichardson
    export INSTALL_PATH\=/Applications
    export INSTALL_ROOT\=/tmp/ACEClientApp.dst
    export IPHONEOS_DEPLOYMENT_TARGET\=26.0
    export IS_UNOPTIMIZED_BUILD\=NO
    export JAVAC_DEFAULT_FLAGS\=-J-Xms64m\ -J-XX:NewSize\=4M\ -J-Dfile.encoding\=UTF8
    export JAVA_APP_STUB\=/System/Library/Frameworks/JavaVM.framework/Resources/MacOS/JavaApplicationStub
    export JAVA_ARCHIVE_CLASSES\=YES
    export JAVA_ARCHIVE_TYPE\=JAR
    export JAVA_COMPILER\=/usr/bin/javac
    export JAVA_FOLDER_PATH\=ACEClientApp.app/Java
    export JAVA_FRAMEWORK_RESOURCES_DIRS\=Resources
    export JAVA_JAR_FLAGS\=cv
    export JAVA_SOURCE_SUBDIR\=.
    export JAVA_USE_DEPENDENCIES\=YES
    export JAVA_ZIP_FLAGS\=-urg
    export JIKES_DEFAULT_FLAGS\=+E\ +OLDCSO
    export KEEP_PRIVATE_EXTERNS\=NO
    export LD_DEPENDENCY_INFO_FILE\=LOCAL_HOME/ace-private/mcx19b-implementation-20260914/pilot-preparation-20260915/settings-observation-fix/build/Build/Intermediates.noindex/ACEClientApp.build/Debug-iphonesimulator/ACEClientApp.build/Objects-normal/undefined_arch/ACEClientApp_dependency_info.dat
    export LD_EXPORT_SYMBOLS\=YES
    export LD_GENERATE_MAP_FILE\=NO
    export LD_MAP_FILE_PATH\=LOCAL_HOME/ace-private/mcx19b-implementation-20260914/pilot-preparation-20260915/settings-observation-fix/build/Build/Intermediates.noindex/ACEClientApp.build/Debug-iphonesimulator/ACEClientApp.build/ACEClientApp-LinkMap-normal-undefined_arch.txt
    export LD_NO_PIE\=NO
    export LD_QUOTE_LINKER_ARGUMENTS_FOR_COMPILER_DRIVER\=YES
    export LD_RUNPATH_SEARCH_PATHS_YES\=@loader_path/../Frameworks
    export LD_SHARED_CACHE_ELIGIBLE\=Automatic
    export LD_WARN_DUPLICATE_LIBRARIES\=NO
    export LD_WARN_UNUSED_DYLIBS\=NO
    export LEGACY_DEVELOPER_DIR\=/Applications/Xcode.app/Contents/PlugIns/Xcode3Core.ideplugin/Contents/SharedSupport/Developer
    export LEX\=lex
    export LIBRARY_DEXT_INSTALL_PATH\=/Library/DriverExtensions
    export LIBRARY_FLAG_NOSPACE\=YES
    export LIBRARY_FLAG_PREFIX\=-l
    export LIBRARY_KEXT_INSTALL_PATH\=/Library/Extensions
    export LIBRARY_SEARCH_PATHS\=LOCAL_HOME/ace-private/mcx19b-implementation-20260914/pilot-preparation-20260915/settings-observation-fix/build/Build/Products/Debug-iphonesimulator\ 
    export LINKER_DISPLAYS_MANGLED_NAMES\=NO
    export LINK_FILE_LIST_normal_x86_64\=LOCAL_HOME/ace-private/mcx19b-implementation-20260914/pilot-preparation-20260915/settings-observation-fix/build/Build/Intermediates.noindex/ACEClientApp.build/Debug-iphonesimulator/ACEClientApp.build/Objects-normal/x86_64/ACEClientApp.LinkFileList
    export LINK_OBJC_RUNTIME\=YES
    export LINK_WITH_STANDARD_LIBRARIES\=YES
    export LLVM_TARGET_TRIPLE_OS_VERSION\=ios26.0
    export LLVM_TARGET_TRIPLE_SUFFIX\=-simulator
    export LLVM_TARGET_TRIPLE_VENDOR\=apple
    export LM_AUX_CONST_METADATA_LIST_PATH_normal_x86_64\=LOCAL_HOME/ace-private/mcx19b-implementation-20260914/pilot-preparation-20260915/settings-observation-fix/build/Build/Intermediates.noindex/ACEClientApp.build/Debug-iphonesimulator/ACEClientApp.build/Objects-normal/x86_64/ACEClientApp.SwiftConstValuesFileList
    export LOCALIZATION_EXPORT_SUPPORTED\=YES
    export LOCALIZATION_PREFERS_STRING_CATALOGS\=NO
    export LOCALIZED_RESOURCES_FOLDER_PATH\=ACEClientApp.app/en.lproj
    export LOCALIZED_STRING_CODE_COMMENTS\=NO
    export LOCALIZED_STRING_MACRO_NAMES\=NSLocalizedString\ CFCopyLocalizedString
    export LOCALIZED_STRING_SWIFTUI_SUPPORT\=YES
    export LOCAL_ADMIN_APPS_DIR\=/Applications/Utilities
    export LOCAL_APPS_DIR\=/Applications
    export LOCAL_DEVELOPER_DIR\=/Library/Developer
    export LOCAL_LIBRARY_DIR\=/Library
    export LOCROOT\=LOCAL_HOME/Developer/sqe-platform-release-layout/ios/ACEClientApp
    export LOCSYMROOT\=LOCAL_HOME/Developer/sqe-platform-release-layout/ios/ACEClientApp
    export MACH_O_TYPE\=mh_execute
    export MAC_OS_X_PRODUCT_BUILD_VERSION\=25G83
    export MAC_OS_X_VERSION_ACTUAL\=260602
    export MAC_OS_X_VERSION_MAJOR\=260000
    export MAC_OS_X_VERSION_MINOR\=260600
    export MAKE_MERGEABLE\=NO
    export MERGEABLE_LIBRARY\=NO
    export MERGED_BINARY_TYPE\=none
    export MERGE_LINKED_LIBRARIES\=NO
    export METAL_LIBRARY_FILE_BASE\=default
    export METAL_LIBRARY_OUTPUT_DIR\=LOCAL_HOME/ace-private/mcx19b-implementation-20260914/pilot-preparation-20260915/settings-observation-fix/build/Build/Products/Debug-iphonesimulator/ACEClientApp.app
    export MODULES_FOLDER_PATH\=ACEClientApp.app/Modules
    export MODULE_CACHE_DIR\=LOCAL_HOME/ace-private/mcx19b-implementation-20260914/pilot-preparation-20260915/settings-observation-fix/build/ModuleCache.noindex
    export NATIVE_ARCH\=x86_64
    export NATIVE_ARCH_32_BIT\=i386
    export NATIVE_ARCH_64_BIT\=x86_64
    export NATIVE_ARCH_ACTUAL\=x86_64
    export NO_COMMON\=YES
    export OBJC_ABI_VERSION\=2
    export OBJECT_FILE_DIR\=LOCAL_HOME/ace-private/mcx19b-implementation-20260914/pilot-preparation-20260915/settings-observation-fix/build/Build/Intermediates.noindex/ACEClientApp.build/Debug-iphonesimulator/ACEClientApp.build/Objects
    export OBJECT_FILE_DIR_normal\=LOCAL_HOME/ace-private/mcx19b-implementation-20260914/pilot-preparation-20260915/settings-observation-fix/build/Build/Intermediates.noindex/ACEClientApp.build/Debug-iphonesimulator/ACEClientApp.build/Objects-normal
    export OBJROOT\=LOCAL_HOME/ace-private/mcx19b-implementation-20260914/pilot-preparation-20260915/settings-observation-fix/build/Build/Intermediates.noindex
    export ONLY_ACTIVE_ARCH\=NO
    export OS\=MACOS
    export OSAC\=/usr/bin/osacompile
    export PACKAGE_TYPE\=com.apple.package-type.wrapper.application
    export PASCAL_STRINGS\=YES
    export PATH\=/Applications/Xcode.app/Contents/SharedFrameworks/SwiftBuild.framework/Versions/A/PlugIns/SWBBuildService.bundle/Contents/PlugIns/SWBUniversalPlatformPlugin.bundle/Contents/Frameworks/SWBUniversalPlatform.framework/Resources:/Applications/Xcode.app/Contents/Developer/Toolchains/XcodeDefault.xctoolchain/usr/bin:/Applications/Xcode.app/Contents/Developer/Toolchains/XcodeDefault.xctoolchain/usr/local/bin:/Applications/Xcode.app/Contents/Developer/Toolchains/XcodeDefault.xctoolchain/usr/libexec:/Applications/Xcode.app/Contents/Developer/Platforms/iPhoneSimulator.platform/usr/bin:/Applications/Xcode.app/Contents/Developer/Platforms/iPhoneSimulator.platform/usr/local/bin:/Applications/Xcode.app/Contents/Developer/Platforms/iPhoneSimulator.platform/Developer/usr/bin:/Applications/Xcode.app/Contents/Developer/Platforms/iPhoneSimulator.platform/Developer/usr/local/bin:/Applications/Xcode.app/Contents/Developer/usr/bin:/Applications/Xcode.app/Contents/Developer/usr/local/bin:/usr/bin:/bin:/usr/sbin:/sbin
    export PATH_PREFIXES_EXCLUDED_FROM_HEADER_DEPENDENCIES\=/usr/include\ /usr/local/include\ /System/Library/Frameworks\ /System/Library/PrivateFrameworks\ /Applications/Xcode.app/Contents/Developer/Headers\ /Applications/Xcode.app/Contents/Developer/SDKs\ /Applications/Xcode.app/Contents/Developer/Platforms
    export PBDEVELOPMENTPLIST_PATH\=ACEClientApp.app/pbdevelopment.plist
    export PER_ARCH_MODULE_FILE_DIR\=LOCAL_HOME/ace-private/mcx19b-implementation-20260914/pilot-preparation-20260915/settings-observation-fix/build/Build/Intermediates.noindex/ACEClientApp.build/Debug-iphonesimulator/ACEClientApp.build/Objects-normal/undefined_arch
    export PER_ARCH_OBJECT_FILE_DIR\=LOCAL_HOME/ace-private/mcx19b-implementation-20260914/pilot-preparation-20260915/settings-observation-fix/build/Build/Intermediates.noindex/ACEClientApp.build/Debug-iphonesimulator/ACEClientApp.build/Objects-normal/undefined_arch
    export PER_VARIANT_OBJECT_FILE_DIR\=LOCAL_HOME/ace-private/mcx19b-implementation-20260914/pilot-preparation-20260915/settings-observation-fix/build/Build/Intermediates.noindex/ACEClientApp.build/Debug-iphonesimulator/ACEClientApp.build/Objects-normal
    export PKGINFO_FILE_PATH\=LOCAL_HOME/ace-private/mcx19b-implementation-20260914/pilot-preparation-20260915/settings-observation-fix/build/Build/Intermediates.noindex/ACEClientApp.build/Debug-iphonesimulator/ACEClientApp.build/PkgInfo
    export PKGINFO_PATH\=ACEClientApp.app/PkgInfo
    export PLATFORM_DEVELOPER_APPLICATIONS_DIR\=/Applications/Xcode.app/Contents/Developer/Platforms/iPhoneSimulator.platform/Developer/Applications
    export PLATFORM_DEVELOPER_BIN_DIR\=/Applications/Xcode.app/Contents/Developer/Platforms/iPhoneSimulator.platform/Developer/usr/bin
    export PLATFORM_DEVELOPER_LIBRARY_DIR\=/Applications/Xcode.app/Contents/Developer/Platforms/iPhoneSimulator.platform/Developer/Library
    export PLATFORM_DEVELOPER_SDK_DIR\=/Applications/Xcode.app/Contents/Developer/Platforms/iPhoneSimulator.platform/Developer/SDKs
    export PLATFORM_DEVELOPER_TOOLS_DIR\=/Applications/Xcode.app/Contents/Developer/Platforms/iPhoneSimulator.platform/Developer/Tools
    export PLATFORM_DEVELOPER_USR_DIR\=/Applications/Xcode.app/Contents/Developer/Platforms/iPhoneSimulator.platform/Developer/usr
    export PLATFORM_DIR\=/Applications/Xcode.app/Contents/Developer/Platforms/iPhoneSimulator.platform
    export PLATFORM_DISPLAY_NAME\=iOS\ Simulator
    export PLATFORM_FAMILY_NAME\=iOS
    export PLATFORM_NAME\=iphonesimulator
    export PLATFORM_PREFERRED_ARCH\=x86_64
    export PLATFORM_PRODUCT_BUILD_VERSION\=23E252
    export PLATFORM_REQUIRES_SWIFT_AUTOLINK_EXTRACT\=NO
    export PLATFORM_REQUIRES_SWIFT_MODULEWRAP\=NO
    export PLATFORM_USES_DSYMS\=YES
    export PLIST_FILE_OUTPUT_FORMAT\=binary
    export PLUGINS_FOLDER_PATH\=ACEClientApp.app/PlugIns
    export PRECOMPS_INCLUDE_HEADERS_FROM_BUILT_PRODUCTS_DIR\=YES
    export PRECOMP_DESTINATION_DIR\=LOCAL_HOME/ace-private/mcx19b-implementation-20260914/pilot-preparation-20260915/settings-observation-fix/build/Build/Intermediates.noindex/ACEClientApp.build/Debug-iphonesimulator/ACEClientApp.build/PrefixHeaders
    export PRIVATE_HEADERS_FOLDER_PATH\=ACEClientApp.app/PrivateHeaders
    export PROCESSED_INFOPLIST_PATH\=LOCAL_HOME/ace-private/mcx19b-implementation-20260914/pilot-preparation-20260915/settings-observation-fix/build/Build/Intermediates.noindex/ACEClientApp.build/Debug-iphonesimulator/ACEClientApp.build/Objects-normal/undefined_arch/Processed-Info.plist
    export PRODUCT_BUNDLE_IDENTIFIER\=com.example.aceclientapp
    export PRODUCT_BUNDLE_PACKAGE_TYPE\=APPL
    export PRODUCT_MODULE_NAME\=ACEClientApp
    export PRODUCT_NAME\=ACEClientApp
    export PRODUCT_SETTINGS_PATH\=LOCAL_HOME/Developer/sqe-platform-release-layout/ios/ACEClientApp/ACEClientApp/Info.plist
    export PRODUCT_TYPE\=com.apple.product-type.application
    export PROFILING_CODE\=NO
    export PROJECT\=ACEClientApp
    export PROJECT_DERIVED_FILE_DIR\=LOCAL_HOME/ace-private/mcx19b-implementation-20260914/pilot-preparation-20260915/settings-observation-fix/build/Build/Intermediates.noindex/ACEClientApp.build/DerivedSources
    export PROJECT_DIR\=LOCAL_HOME/Developer/sqe-platform-release-layout/ios/ACEClientApp
    export PROJECT_FILE_PATH\=LOCAL_HOME/Developer/sqe-platform-release-layout/ios/ACEClientApp/ACEClientApp.xcodeproj
    export PROJECT_GUID\=26f8b7df0a443f0244a28f97fc9f5059
    export PROJECT_NAME\=ACEClientApp
    export PROJECT_TEMP_DIR\=LOCAL_HOME/ace-private/mcx19b-implementation-20260914/pilot-preparation-20260915/settings-observation-fix/build/Build/Intermediates.noindex/ACEClientApp.build
    export PROJECT_TEMP_ROOT\=LOCAL_HOME/ace-private/mcx19b-implementation-20260914/pilot-preparation-20260915/settings-observation-fix/build/Build/Intermediates.noindex
    export PROVISIONING_PROFILE_REQUIRED\=NO
    export PROVISIONING_PROFILE_REQUIRED_YES_YES\=YES
    export PROVISIONING_PROFILE_SUPPORTED\=YES
    export PUBLIC_HEADERS_FOLDER_PATH\=ACEClientApp.app/Headers
    export RECOMMENDED_IPHONEOS_DEPLOYMENT_TARGET\=15.0
    export RECURSIVE_SEARCH_PATHS_FOLLOW_SYMLINKS\=YES
    export REMOVE_CVS_FROM_RESOURCES\=YES
    export REMOVE_GIT_FROM_RESOURCES\=YES
    export REMOVE_HEADERS_FROM_EMBEDDED_BUNDLES\=YES
    export REMOVE_HG_FROM_RESOURCES\=YES
    export REMOVE_STATIC_EXECUTABLES_FROM_EMBEDDED_BUNDLES\=YES
    export REMOVE_SVN_FROM_RESOURCES\=YES
    export RESCHEDULE_INDEPENDENT_HEADERS_PHASES\=YES
    export REZ_COLLECTOR_DIR\=LOCAL_HOME/ace-private/mcx19b-implementation-20260914/pilot-preparation-20260915/settings-observation-fix/build/Build/Intermediates.noindex/ACEClientApp.build/Debug-iphonesimulator/ACEClientApp.build/ResourceManagerResources
    export REZ_OBJECTS_DIR\=LOCAL_HOME/ace-private/mcx19b-implementation-20260914/pilot-preparation-20260915/settings-observation-fix/build/Build/Intermediates.noindex/ACEClientApp.build/Debug-iphonesimulator/ACEClientApp.build/ResourceManagerResources/Objects
    export REZ_SEARCH_PATHS\=LOCAL_HOME/ace-private/mcx19b-implementation-20260914/pilot-preparation-20260915/settings-observation-fix/build/Build/Products/Debug-iphonesimulator\ 
    export RPATH_ORIGIN\=@loader_path
    export RUNTIME_EXCEPTION_ALLOW_DYLD_ENVIRONMENT_VARIABLES\=NO
    export RUNTIME_EXCEPTION_ALLOW_JIT\=NO
    export RUNTIME_EXCEPTION_ALLOW_UNSIGNED_EXECUTABLE_MEMORY\=NO
    export RUNTIME_EXCEPTION_DEBUGGING_TOOL\=NO
    export RUNTIME_EXCEPTION_DISABLE_EXECUTABLE_PAGE_PROTECTION\=NO
    export RUNTIME_EXCEPTION_DISABLE_LIBRARY_VALIDATION\=NO
    export SCANNING_PCM_KEEP_CACHE_DIRECTORY\=YES
    export SCAN_ALL_SOURCE_FILES_FOR_INCLUDES\=NO
    export SCRIPTS_FOLDER_PATH\=ACEClientApp.app/Scripts
    export SCRIPT_INPUT_FILE_COUNT\=0
    export SCRIPT_INPUT_FILE_LIST_COUNT\=0
    export SCRIPT_OUTPUT_FILE_COUNT\=0
    export SCRIPT_OUTPUT_FILE_LIST_COUNT\=0
    export SDKROOT\=/Applications/Xcode.app/Contents/Developer/Platforms/iPhoneSimulator.platform/Developer/SDKs/iPhoneSimulator26.4.sdk
    export SDK_DIR\=/Applications/Xcode.app/Contents/Developer/Platforms/iPhoneSimulator.platform/Developer/SDKs/iPhoneSimulator26.4.sdk
    export SDK_DIR_iphonesimulator\=/Applications/Xcode.app/Contents/Developer/Platforms/iPhoneSimulator.platform/Developer/SDKs/iPhoneSimulator26.4.sdk
    export SDK_DIR_iphonesimulator26_4\=/Applications/Xcode.app/Contents/Developer/Platforms/iPhoneSimulator.platform/Developer/SDKs/iPhoneSimulator26.4.sdk
    export SDK_NAME\=iphonesimulator26.4
    export SDK_NAMES\=iphonesimulator26.4
    export SDK_PRODUCT_BUILD_VERSION\=23E252
    export SDK_STAT_CACHE_DIR\=LOCAL_HOME/ace-private/mcx19b-implementation-20260914/pilot-preparation-20260915/settings-observation-fix/build
    export SDK_STAT_CACHE_ENABLE\=YES
    export SDK_STAT_CACHE_PATH\=LOCAL_HOME/ace-private/mcx19b-implementation-20260914/pilot-preparation-20260915/settings-observation-fix/build/SDKStatCaches.noindex/iphonesimulator26.4-23E252-686eebb5dc1d8ecb277353a59184f4aa.sdkstatcache
    export SDK_VERSION\=26.4
    export SDK_VERSION_ACTUAL\=260400
    export SDK_VERSION_MAJOR\=260000
    export SDK_VERSION_MINOR\=260400
    export SED\=/usr/bin/sed
    export SEPARATE_STRIP\=NO
    export SEPARATE_SYMBOL_EDIT\=NO
    export SET_DIR_MODE_OWNER_GROUP\=YES
    export SET_FILE_MODE_OWNER_GROUP\=NO
    export SHALLOW_BUNDLE\=YES
    export SHALLOW_BUNDLE_TRIPLE\=ios-simulator
    export SHALLOW_BUNDLE_ios_macabi\=NO
    export SHALLOW_BUNDLE_macos\=NO
    export SHARED_DERIVED_FILE_DIR\=LOCAL_HOME/ace-private/mcx19b-implementation-20260914/pilot-preparation-20260915/settings-observation-fix/build/Build/Products/Debug-iphonesimulator/DerivedSources
    export SHARED_FRAMEWORKS_FOLDER_PATH\=ACEClientApp.app/SharedFrameworks
    export SHARED_PRECOMPS_DIR\=LOCAL_HOME/ace-private/mcx19b-implementation-20260914/pilot-preparation-20260915/settings-observation-fix/build/Build/Intermediates.noindex/PrecompiledHeaders
    export SHARED_SUPPORT_FOLDER_PATH\=ACEClientApp.app/SharedSupport
    export SKIP_INSTALL\=NO
    export SKIP_MERGEABLE_LIBRARY_BUNDLE_HOOK\=NO
    export SOURCE_ROOT\=LOCAL_HOME/Developer/sqe-platform-release-layout/ios/ACEClientApp
    export SRCROOT\=LOCAL_HOME/Developer/sqe-platform-release-layout/ios/ACEClientApp
    export STRINGSDATA_DIR\=LOCAL_HOME/ace-private/mcx19b-implementation-20260914/pilot-preparation-20260915/settings-observation-fix/build/Build/Intermediates.noindex/ACEClientApp.build/Debug-iphonesimulator/ACEClientApp.build/Objects-normal/undefined_arch
    export STRINGSDATA_ROOT\=LOCAL_HOME/ace-private/mcx19b-implementation-20260914/pilot-preparation-20260915/settings-observation-fix/build/Build/Intermediates.noindex/ACEClientApp.build/Debug-iphonesimulator/ACEClientApp.build
    export STRINGS_FILE_INFOPLIST_RENAME\=YES
    export STRINGS_FILE_OUTPUT_ENCODING\=binary
    export STRING_CATALOG_GENERATE_SYMBOLS\=NO
    export STRIP_BITCODE_FROM_COPIED_FILES\=NO
    export STRIP_INSTALLED_PRODUCT\=YES
    export STRIP_STYLE\=all
    export STRIP_SWIFT_SYMBOLS\=YES
    export SUPPORTED_DEVICE_FAMILIES\=1,2
    export SUPPORTED_PLATFORMS\=iphoneos\ iphonesimulator
    export SUPPORTS_MACCATALYST\=NO
    export SUPPORTS_ON_DEMAND_RESOURCES\=YES
    export SUPPORTS_TEXT_BASED_API\=NO
    export SUPPRESS_WARNINGS\=NO
    export SWIFT_ACTIVE_COMPILATION_CONDITIONS\=\ DEBUG
    export SWIFT_EMIT_CONST_VALUE_PROTOCOLS\=AnyResolverProviding\ AppEntity\ AppEnum\ AppExtension\ AppIntent\ AppIntentsPackage\ AppShortcutProviding\ AppShortcutsProvider\ AppUnionValue\ AppUnionValueCasesProviding\ DynamicOptionsProvider\ EntityQuery\ ExtensionPointDefining\ IntentValueQuery\ Resolver\ TransientEntity\ _AssistantIntentsProvider\ _GenerativeFunctionExtractable\ _IntentValueRepresentable
    export SWIFT_EMIT_LOC_STRINGS\=NO
    export SWIFT_ENABLE_EXPLICIT_MODULES\=YES
    export SWIFT_PLATFORM_TARGET_PREFIX\=ios
    export SWIFT_RESPONSE_FILE_PATH_normal_x86_64\=LOCAL_HOME/ace-private/mcx19b-implementation-20260914/pilot-preparation-20260915/settings-observation-fix/build/Build/Intermediates.noindex/ACEClientApp.build/Debug-iphonesimulator/ACEClientApp.build/Objects-normal/x86_64/ACEClientApp.SwiftFileList
    export SWIFT_USE_INTEGRATED_DRIVER\=YES
    export SWIFT_VERSION\=6.0
    export SYMROOT\=LOCAL_HOME/ace-private/mcx19b-implementation-20260914/pilot-preparation-20260915/settings-observation-fix/build/Build/Products
    export SYSTEM_ADMIN_APPS_DIR\=/Applications/Utilities
    export SYSTEM_APPS_DIR\=/Applications
    export SYSTEM_CORE_SERVICES_DIR\=/System/Library/CoreServices
    export SYSTEM_DEMOS_DIR\=/Applications/Extras
    export SYSTEM_DEVELOPER_APPS_DIR\=/Applications/Xcode.app/Contents/Developer/Applications
    export SYSTEM_DEVELOPER_BIN_DIR\=/Applications/Xcode.app/Contents/Developer/usr/bin
    export SYSTEM_DEVELOPER_DEMOS_DIR\=/Applications/Xcode.app/Contents/Developer/Applications/Utilities/Built\ Examples
    export SYSTEM_DEVELOPER_DIR\=/Applications/Xcode.app/Contents/Developer
    export SYSTEM_DEVELOPER_DOC_DIR\=/Applications/Xcode.app/Contents/Developer/ADC\ Reference\ Library
    export SYSTEM_DEVELOPER_GRAPHICS_TOOLS_DIR\=/Applications/Xcode.app/Contents/Developer/Applications/Graphics\ Tools
    export SYSTEM_DEVELOPER_JAVA_TOOLS_DIR\=/Applications/Xcode.app/Contents/Developer/Applications/Java\ Tools
    export SYSTEM_DEVELOPER_PERFORMANCE_TOOLS_DIR\=/Applications/Xcode.app/Contents/Developer/Applications/Performance\ Tools
    export SYSTEM_DEVELOPER_RELEASENOTES_DIR\=/Applications/Xcode.app/Contents/Developer/ADC\ Reference\ Library/releasenotes
    export SYSTEM_DEVELOPER_TOOLS\=/Applications/Xcode.app/Contents/Developer/Tools
    export SYSTEM_DEVELOPER_TOOLS_DOC_DIR\=/Applications/Xcode.app/Contents/Developer/ADC\ Reference\ Library/documentation/DeveloperTools
    export SYSTEM_DEVELOPER_TOOLS_RELEASENOTES_DIR\=/Applications/Xcode.app/Contents/Developer/ADC\ Reference\ Library/releasenotes/DeveloperTools
    export SYSTEM_DEVELOPER_USR_DIR\=/Applications/Xcode.app/Contents/Developer/usr
    export SYSTEM_DEVELOPER_UTILITIES_DIR\=/Applications/Xcode.app/Contents/Developer/Applications/Utilities
    export SYSTEM_DEXT_INSTALL_PATH\=/System/Library/DriverExtensions
    export SYSTEM_DOCUMENTATION_DIR\=/Library/Documentation
    export SYSTEM_EXTENSIONS_FOLDER_PATH\=ACEClientApp.app/SystemExtensions
    export SYSTEM_EXTENSIONS_FOLDER_PATH_SHALLOW_BUNDLE_NO\=ACEClientApp.app/Library/SystemExtensions
    export SYSTEM_EXTENSIONS_FOLDER_PATH_SHALLOW_BUNDLE_YES\=ACEClientApp.app/SystemExtensions
    export SYSTEM_KEXT_INSTALL_PATH\=/System/Library/Extensions
    export SYSTEM_LIBRARY_DIR\=/System/Library
    export TAPI_DEMANGLE\=YES
    export TAPI_ENABLE_PROJECT_HEADERS\=NO
    export TAPI_LANGUAGE\=objective-c
    export TAPI_LANGUAGE_STANDARD\=compiler-default
    export TAPI_USE_SRCROOT\=YES
    export TAPI_VERIFY_MODE\=Pedantic
    export TARGETED_DEVICE_FAMILY\=1
    export TARGETNAME\=ACEClientApp
    export TARGET_BUILD_DIR\=LOCAL_HOME/ace-private/mcx19b-implementation-20260914/pilot-preparation-20260915/settings-observation-fix/build/Build/Products/Debug-iphonesimulator
    export TARGET_NAME\=ACEClientApp
    export TARGET_TEMP_DIR\=LOCAL_HOME/ace-private/mcx19b-implementation-20260914/pilot-preparation-20260915/settings-observation-fix/build/Build/Intermediates.noindex/ACEClientApp.build/Debug-iphonesimulator/ACEClientApp.build
    export TEMP_DIR\=LOCAL_HOME/ace-private/mcx19b-implementation-20260914/pilot-preparation-20260915/settings-observation-fix/build/Build/Intermediates.noindex/ACEClientApp.build/Debug-iphonesimulator/ACEClientApp.build
    export TEMP_FILES_DIR\=LOCAL_HOME/ace-private/mcx19b-implementation-20260914/pilot-preparation-20260915/settings-observation-fix/build/Build/Intermediates.noindex/ACEClientApp.build/Debug-iphonesimulator/ACEClientApp.build
    export TEMP_FILE_DIR\=LOCAL_HOME/ace-private/mcx19b-implementation-20260914/pilot-preparation-20260915/settings-observation-fix/build/Build/Intermediates.noindex/ACEClientApp.build/Debug-iphonesimulator/ACEClientApp.build
    export TEMP_ROOT\=LOCAL_HOME/ace-private/mcx19b-implementation-20260914/pilot-preparation-20260915/settings-observation-fix/build/Build/Intermediates.noindex
    export TEMP_SANDBOX_DIR\=LOCAL_HOME/ace-private/mcx19b-implementation-20260914/pilot-preparation-20260915/settings-observation-fix/build/Build/Intermediates.noindex/TemporaryTaskSandboxes
    export TEST_FRAMEWORK_SEARCH_PATHS\=\ /Applications/Xcode.app/Contents/Developer/Platforms/iPhoneSimulator.platform/Developer/Library/Frameworks\ /Applications/Xcode.app/Contents/Developer/Platforms/iPhoneSimulator.platform/Developer/SDKs/iPhoneSimulator26.4.sdk/Developer/Library/Frameworks
    export TEST_LIBRARY_SEARCH_PATHS\=\ /Applications/Xcode.app/Contents/Developer/Platforms/iPhoneSimulator.platform/Developer/usr/lib
    export TOOLCHAINS\=com.apple.dt.toolchain.XcodeDefault
    export TOOLCHAIN_DIR\=/Applications/Xcode.app/Contents/Developer/Toolchains/XcodeDefault.xctoolchain
    export TREAT_MISSING_BASELINES_AS_TEST_FAILURES\=NO
    export TREAT_MISSING_SCRIPT_PHASE_OUTPUTS_AS_ERRORS\=NO
    export UID\=502
    export UNINSTALLED_PRODUCTS_DIR\=LOCAL_HOME/ace-private/mcx19b-implementation-20260914/pilot-preparation-20260915/settings-observation-fix/build/Build/Intermediates.noindex/UninstalledProducts
    export UNLOCALIZED_RESOURCES_FOLDER_PATH\=ACEClientApp.app
    export UNLOCALIZED_RESOURCES_FOLDER_PATH_SHALLOW_BUNDLE_NO\=ACEClientApp.app/Resources
    export UNLOCALIZED_RESOURCES_FOLDER_PATH_SHALLOW_BUNDLE_YES\=ACEClientApp.app
    export UNSTRIPPED_PRODUCT\=NO
    export USER\=alanrichardson
    export USER_APPS_DIR\=LOCAL_HOME/Applications
    export USER_LIBRARY_DIR\=LOCAL_HOME/Library
    export USE_DYNAMIC_NO_PIC\=YES
    export USE_HEADERMAP\=YES
    export USE_HEADER_SYMLINKS\=NO
    export VALIDATE_DEVELOPMENT_ASSET_PATHS\=YES_ERROR
    export VALIDATE_PRODUCT\=NO
    export VALID_ARCHS\=arm64\ x86_64
    export VERBOSE_PBXCP\=NO
    export VERSIONPLIST_PATH\=ACEClientApp.app/version.plist
    export VERSION_INFO_BUILDER\=alanrichardson
    export VERSION_INFO_FILE\=ACEClientApp_vers.c
    export VERSION_INFO_STRING\=\"@\(\#\)PROGRAM:ACEClientApp\ \ PROJECT:ACEClientApp-\"
    export WORKSPACE_DIR\=LOCAL_HOME/Developer/sqe-platform-release-layout/ios/ACEClientApp/ACEClientApp.xcodeproj
    export WRAPPER_EXTENSION\=app
    export WRAPPER_NAME\=ACEClientApp.app
    export WRAPPER_SUFFIX\=.app
    export WRAP_ASSET_PACKS_IN_SEPARATE_DIRECTORIES\=NO
    export XCODE_APP_SUPPORT_DIR\=/Applications/Xcode.app/Contents/Developer/Library/Xcode
    export XCODE_PRODUCT_BUILD_VERSION\=17E202
    export XCODE_VERSION_ACTUAL\=2641
    export XCODE_VERSION_MAJOR\=2600
    export XCODE_VERSION_MINOR\=2640
    export XPCSERVICES_FOLDER_PATH\=ACEClientApp.app/XPCServices
    export YACC\=yacc
    export _DISCOVER_COMMAND_LINE_LINKER_INPUTS\=YES
    export _DISCOVER_COMMAND_LINE_LINKER_INPUTS_INCLUDE_WL\=YES
    export _LD_MULTIARCH\=YES
    export _WRAPPER_CONTENTS_DIR_SHALLOW_BUNDLE_NO\=/Contents
    export _WRAPPER_PARENT_PATH_SHALLOW_BUNDLE_NO\=/..
    export _WRAPPER_RESOURCES_DIR_SHALLOW_BUNDLE_NO\=/Resources
    export __DIAGNOSE_DEPRECATED_ARCHS\=YES
    export __IS_NOT_MACOS\=YES
    export __IS_NOT_MACOS_macosx\=NO
    export __IS_NOT_SIMULATOR\=NO
    export __IS_NOT_SIMULATOR_simulator\=NO
    export __ORIGINAL_SDK_DEFINED_LLVM_TARGET_TRIPLE_SYS\=ios
    export arch\=undefined_arch
    export variant\=normal
    /bin/sh -c LOCAL_HOME/ace-private/mcx19b-implementation-20260914/pilot-preparation-20260915/settings-observation-fix/build/Build/Intermediates.noindex/ACEClientApp.build/Debug-iphonesimulator/ACEClientApp.build/Script-F1A2B3C4D5E6F70809101701.sh

ProcessInfoPlistFile LOCAL_HOME/ace-private/mcx19b-implementation-20260914/pilot-preparation-20260915/settings-observation-fix/build/Build/Products/Debug-iphonesimulator/ACEClientApp.app/Info.plist LOCAL_HOME/Developer/sqe-platform-release-layout/ios/ACEClientApp/ACEClientApp/Info.plist (in target 'ACEClientApp' from project 'ACEClientApp')
    cd LOCAL_HOME/Developer/sqe-platform-release-layout/ios/ACEClientApp
    builtin-infoPlistUtility LOCAL_HOME/Developer/sqe-platform-release-layout/ios/ACEClientApp/ACEClientApp/Info.plist -producttype com.apple.product-type.application -genpkginfo LOCAL_HOME/ace-private/mcx19b-implementation-20260914/pilot-preparation-20260915/settings-observation-fix/build/Build/Products/Debug-iphonesimulator/ACEClientApp.app/PkgInfo -expandbuildsettings -format binary -platform iphonesimulator -o LOCAL_HOME/ace-private/mcx19b-implementation-20260914/pilot-preparation-20260915/settings-observation-fix/build/Build/Products/Debug-iphonesimulator/ACEClientApp.app/Info.plist

SwiftDriver ACEClientApp normal x86_64 com.apple.xcode.tools.swift.compiler (in target 'ACEClientApp' from project 'ACEClientApp')
    cd LOCAL_HOME/Developer/sqe-platform-release-layout/ios/ACEClientApp
    builtin-SwiftDriver -- /Applications/Xcode.app/Contents/Developer/Toolchains/XcodeDefault.xctoolchain/usr/bin/swiftc -module-name ACEClientApp -O @LOCAL_HOME/ace-private/mcx19b-implementation-20260914/pilot-preparation-20260915/settings-observation-fix/build/Build/Intermediates.noindex/ACEClientApp.build/Debug-iphonesimulator/ACEClientApp.build/Objects-normal/x86_64/ACEClientApp.SwiftFileList -DDEBUG -enable-experimental-feature DebugDescriptionMacro -sdk /Applications/Xcode.app/Contents/Developer/Platforms/iPhoneSimulator.platform/Developer/SDKs/iPhoneSimulator26.4.sdk -target x86_64-apple-ios26.0-simulator -g -module-cache-path LOCAL_HOME/ace-private/mcx19b-implementation-20260914/pilot-preparation-20260915/settings-observation-fix/build/ModuleCache.noindex -Xfrontend -serialize-debugging-options -swift-version 6 -I LOCAL_HOME/ace-private/mcx19b-implementation-20260914/pilot-preparation-20260915/settings-observation-fix/build/Build/Products/Debug-iphonesimulator -F LOCAL_HOME/ace-private/mcx19b-implementation-20260914/pilot-preparation-20260915/settings-observation-fix/build/Build/Products/Debug-iphonesimulator -c -j16 -enable-batch-mode -incremental -output-file-map LOCAL_HOME/ace-private/mcx19b-implementation-20260914/pilot-preparation-20260915/settings-observation-fix/build/Build/Intermediates.noindex/ACEClientApp.build/Debug-iphonesimulator/ACEClientApp.build/Objects-normal/x86_64/ACEClientApp-OutputFileMap.json -use-frontend-parseable-output -save-temps -no-color-diagnostics -explicit-module-build -module-cache-path LOCAL_HOME/ace-private/mcx19b-implementation-20260914/pilot-preparation-20260915/settings-observation-fix/build/Build/Intermediates.noindex/SwiftExplicitPrecompiledModules -clang-scanner-module-cache-path LOCAL_HOME/ace-private/mcx19b-implementation-20260914/pilot-preparation-20260915/settings-observation-fix/build/ModuleCache.noindex -sdk-module-cache-path LOCAL_HOME/ace-private/mcx19b-implementation-20260914/pilot-preparation-20260915/settings-observation-fix/build/ModuleCache.noindex -cache-compile-job -cas-path LOCAL_HOME/ace-private/mcx19b-implementation-20260914/pilot-preparation-20260915/settings-observation-fix/build/CompilationCache.noindex/builtin -serialize-diagnostics -emit-dependencies -emit-module -emit-module-path LOCAL_HOME/ace-private/mcx19b-implementation-20260914/pilot-preparation-20260915/settings-observation-fix/build/Build/Intermediates.noindex/ACEClientApp.build/Debug-iphonesimulator/ACEClientApp.build/Objects-normal/x86_64/ACEClientApp.swiftmodule -validate-clang-modules-once -clang-build-session-file LOCAL_HOME/ace-private/mcx19b-implementation-20260914/pilot-preparation-20260915/settings-observation-fix/build/ModuleCache.noindex/Session.modulevalidation -Xcc -ILOCAL_HOME/ace-private/mcx19b-implementation-20260914/pilot-preparation-20260915/settings-observation-fix/build/Build/Intermediates.noindex/ACEClientApp.build/Debug-iphonesimulator/ACEClientApp.build/swift-overrides.hmap -emit-const-values -Xfrontend -const-gather-protocols-file -Xfrontend LOCAL_HOME/ace-private/mcx19b-implementation-20260914/pilot-preparation-20260915/settings-observation-fix/build/Build/Intermediates.noindex/ACEClientApp.build/Debug-iphonesimulator/ACEClientApp.build/Objects-normal/x86_64/ACEClientApp_const_extract_protocols.json -Xcc -iquote -Xcc LOCAL_HOME/ace-private/mcx19b-implementation-20260914/pilot-preparation-20260915/settings-observation-fix/build/Build/Intermediates.noindex/ACEClientApp.build/Debug-iphonesimulator/ACEClientApp.build/ACEClientApp-generated-files.hmap -Xcc -ILOCAL_HOME/ace-private/mcx19b-implementation-20260914/pilot-preparation-20260915/settings-observation-fix/build/Build/Intermediates.noindex/ACEClientApp.build/Debug-iphonesimulator/ACEClientApp.build/ACEClientApp-own-target-headers.hmap -Xcc -ILOCAL_HOME/ace-private/mcx19b-implementation-20260914/pilot-preparation-20260915/settings-observation-fix/build/Build/Intermediates.noindex/ACEClientApp.build/Debug-iphonesimulator/ACEClientApp.build/ACEClientApp-all-target-headers.hmap -Xcc -iquote -Xcc LOCAL_HOME/ace-private/mcx19b-implementation-20260914/pilot-preparation-20260915/settings-observation-fix/build/Build/Intermediates.noindex/ACEClientApp.build/Debug-iphonesimulator/ACEClientApp.build/ACEClientApp-project-headers.hmap -Xcc -ILOCAL_HOME/ace-private/mcx19b-implementation-20260914/pilot-preparation-20260915/settings-observation-fix/build/Build/Products/Debug-iphonesimulator/include -Xcc -ILOCAL_HOME/ace-private/mcx19b-implementation-20260914/pilot-preparation-20260915/settings-observation-fix/build/Build/Intermediates.noindex/ACEClientApp.build/Debug-iphonesimulator/ACEClientApp.build/DerivedSources-normal/x86_64 -Xcc -ILOCAL_HOME/ace-private/mcx19b-implementation-20260914/pilot-preparation-20260915/settings-observation-fix/build/Build/Intermediates.noindex/ACEClientApp.build/Debug-iphonesimulator/ACEClientApp.build/DerivedSources/x86_64 -Xcc -ILOCAL_HOME/ace-private/mcx19b-implementation-20260914/pilot-preparation-20260915/settings-observation-fix/build/Build/Intermediates.noindex/ACEClientApp.build/Debug-iphonesimulator/ACEClientApp.build/DerivedSources -emit-objc-header -emit-objc-header-path LOCAL_HOME/ace-private/mcx19b-implementation-20260914/pilot-preparation-20260915/settings-observation-fix/build/Build/Intermediates.noindex/ACEClientApp.build/Debug-iphonesimulator/ACEClientApp.build/Objects-normal/x86_64/ACEClientApp-Swift.h -working-directory LOCAL_HOME/Developer/sqe-platform-release-layout/ios/ACEClientApp -experimental-emit-module-separately -disable-cmo

SwiftExplicitDependencyGeneratePcm x86_64 LOCAL_HOME/ace-private/mcx19b-implementation-20260914/pilot-preparation-20260915/settings-observation-fix/build/ModuleCache.noindex/DeveloperToolsSupport-2NNYVJLPAUVC45XD2HRNQK1K8.pcm
Cache miss

SwiftExplicitDependencyGeneratePcm x86_64 LOCAL_HOME/ace-private/mcx19b-implementation-20260914/pilot-preparation-20260915/settings-observation-fix/build/ModuleCache.noindex/_Builtin_stdbool-34M7ILLB9X790E6O35RF0GUG6.pcm
Cache miss

SwiftExplicitDependencyGeneratePcm x86_64 LOCAL_HOME/ace-private/mcx19b-implementation-20260914/pilot-preparation-20260915/settings-observation-fix/build/ModuleCache.noindex/_Builtin_stdarg-AMBITY29UBF4LMP2XQSAAADKX.pcm
Cache miss

SwiftExplicitDependencyGeneratePcm x86_64 LOCAL_HOME/ace-private/mcx19b-implementation-20260914/pilot-preparation-20260915/settings-observation-fix/build/ModuleCache.noindex/_Builtin_stddef-3R8CT1PZY6DJVD29BCEESREL3.pcm
Cache miss

SwiftExplicitDependencyGeneratePcm x86_64 LOCAL_HOME/ace-private/mcx19b-implementation-20260914/pilot-preparation-20260915/settings-observation-fix/build/ModuleCache.noindex/_Builtin_float-DA8VCT3O6TWJ3AUTHPJJQ839S.pcm
Cache miss

SwiftExplicitDependencyGeneratePcm x86_64 LOCAL_HOME/ace-private/mcx19b-implementation-20260914/pilot-preparation-20260915/settings-observation-fix/build/ModuleCache.noindex/SwiftShims-ESP7HT63RWCPNUN1S10X6BYD4.pcm
Cache miss

SwiftExplicitDependencyGeneratePcm x86_64 LOCAL_HOME/ace-private/mcx19b-implementation-20260914/pilot-preparation-20260915/settings-observation-fix/build/ModuleCache.noindex/ptrcheck-14QLQ8ES878P43PLFMIQ79J6G.pcm
Cache miss

SwiftExplicitDependencyGeneratePcm x86_64 LOCAL_HOME/ace-private/mcx19b-implementation-20260914/pilot-preparation-20260915/settings-observation-fix/build/ModuleCache.noindex/_SwiftConcurrencyShims-4MAOYOJ4C7MIIPVQ7IIC73HLS.pcm
Cache miss

SwiftExplicitDependencyGeneratePcm x86_64 LOCAL_HOME/ace-private/mcx19b-implementation-20260914/pilot-preparation-20260915/settings-observation-fix/build/ModuleCache.noindex/_AvailabilityInternal-6DO2VTIQYL69HT6W43VFJXZT9.pcm
Cache miss

SwiftExplicitDependencyGeneratePcm x86_64 LOCAL_HOME/ace-private/mcx19b-implementation-20260914/pilot-preparation-20260915/settings-observation-fix/build/ModuleCache.noindex/ptrauth-EQZ8KUL2253NI0F1X6FN2RZIB.pcm
Cache miss

SwiftCachingPruneData LOCAL_HOME/ace-private/mcx19b-implementation-20260914/pilot-preparation-20260915/settings-observation-fix/build/CompilationCache.noindex/builtin /Applications/Xcode.app/Contents/Developer/Toolchains/XcodeDefault.xctoolchain/usr/bin/swiftc

SwiftExplicitDependencyGeneratePcm x86_64 LOCAL_HOME/ace-private/mcx19b-implementation-20260914/pilot-preparation-20260915/settings-observation-fix/build/ModuleCache.noindex/_DarwinFoundation1-BQGU72GQLCJ3QMYA7L7EPZSIZ.pcm
Cache miss

SwiftExplicitDependencyGeneratePcm x86_64 LOCAL_HOME/ace-private/mcx19b-implementation-20260914/pilot-preparation-20260915/settings-observation-fix/build/ModuleCache.noindex/_DarwinFoundation2-ENGD66W8V3MXFPV8TZX3F69SG.pcm
Cache miss

SwiftExplicitDependencyGeneratePcm x86_64 LOCAL_HOME/ace-private/mcx19b-implementation-20260914/pilot-preparation-20260915/settings-observation-fix/build/ModuleCache.noindex/_Builtin_limits-DEYKAJBP675YES6KO30HLHSRY.pcm
Cache miss

SwiftExplicitDependencyGeneratePcm x86_64 LOCAL_HOME/ace-private/mcx19b-implementation-20260914/pilot-preparation-20260915/settings-observation-fix/build/ModuleCache.noindex/_Builtin_stdint-6R6JTGCHBKP6AHDPYND9ERDO7.pcm
Cache miss

SwiftExplicitDependencyGeneratePcm x86_64 LOCAL_HOME/ace-private/mcx19b-implementation-20260914/pilot-preparation-20260915/settings-observation-fix/build/ModuleCache.noindex/_Builtin_tgmath-B1GNBMA4L23QBUZAG3JUOSSF0.pcm
Cache miss

SwiftExplicitDependencyGeneratePcm x86_64 LOCAL_HOME/ace-private/mcx19b-implementation-20260914/pilot-preparation-20260915/settings-observation-fix/build/ModuleCache.noindex/sys_types-B7XWFSDQU3OL660RYTB12131I.pcm
Cache miss

SwiftExplicitDependencyGeneratePcm x86_64 LOCAL_HOME/ace-private/mcx19b-implementation-20260914/pilot-preparation-20260915/settings-observation-fix/build/ModuleCache.noindex/_Builtin_stdatomic-5U2MUQZJOQC07O3HRFQJVI94A.pcm
Cache miss

SwiftExplicitDependencyGeneratePcm x86_64 LOCAL_HOME/ace-private/mcx19b-implementation-20260914/pilot-preparation-20260915/settings-observation-fix/build/ModuleCache.noindex/_DarwinFoundation3-ERE2TKMB5Q70KDJ30ZXUN6CK2.pcm
Cache miss

SwiftExplicitDependencyGeneratePcm x86_64 LOCAL_HOME/ace-private/mcx19b-implementation-20260914/pilot-preparation-20260915/settings-observation-fix/build/ModuleCache.noindex/_Builtin_intrinsics-CA2HR0YJMUYVVK8PKBTC6FF23.pcm
Cache miss

SwiftExplicitDependencyGeneratePcm x86_64 LOCAL_HOME/ace-private/mcx19b-implementation-20260914/pilot-preparation-20260915/settings-observation-fix/build/ModuleCache.noindex/_Builtin_inttypes-7C1UK1I1U2MEVZ7PZB33EXB3T.pcm
Cache miss

SwiftExplicitDependencyGeneratePcm x86_64 LOCAL_HOME/ace-private/mcx19b-implementation-20260914/pilot-preparation-20260915/settings-observation-fix/build/ModuleCache.noindex/Darwin-6DLWCT0U2AIZBTFDQ58LXGKFP.pcm
Cache miss

SwiftExplicitDependencyGeneratePcm x86_64 LOCAL_HOME/ace-private/mcx19b-implementation-20260914/pilot-preparation-20260915/settings-observation-fix/build/ModuleCache.noindex/MachO-CTLDVD7WVGD0RTMPVNH6G3JHJ.pcm
Cache miss

SwiftExplicitDependencyGeneratePcm x86_64 LOCAL_HOME/ace-private/mcx19b-implementation-20260914/pilot-preparation-20260915/settings-observation-fix/build/ModuleCache.noindex/ObjectiveC-142SV3LHHOFU8K4ZRXB2RZ2T1.pcm
Cache miss

SwiftExplicitDependencyGeneratePcm x86_64 LOCAL_HOME/ace-private/mcx19b-implementation-20260914/pilot-preparation-20260915/settings-observation-fix/build/ModuleCache.noindex/os_object-8060WUA6ET9DWBLQI2MTZSQF8.pcm
Cache miss

SwiftExplicitDependencyGeneratePcm x86_64 LOCAL_HOME/ace-private/mcx19b-implementation-20260914/pilot-preparation-20260915/settings-observation-fix/build/ModuleCache.noindex/os_workgroup-BNERQRE1K9FXWL9AN9Z7HXS0C.pcm
Cache miss

SwiftExplicitDependencyGeneratePcm x86_64 LOCAL_HOME/ace-private/mcx19b-implementation-20260914/pilot-preparation-20260915/settings-observation-fix/build/ModuleCache.noindex/simd-B3X0DOXSPJKFZ6ZPV23J8JFRC.pcm
Cache miss

SwiftExplicitDependencyGeneratePcm x86_64 LOCAL_HOME/ace-private/mcx19b-implementation-20260914/pilot-preparation-20260915/settings-observation-fix/build/ModuleCache.noindex/Dispatch-4E8PSO6EHHE2O106ZSCUXT05M.pcm
Cache miss

SwiftExplicitDependencyGeneratePcm x86_64 LOCAL_HOME/ace-private/mcx19b-implementation-20260914/pilot-preparation-20260915/settings-observation-fix/build/ModuleCache.noindex/CoreFoundation-A4GPEKMCX4Y0HYMX8H9R5P9D.pcm
Cache miss

SwiftExplicitDependencyGeneratePcm x86_64 LOCAL_HOME/ace-private/mcx19b-implementation-20260914/pilot-preparation-20260915/settings-observation-fix/build/ModuleCache.noindex/XPC-DQW8NY9EOINW58OI1CB99ZXK8.pcm
Cache miss

SwiftExplicitDependencyGeneratePcm x86_64 LOCAL_HOME/ace-private/mcx19b-implementation-20260914/pilot-preparation-20260915/settings-observation-fix/build/ModuleCache.noindex/os-AB1OSBO3XR1NMBSGVYGBN23SG.pcm
Cache miss

SwiftExplicitDependencyGeneratePcm x86_64 LOCAL_HOME/ace-private/mcx19b-implementation-20260914/pilot-preparation-20260915/settings-observation-fix/build/ModuleCache.noindex/CoreGraphics-8AOX4K0G2ENQEZAMRM7B49DN6.pcm
Cache miss

SwiftExplicitDependencyGeneratePcm x86_64 LOCAL_HOME/ace-private/mcx19b-implementation-20260914/pilot-preparation-20260915/settings-observation-fix/build/ModuleCache.noindex/CFNetwork-7DA7X6FE1WYEUO18O22HH0JFR.pcm
Cache miss

SwiftExplicitDependencyGeneratePcm x86_64 LOCAL_HOME/ace-private/mcx19b-implementation-20260914/pilot-preparation-20260915/settings-observation-fix/build/ModuleCache.noindex/Security-7TU48FPKZ8T34HEVLPHX3JV56.pcm
Cache miss

SwiftExplicitDependencyGeneratePcm x86_64 LOCAL_HOME/ace-private/mcx19b-implementation-20260914/pilot-preparation-20260915/settings-observation-fix/build/ModuleCache.noindex/Foundation-BYRKDUC09CX6R0ZQU8PW9M5G6.pcm
Cache miss

SwiftExplicitDependencyGeneratePcm x86_64 LOCAL_HOME/ace-private/mcx19b-implementation-20260914/pilot-preparation-20260915/settings-observation-fix/build/ModuleCache.noindex/CoreText-EM5K5C4U9YW2Q2FRLURDM0VVD.pcm
Cache miss

SwiftExplicitDependencyGeneratePcm x86_64 LOCAL_HOME/ace-private/mcx19b-implementation-20260914/pilot-preparation-20260915/settings-observation-fix/build/ModuleCache.noindex/ImageIO-8WB63I76DJPMGH5ZOZ2IFUYC5.pcm
Cache miss

SwiftExplicitDependencyGeneratePcm x86_64 LOCAL_HOME/ace-private/mcx19b-implementation-20260914/pilot-preparation-20260915/settings-observation-fix/build/ModuleCache.noindex/Spatial-9N7T4ZEBA7MANC3P7YKO3RSWA.pcm
Cache miss

SwiftExplicitDependencyGeneratePcm x86_64 LOCAL_HOME/ace-private/mcx19b-implementation-20260914/pilot-preparation-20260915/settings-observation-fix/build/ModuleCache.noindex/UIUtilities-9X7GUR9YJ9ZNDE1BL8914TTP9.pcm
Cache miss

SwiftExplicitDependencyGeneratePcm x86_64 LOCAL_HOME/ace-private/mcx19b-implementation-20260914/pilot-preparation-20260915/settings-observation-fix/build/ModuleCache.noindex/FileProvider-BTQP5R7G9JB03MLQPT1GQ2Y71.pcm
Cache miss

SwiftExplicitDependencyGeneratePcm x86_64 LOCAL_HOME/ace-private/mcx19b-implementation-20260914/pilot-preparation-20260915/settings-observation-fix/build/ModuleCache.noindex/Accessibility-6YYYP1SOPLPM1P3NEBKAJV03T.pcm
Cache miss

SwiftExplicitDependencyGeneratePcm x86_64 LOCAL_HOME/ace-private/mcx19b-implementation-20260914/pilot-preparation-20260915/settings-observation-fix/build/ModuleCache.noindex/UniformTypeIdentifiers-55ESA9CTBOZHT6J4K6E3POLZG.pcm
Cache miss

SwiftExplicitDependencyGeneratePcm x86_64 LOCAL_HOME/ace-private/mcx19b-implementation-20260914/pilot-preparation-20260915/settings-observation-fix/build/ModuleCache.noindex/IOSurface-4LPAO4DGC4KLMIG0E1T403LRS.pcm
Cache miss

SwiftExplicitDependencyGeneratePcm x86_64 LOCAL_HOME/ace-private/mcx19b-implementation-20260914/pilot-preparation-20260915/settings-observation-fix/build/ModuleCache.noindex/OSLog-2PTQZ1T2KOZN6M2XA9IYS0SL2.pcm
Cache miss

SwiftExplicitDependencyGeneratePcm x86_64 LOCAL_HOME/ace-private/mcx19b-implementation-20260914/pilot-preparation-20260915/settings-observation-fix/build/ModuleCache.noindex/CoreData-ET85DU976LDOZHXKZO371KPL9.pcm
Cache miss

SwiftExplicitDependencyGeneratePcm x86_64 LOCAL_HOME/ace-private/mcx19b-implementation-20260914/pilot-preparation-20260915/settings-observation-fix/build/ModuleCache.noindex/OpenGLES-8VJCCRHHWXDCR5HA8XCO7OU79.pcm
Cache miss

SwiftExplicitDependencyGeneratePcm x86_64 LOCAL_HOME/ace-private/mcx19b-implementation-20260914/pilot-preparation-20260915/settings-observation-fix/build/ModuleCache.noindex/Symbols-9Y70BY1DL4GDZT689S6VRZJ8A.pcm
Cache miss

SwiftExplicitDependencyGeneratePcm x86_64 LOCAL_HOME/ace-private/mcx19b-implementation-20260914/pilot-preparation-20260915/settings-observation-fix/build/ModuleCache.noindex/UserNotifications-A3PLAF19NAYF7KYETDTUWRNDS.pcm
Cache miss

SwiftExplicitDependencyGeneratePcm x86_64 LOCAL_HOME/ace-private/mcx19b-implementation-20260914/pilot-preparation-20260915/settings-observation-fix/build/ModuleCache.noindex/CoreTransferable-S7MSW9442ZL1ISHSNFGMMAPY.pcm
Cache miss

SwiftExplicitDependencyGeneratePcm x86_64 LOCAL_HOME/ace-private/mcx19b-implementation-20260914/pilot-preparation-20260915/settings-observation-fix/build/ModuleCache.noindex/DataDetection-EFFGV5SXSMAG9BEEO0HBIKPKI.pcm
Cache miss

SwiftExplicitDependencyGeneratePcm x86_64 LOCAL_HOME/ace-private/mcx19b-implementation-20260914/pilot-preparation-20260915/settings-observation-fix/build/ModuleCache.noindex/Metal-ACWZFV7N7AC4ULWD32A5DFBV4.pcm
Cache miss

SwiftExplicitDependencyGeneratePcm x86_64 LOCAL_HOME/ace-private/mcx19b-implementation-20260914/pilot-preparation-20260915/settings-observation-fix/build/ModuleCache.noindex/CoreVideo-949TBNA906R2I5BF6E9CZVC1F.pcm
Cache miss

SwiftExplicitDependencyGeneratePcm x86_64 LOCAL_HOME/ace-private/mcx19b-implementation-20260914/pilot-preparation-20260915/settings-observation-fix/build/ModuleCache.noindex/QuartzCore-8DSC4QPVKE5OUVCHGHNJ9V98J.pcm
Cache miss

SwiftExplicitDependencyGeneratePcm x86_64 LOCAL_HOME/ace-private/mcx19b-implementation-20260914/pilot-preparation-20260915/settings-observation-fix/build/ModuleCache.noindex/CoreImage-5GKGV6IM8ZX1R6VF3Z1FC3W3S.pcm
Cache miss

SwiftExplicitDependencyGeneratePcm x86_64 LOCAL_HOME/ace-private/mcx19b-implementation-20260914/pilot-preparation-20260915/settings-observation-fix/build/ModuleCache.noindex/SwiftUICore-AQ8H7N1AG6KSF5KTRO8AZ85Q7.pcm
Cache miss

SwiftExplicitDependencyGeneratePcm x86_64 LOCAL_HOME/ace-private/mcx19b-implementation-20260914/pilot-preparation-20260915/settings-observation-fix/build/ModuleCache.noindex/UIKit-6YQZ2DIKSVNG0M14A2YIXK7WE.pcm
Cache miss

SwiftExplicitDependencyGeneratePcm x86_64 LOCAL_HOME/ace-private/mcx19b-implementation-20260914/pilot-preparation-20260915/settings-observation-fix/build/ModuleCache.noindex/SwiftUI-58LM7824SSRM65167200IMFJ4.pcm
Cache miss

SwiftEmitModule normal x86_64 Emitting\ module\ for\ ACEClientApp (in target 'ACEClientApp' from project 'ACEClientApp')

EmitSwiftModule normal x86_64 (in target 'ACEClientApp' from project 'ACEClientApp')
    cd LOCAL_HOME/Developer/sqe-platform-release-layout/ios/ACEClientApp
    

Cache miss
SwiftCompile normal x86_64 Compiling\ SessionState.swift LOCAL_HOME/Developer/sqe-platform-release-layout/ios/ACEClientApp/ACEClientApp/SessionState.swift (in target 'ACEClientApp' from project 'ACEClientApp')
SwiftCompile normal x86_64 LOCAL_HOME/Developer/sqe-platform-release-layout/ios/ACEClientApp/ACEClientApp/SessionState.swift (in target 'ACEClientApp' from project 'ACEClientApp')
    cd LOCAL_HOME/Developer/sqe-platform-release-layout/ios/ACEClientApp
    

Cache miss
SwiftCompile normal x86_64 Compiling\ Configuration.swift LOCAL_HOME/Developer/sqe-platform-release-layout/ios/ACEClientApp/ACEClientApp/Configuration.swift (in target 'ACEClientApp' from project 'ACEClientApp')
Cache miss

SwiftCompile normal x86_64 LOCAL_HOME/Developer/sqe-platform-release-layout/ios/ACEClientApp/ACEClientApp/Configuration.swift (in target 'ACEClientApp' from project 'ACEClientApp')
    cd LOCAL_HOME/Developer/sqe-platform-release-layout/ios/ACEClientApp
    

SwiftCompile normal x86_64 Compiling\ ACEClientAppApp.swift LOCAL_HOME/Developer/sqe-platform-release-layout/ios/ACEClientApp/ACEClientApp/ACEClientAppApp.swift (in target 'ACEClientApp' from project 'ACEClientApp')
SwiftCompile normal x86_64 LOCAL_HOME/Developer/sqe-platform-release-layout/ios/ACEClientApp/ACEClientApp/ACEClientAppApp.swift (in target 'ACEClientApp' from project 'ACEClientApp')
    cd LOCAL_HOME/Developer/sqe-platform-release-layout/ios/ACEClientApp
    

Cache miss
SwiftCompile normal x86_64 Compiling\ Network.swift LOCAL_HOME/Developer/sqe-platform-release-layout/ios/ACEClientApp/ACEClientApp/Network.swift (in target 'ACEClientApp' from project 'ACEClientApp')
Cache miss

SwiftCompile normal x86_64 LOCAL_HOME/Developer/sqe-platform-release-layout/ios/ACEClientApp/ACEClientApp/Network.swift (in target 'ACEClientApp' from project 'ACEClientApp')
    cd LOCAL_HOME/Developer/sqe-platform-release-layout/ios/ACEClientApp
    

SwiftCompile normal x86_64 Compiling\ ReleaseModels.swift LOCAL_HOME/Developer/sqe-platform-release-layout/ios/ACEClientApp/ACEClientApp/ReleaseModels.swift (in target 'ACEClientApp' from project 'ACEClientApp')
Cache miss

SwiftCompile normal x86_64 LOCAL_HOME/Developer/sqe-platform-release-layout/ios/ACEClientApp/ACEClientApp/ReleaseModels.swift (in target 'ACEClientApp' from project 'ACEClientApp')
    cd LOCAL_HOME/Developer/sqe-platform-release-layout/ios/ACEClientApp
    

SwiftCompile normal x86_64 Compiling\ DebugScenario.swift LOCAL_HOME/Developer/sqe-platform-release-layout/ios/ACEClientApp/ACEClientApp/DebugScenario.swift (in target 'ACEClientApp' from project 'ACEClientApp')
Cache miss

SwiftCompile normal x86_64 LOCAL_HOME/Developer/sqe-platform-release-layout/ios/ACEClientApp/ACEClientApp/DebugScenario.swift (in target 'ACEClientApp' from project 'ACEClientApp')
    cd LOCAL_HOME/Developer/sqe-platform-release-layout/ios/ACEClientApp
    

SwiftCompile normal x86_64 Compiling\ KeychainStore.swift LOCAL_HOME/Developer/sqe-platform-release-layout/ios/ACEClientApp/ACEClientApp/KeychainStore.swift (in target 'ACEClientApp' from project 'ACEClientApp')
Cache miss

SwiftCompile normal x86_64 LOCAL_HOME/Developer/sqe-platform-release-layout/ios/ACEClientApp/ACEClientApp/KeychainStore.swift (in target 'ACEClientApp' from project 'ACEClientApp')
    cd LOCAL_HOME/Developer/sqe-platform-release-layout/ios/ACEClientApp
    

SwiftCompile normal x86_64 Compiling\ Views.swift LOCAL_HOME/Developer/sqe-platform-release-layout/ios/ACEClientApp/ACEClientApp/Views.swift (in target 'ACEClientApp' from project 'ACEClientApp')
SwiftCompile normal x86_64 LOCAL_HOME/Developer/sqe-platform-release-layout/ios/ACEClientApp/ACEClientApp/Views.swift (in target 'ACEClientApp' from project 'ACEClientApp')
    cd LOCAL_HOME/Developer/sqe-platform-release-layout/ios/ACEClientApp
    

Cache miss
SwiftDriverJobDiscovery normal x86_64 Emitting module for ACEClientApp (in target 'ACEClientApp' from project 'ACEClientApp')

SwiftDriver\ Compilation\ Requirements ACEClientApp normal x86_64 com.apple.xcode.tools.swift.compiler (in target 'ACEClientApp' from project 'ACEClientApp')
    cd LOCAL_HOME/Developer/sqe-platform-release-layout/ios/ACEClientApp
    builtin-Swift-Compilation-Requirements -- /Applications/Xcode.app/Contents/Developer/Toolchains/XcodeDefault.xctoolchain/usr/bin/swiftc -module-name ACEClientApp -O @LOCAL_HOME/ace-private/mcx19b-implementation-20260914/pilot-preparation-20260915/settings-observation-fix/build/Build/Intermediates.noindex/ACEClientApp.build/Debug-iphonesimulator/ACEClientApp.build/Objects-normal/x86_64/ACEClientApp.SwiftFileList -DDEBUG -enable-experimental-feature DebugDescriptionMacro -sdk /Applications/Xcode.app/Contents/Developer/Platforms/iPhoneSimulator.platform/Developer/SDKs/iPhoneSimulator26.4.sdk -target x86_64-apple-ios26.0-simulator -g -module-cache-path LOCAL_HOME/ace-private/mcx19b-implementation-20260914/pilot-preparation-20260915/settings-observation-fix/build/ModuleCache.noindex -Xfrontend -serialize-debugging-options -swift-version 6 -I LOCAL_HOME/ace-private/mcx19b-implementation-20260914/pilot-preparation-20260915/settings-observation-fix/build/Build/Products/Debug-iphonesimulator -F LOCAL_HOME/ace-private/mcx19b-implementation-20260914/pilot-preparation-20260915/settings-observation-fix/build/Build/Products/Debug-iphonesimulator -c -j16 -enable-batch-mode -incremental -output-file-map LOCAL_HOME/ace-private/mcx19b-implementation-20260914/pilot-preparation-20260915/settings-observation-fix/build/Build/Intermediates.noindex/ACEClientApp.build/Debug-iphonesimulator/ACEClientApp.build/Objects-normal/x86_64/ACEClientApp-OutputFileMap.json -use-frontend-parseable-output -save-temps -no-color-diagnostics -explicit-module-build -module-cache-path LOCAL_HOME/ace-private/mcx19b-implementation-20260914/pilot-preparation-20260915/settings-observation-fix/build/Build/Intermediates.noindex/SwiftExplicitPrecompiledModules -clang-scanner-module-cache-path LOCAL_HOME/ace-private/mcx19b-implementation-20260914/pilot-preparation-20260915/settings-observation-fix/build/ModuleCache.noindex -sdk-module-cache-path LOCAL_HOME/ace-private/mcx19b-implementation-20260914/pilot-preparation-20260915/settings-observation-fix/build/ModuleCache.noindex -cache-compile-job -cas-path LOCAL_HOME/ace-private/mcx19b-implementation-20260914/pilot-preparation-20260915/settings-observation-fix/build/CompilationCache.noindex/builtin -serialize-diagnostics -emit-dependencies -emit-module -emit-module-path LOCAL_HOME/ace-private/mcx19b-implementation-20260914/pilot-preparation-20260915/settings-observation-fix/build/Build/Intermediates.noindex/ACEClientApp.build/Debug-iphonesimulator/ACEClientApp.build/Objects-normal/x86_64/ACEClientApp.swiftmodule -validate-clang-modules-once -clang-build-session-file LOCAL_HOME/ace-private/mcx19b-implementation-20260914/pilot-preparation-20260915/settings-observation-fix/build/ModuleCache.noindex/Session.modulevalidation -Xcc -ILOCAL_HOME/ace-private/mcx19b-implementation-20260914/pilot-preparation-20260915/settings-observation-fix/build/Build/Intermediates.noindex/ACEClientApp.build/Debug-iphonesimulator/ACEClientApp.build/swift-overrides.hmap -emit-const-values -Xfrontend -const-gather-protocols-file -Xfrontend LOCAL_HOME/ace-private/mcx19b-implementation-20260914/pilot-preparation-20260915/settings-observation-fix/build/Build/Intermediates.noindex/ACEClientApp.build/Debug-iphonesimulator/ACEClientApp.build/Objects-normal/x86_64/ACEClientApp_const_extract_protocols.json -Xcc -iquote -Xcc LOCAL_HOME/ace-private/mcx19b-implementation-20260914/pilot-preparation-20260915/settings-observation-fix/build/Build/Intermediates.noindex/ACEClientApp.build/Debug-iphonesimulator/ACEClientApp.build/ACEClientApp-generated-files.hmap -Xcc -ILOCAL_HOME/ace-private/mcx19b-implementation-20260914/pilot-preparation-20260915/settings-observation-fix/build/Build/Intermediates.noindex/ACEClientApp.build/Debug-iphonesimulator/ACEClientApp.build/ACEClientApp-own-target-headers.hmap -Xcc -ILOCAL_HOME/ace-private/mcx19b-implementation-20260914/pilot-preparation-20260915/settings-observation-fix/build/Build/Intermediates.noindex/ACEClientApp.build/Debug-iphonesimulator/ACEClientApp.build/ACEClientApp-all-target-headers.hmap -Xcc -iquote -Xcc LOCAL_HOME/ace-private/mcx19b-implementation-20260914/pilot-preparation-20260915/settings-observation-fix/build/Build/Intermediates.noindex/ACEClientApp.build/Debug-iphonesimulator/ACEClientApp.build/ACEClientApp-project-headers.hmap -Xcc -ILOCAL_HOME/ace-private/mcx19b-implementation-20260914/pilot-preparation-20260915/settings-observation-fix/build/Build/Products/Debug-iphonesimulator/include -Xcc -ILOCAL_HOME/ace-private/mcx19b-implementation-20260914/pilot-preparation-20260915/settings-observation-fix/build/Build/Intermediates.noindex/ACEClientApp.build/Debug-iphonesimulator/ACEClientApp.build/DerivedSources-normal/x86_64 -Xcc -ILOCAL_HOME/ace-private/mcx19b-implementation-20260914/pilot-preparation-20260915/settings-observation-fix/build/Build/Intermediates.noindex/ACEClientApp.build/Debug-iphonesimulator/ACEClientApp.build/DerivedSources/x86_64 -Xcc -ILOCAL_HOME/ace-private/mcx19b-implementation-20260914/pilot-preparation-20260915/settings-observation-fix/build/Build/Intermediates.noindex/ACEClientApp.build/Debug-iphonesimulator/ACEClientApp.build/DerivedSources -emit-objc-header -emit-objc-header-path LOCAL_HOME/ace-private/mcx19b-implementation-20260914/pilot-preparation-20260915/settings-observation-fix/build/Build/Intermediates.noindex/ACEClientApp.build/Debug-iphonesimulator/ACEClientApp.build/Objects-normal/x86_64/ACEClientApp-Swift.h -working-directory LOCAL_HOME/Developer/sqe-platform-release-layout/ios/ACEClientApp -experimental-emit-module-separately -disable-cmo

SwiftMergeGeneratedHeaders LOCAL_HOME/ace-private/mcx19b-implementation-20260914/pilot-preparation-20260915/settings-observation-fix/build/Build/Intermediates.noindex/ACEClientApp.build/Debug-iphonesimulator/ACEClientApp.build/DerivedSources/ACEClientApp-Swift.h LOCAL_HOME/ace-private/mcx19b-implementation-20260914/pilot-preparation-20260915/settings-observation-fix/build/Build/Intermediates.noindex/ACEClientApp.build/Debug-iphonesimulator/ACEClientApp.build/Objects-normal/x86_64/ACEClientApp-Swift.h (in target 'ACEClientApp' from project 'ACEClientApp')
    cd LOCAL_HOME/Developer/sqe-platform-release-layout/ios/ACEClientApp
    builtin-swiftHeaderTool -arch x86_64 LOCAL_HOME/ace-private/mcx19b-implementation-20260914/pilot-preparation-20260915/settings-observation-fix/build/Build/Intermediates.noindex/ACEClientApp.build/Debug-iphonesimulator/ACEClientApp.build/Objects-normal/x86_64/ACEClientApp-Swift.h -o LOCAL_HOME/ace-private/mcx19b-implementation-20260914/pilot-preparation-20260915/settings-observation-fix/build/Build/Intermediates.noindex/ACEClientApp.build/Debug-iphonesimulator/ACEClientApp.build/DerivedSources/ACEClientApp-Swift.h

Copy LOCAL_HOME/ace-private/mcx19b-implementation-20260914/pilot-preparation-20260915/settings-observation-fix/build/Build/Products/Debug-iphonesimulator/ACEClientApp.swiftmodule/x86_64-apple-ios-simulator.swiftmodule LOCAL_HOME/ace-private/mcx19b-implementation-20260914/pilot-preparation-20260915/settings-observation-fix/build/Build/Intermediates.noindex/ACEClientApp.build/Debug-iphonesimulator/ACEClientApp.build/Objects-normal/x86_64/ACEClientApp.swiftmodule (in target 'ACEClientApp' from project 'ACEClientApp')
    cd LOCAL_HOME/Developer/sqe-platform-release-layout/ios/ACEClientApp
    builtin-copy -exclude .DS_Store -exclude CVS -exclude .svn -exclude .git -exclude .hg -strip-unsigned-binaries -strip-deterministic -strip-tool /Applications/Xcode.app/Contents/Developer/Toolchains/XcodeDefault.xctoolchain/usr/bin/strip -resolve-src-symlinks -rename LOCAL_HOME/ace-private/mcx19b-implementation-20260914/pilot-preparation-20260915/settings-observation-fix/build/Build/Intermediates.noindex/ACEClientApp.build/Debug-iphonesimulator/ACEClientApp.build/Objects-normal/x86_64/ACEClientApp.swiftmodule LOCAL_HOME/ace-private/mcx19b-implementation-20260914/pilot-preparation-20260915/settings-observation-fix/build/Build/Products/Debug-iphonesimulator/ACEClientApp.swiftmodule/x86_64-apple-ios-simulator.swiftmodule

Copy LOCAL_HOME/ace-private/mcx19b-implementation-20260914/pilot-preparation-20260915/settings-observation-fix/build/Build/Products/Debug-iphonesimulator/ACEClientApp.swiftmodule/x86_64-apple-ios-simulator.abi.json LOCAL_HOME/ace-private/mcx19b-implementation-20260914/pilot-preparation-20260915/settings-observation-fix/build/Build/Intermediates.noindex/ACEClientApp.build/Debug-iphonesimulator/ACEClientApp.build/Objects-normal/x86_64/ACEClientApp.abi.json (in target 'ACEClientApp' from project 'ACEClientApp')
    cd LOCAL_HOME/Developer/sqe-platform-release-layout/ios/ACEClientApp
    builtin-copy -exclude .DS_Store -exclude CVS -exclude .svn -exclude .git -exclude .hg -strip-unsigned-binaries -strip-deterministic -strip-tool /Applications/Xcode.app/Contents/Developer/Toolchains/XcodeDefault.xctoolchain/usr/bin/strip -resolve-src-symlinks -rename LOCAL_HOME/ace-private/mcx19b-implementation-20260914/pilot-preparation-20260915/settings-observation-fix/build/Build/Intermediates.noindex/ACEClientApp.build/Debug-iphonesimulator/ACEClientApp.build/Objects-normal/x86_64/ACEClientApp.abi.json LOCAL_HOME/ace-private/mcx19b-implementation-20260914/pilot-preparation-20260915/settings-observation-fix/build/Build/Products/Debug-iphonesimulator/ACEClientApp.swiftmodule/x86_64-apple-ios-simulator.abi.json

Copy LOCAL_HOME/ace-private/mcx19b-implementation-20260914/pilot-preparation-20260915/settings-observation-fix/build/Build/Products/Debug-iphonesimulator/ACEClientApp.swiftmodule/x86_64-apple-ios-simulator.swiftdoc LOCAL_HOME/ace-private/mcx19b-implementation-20260914/pilot-preparation-20260915/settings-observation-fix/build/Build/Intermediates.noindex/ACEClientApp.build/Debug-iphonesimulator/ACEClientApp.build/Objects-normal/x86_64/ACEClientApp.swiftdoc (in target 'ACEClientApp' from project 'ACEClientApp')
    cd LOCAL_HOME/Developer/sqe-platform-release-layout/ios/ACEClientApp
    builtin-copy -exclude .DS_Store -exclude CVS -exclude .svn -exclude .git -exclude .hg -strip-unsigned-binaries -strip-deterministic -strip-tool /Applications/Xcode.app/Contents/Developer/Toolchains/XcodeDefault.xctoolchain/usr/bin/strip -resolve-src-symlinks -rename LOCAL_HOME/ace-private/mcx19b-implementation-20260914/pilot-preparation-20260915/settings-observation-fix/build/Build/Intermediates.noindex/ACEClientApp.build/Debug-iphonesimulator/ACEClientApp.build/Objects-normal/x86_64/ACEClientApp.swiftdoc LOCAL_HOME/ace-private/mcx19b-implementation-20260914/pilot-preparation-20260915/settings-observation-fix/build/Build/Products/Debug-iphonesimulator/ACEClientApp.swiftmodule/x86_64-apple-ios-simulator.swiftdoc

Copy LOCAL_HOME/ace-private/mcx19b-implementation-20260914/pilot-preparation-20260915/settings-observation-fix/build/Build/Products/Debug-iphonesimulator/ACEClientApp.swiftmodule/Project/x86_64-apple-ios-simulator.swiftsourceinfo LOCAL_HOME/ace-private/mcx19b-implementation-20260914/pilot-preparation-20260915/settings-observation-fix/build/Build/Intermediates.noindex/ACEClientApp.build/Debug-iphonesimulator/ACEClientApp.build/Objects-normal/x86_64/ACEClientApp.swiftsourceinfo (in target 'ACEClientApp' from project 'ACEClientApp')
    cd LOCAL_HOME/Developer/sqe-platform-release-layout/ios/ACEClientApp
    builtin-copy -exclude .DS_Store -exclude CVS -exclude .svn -exclude .git -exclude .hg -strip-unsigned-binaries -strip-deterministic -strip-tool /Applications/Xcode.app/Contents/Developer/Toolchains/XcodeDefault.xctoolchain/usr/bin/strip -resolve-src-symlinks -rename LOCAL_HOME/ace-private/mcx19b-implementation-20260914/pilot-preparation-20260915/settings-observation-fix/build/Build/Intermediates.noindex/ACEClientApp.build/Debug-iphonesimulator/ACEClientApp.build/Objects-normal/x86_64/ACEClientApp.swiftsourceinfo LOCAL_HOME/ace-private/mcx19b-implementation-20260914/pilot-preparation-20260915/settings-observation-fix/build/Build/Products/Debug-iphonesimulator/ACEClientApp.swiftmodule/Project/x86_64-apple-ios-simulator.swiftsourceinfo

SwiftDriver ACEClientAppUITests normal x86_64 com.apple.xcode.tools.swift.compiler (in target 'ACEClientAppUITests' from project 'ACEClientApp')
    cd LOCAL_HOME/Developer/sqe-platform-release-layout/ios/ACEClientApp
    builtin-SwiftDriver -- /Applications/Xcode.app/Contents/Developer/Toolchains/XcodeDefault.xctoolchain/usr/bin/swiftc -module-name ACEClientAppUITests -O @LOCAL_HOME/ace-private/mcx19b-implementation-20260914/pilot-preparation-20260915/settings-observation-fix/build/Build/Intermediates.noindex/ACEClientApp.build/Debug-iphonesimulator/ACEClientAppUITests.build/Objects-normal/x86_64/ACEClientAppUITests.SwiftFileList -module-alias Testing\=_Testing_Unavailable -plugin-path /Applications/Xcode.app/Contents/Developer/Toolchains/XcodeDefault.xctoolchain/usr/lib/swift/host/plugins/testing -enable-experimental-feature DebugDescriptionMacro -sdk /Applications/Xcode.app/Contents/Developer/Platforms/iPhoneSimulator.platform/Developer/SDKs/iPhoneSimulator26.4.sdk -target x86_64-apple-ios26.0-simulator -g -module-cache-path LOCAL_HOME/ace-private/mcx19b-implementation-20260914/pilot-preparation-20260915/settings-observation-fix/build/ModuleCache.noindex -Xfrontend -serialize-debugging-options -swift-version 6 -I LOCAL_HOME/ace-private/mcx19b-implementation-20260914/pilot-preparation-20260915/settings-observation-fix/build/Build/Products/Debug-iphonesimulator -Isystem /Applications/Xcode.app/Contents/Developer/Platforms/iPhoneSimulator.platform/Developer/usr/lib -F LOCAL_HOME/ace-private/mcx19b-implementation-20260914/pilot-preparation-20260915/settings-observation-fix/build/Build/Products/Debug-iphonesimulator -F /Applications/Xcode.app/Contents/Developer/Platforms/iPhoneSimulator.platform/Developer/Library/Frameworks -F /Applications/Xcode.app/Contents/Developer/Platforms/iPhoneSimulator.platform/Developer/SDKs/iPhoneSimulator26.4.sdk/Developer/Library/Frameworks -parse-as-library -c -j16 -enable-batch-mode -incremental -output-file-map LOCAL_HOME/ace-private/mcx19b-implementation-20260914/pilot-preparation-20260915/settings-observation-fix/build/Build/Intermediates.noindex/ACEClientApp.build/Debug-iphonesimulator/ACEClientAppUITests.build/Objects-normal/x86_64/ACEClientAppUITests-OutputFileMap.json -use-frontend-parseable-output -save-temps -no-color-diagnostics -explicit-module-build -module-cache-path LOCAL_HOME/ace-private/mcx19b-implementation-20260914/pilot-preparation-20260915/settings-observation-fix/build/Build/Intermediates.noindex/SwiftExplicitPrecompiledModules -clang-scanner-module-cache-path LOCAL_HOME/ace-private/mcx19b-implementation-20260914/pilot-preparation-20260915/settings-observation-fix/build/ModuleCache.noindex -sdk-module-cache-path LOCAL_HOME/ace-private/mcx19b-implementation-20260914/pilot-preparation-20260915/settings-observation-fix/build/ModuleCache.noindex -cache-compile-job -cas-path LOCAL_HOME/ace-private/mcx19b-implementation-20260914/pilot-preparation-20260915/settings-observation-fix/build/CompilationCache.noindex/builtin -serialize-diagnostics -emit-dependencies -emit-module -emit-module-path LOCAL_HOME/ace-private/mcx19b-implementation-20260914/pilot-preparation-20260915/settings-observation-fix/build/Build/Intermediates.noindex/ACEClientApp.build/Debug-iphonesimulator/ACEClientAppUITests.build/Objects-normal/x86_64/ACEClientAppUITests.swiftmodule -validate-clang-modules-once -clang-build-session-file LOCAL_HOME/ace-private/mcx19b-implementation-20260914/pilot-preparation-20260915/settings-observation-fix/build/ModuleCache.noindex/Session.modulevalidation -Xcc -ILOCAL_HOME/ace-private/mcx19b-implementation-20260914/pilot-preparation-20260915/settings-observation-fix/build/Build/Intermediates.noindex/ACEClientApp.build/Debug-iphonesimulator/ACEClientAppUITests.build/swift-overrides.hmap -emit-const-values -Xfrontend -const-gather-protocols-file -Xfrontend LOCAL_HOME/ace-private/mcx19b-implementation-20260914/pilot-preparation-20260915/settings-observation-fix/build/Build/Intermediates.noindex/ACEClientApp.build/Debug-iphonesimulator/ACEClientAppUITests.build/Objects-normal/x86_64/ACEClientAppUITests_const_extract_protocols.json -Xcc -iquote -Xcc LOCAL_HOME/ace-private/mcx19b-implementation-20260914/pilot-preparation-20260915/settings-observation-fix/build/Build/Intermediates.noindex/ACEClientApp.build/Debug-iphonesimulator/ACEClientAppUITests.build/ACEClientAppUITests-generated-files.hmap -Xcc -ILOCAL_HOME/ace-private/mcx19b-implementation-20260914/pilot-preparation-20260915/settings-observation-fix/build/Build/Intermediates.noindex/ACEClientApp.build/Debug-iphonesimulator/ACEClientAppUITests.build/ACEClientAppUITests-own-target-headers.hmap -Xcc -ILOCAL_HOME/ace-private/mcx19b-implementation-20260914/pilot-preparation-20260915/settings-observation-fix/build/Build/Intermediates.noindex/ACEClientApp.build/Debug-iphonesimulator/ACEClientAppUITests.build/ACEClientAppUITests-all-target-headers.hmap -Xcc -iquote -Xcc LOCAL_HOME/ace-private/mcx19b-implementation-20260914/pilot-preparation-20260915/settings-observation-fix/build/Build/Intermediates.noindex/ACEClientApp.build/Debug-iphonesimulator/ACEClientAppUITests.build/ACEClientAppUITests-project-headers.hmap -Xcc -ILOCAL_HOME/ace-private/mcx19b-implementation-20260914/pilot-preparation-20260915/settings-observation-fix/build/Build/Products/Debug-iphonesimulator/include -Xcc -ILOCAL_HOME/ace-private/mcx19b-implementation-20260914/pilot-preparation-20260915/settings-observation-fix/build/Build/Intermediates.noindex/ACEClientApp.build/Debug-iphonesimulator/ACEClientAppUITests.build/DerivedSources-normal/x86_64 -Xcc -ILOCAL_HOME/ace-private/mcx19b-implementation-20260914/pilot-preparation-20260915/settings-observation-fix/build/Build/Intermediates.noindex/ACEClientApp.build/Debug-iphonesimulator/ACEClientAppUITests.build/DerivedSources/x86_64 -Xcc -ILOCAL_HOME/ace-private/mcx19b-implementation-20260914/pilot-preparation-20260915/settings-observation-fix/build/Build/Intermediates.noindex/ACEClientApp.build/Debug-iphonesimulator/ACEClientAppUITests.build/DerivedSources -emit-objc-header -emit-objc-header-path LOCAL_HOME/ace-private/mcx19b-implementation-20260914/pilot-preparation-20260915/settings-observation-fix/build/Build/Intermediates.noindex/ACEClientApp.build/Debug-iphonesimulator/ACEClientAppUITests.build/Objects-normal/x86_64/ACEClientAppUITests-Swift.h -working-directory LOCAL_HOME/Developer/sqe-platform-release-layout/ios/ACEClientApp -experimental-emit-module-separately -disable-cmo

SwiftDriverJobDiscovery normal x86_64 Compiling Network.swift (in target 'ACEClientApp' from project 'ACEClientApp')

SwiftDriverJobDiscovery normal x86_64 Compiling Configuration.swift (in target 'ACEClientApp' from project 'ACEClientApp')

SwiftDriverJobDiscovery normal x86_64 Compiling KeychainStore.swift (in target 'ACEClientApp' from project 'ACEClientApp')

SwiftDriverJobDiscovery normal x86_64 Compiling ReleaseModels.swift (in target 'ACEClientApp' from project 'ACEClientApp')

SwiftExplicitDependencyGeneratePcm x86_64 LOCAL_HOME/ace-private/mcx19b-implementation-20260914/pilot-preparation-20260915/settings-observation-fix/build/Build/Intermediates.noindex/SwiftExplicitPrecompiledModules/XCUIAutomation-DE213O22AE7150E0HCJCMFQ5R.pcm
Cache miss

SwiftDriverJobDiscovery normal x86_64 Compiling DebugScenario.swift (in target 'ACEClientApp' from project 'ACEClientApp')

SwiftDriverJobDiscovery normal x86_64 Compiling SessionState.swift (in target 'ACEClientApp' from project 'ACEClientApp')

SwiftExplicitDependencyGeneratePcm x86_64 LOCAL_HOME/ace-private/mcx19b-implementation-20260914/pilot-preparation-20260915/settings-observation-fix/build/Build/Intermediates.noindex/SwiftExplicitPrecompiledModules/XCTest-9NEL1QWTSLVEYZDQTIX6YAWB9.pcm
Cache miss

SwiftExplicitDependencyCompileModuleFromInterface x86_64 LOCAL_HOME/ace-private/mcx19b-implementation-20260914/pilot-preparation-20260915/settings-observation-fix/build/Build/Intermediates.noindex/SwiftExplicitPrecompiledModules/XCUIAutomation-PX0WDB1ZZP9H.swiftmodule
Cache miss

SwiftExplicitDependencyCompileModuleFromInterface x86_64 LOCAL_HOME/ace-private/mcx19b-implementation-20260914/pilot-preparation-20260915/settings-observation-fix/build/Build/Intermediates.noindex/SwiftExplicitPrecompiledModules/XCTest-2Z28WCF86EBMJ.swiftmodule
Cache miss

SwiftDriverJobDiscovery normal x86_64 Compiling ACEClientAppApp.swift (in target 'ACEClientApp' from project 'ACEClientApp')

SwiftEmitModule normal x86_64 Emitting\ module\ for\ ACEClientAppUITests (in target 'ACEClientAppUITests' from project 'ACEClientApp')
Cache miss

SwiftCompile normal x86_64 LOCAL_HOME/Developer/sqe-platform-release-layout/ios/ACEClientApp/ACEClientAppUITests/ACEClientAppUITests.swift (in target 'ACEClientAppUITests' from project 'ACEClientApp')
    cd LOCAL_HOME/Developer/sqe-platform-release-layout/ios/ACEClientApp
    

SwiftCompile normal x86_64 Compiling\ ACEClientAppUITests.swift LOCAL_HOME/Developer/sqe-platform-release-layout/ios/ACEClientApp/ACEClientAppUITests/ACEClientAppUITests.swift (in target 'ACEClientAppUITests' from project 'ACEClientApp')
SwiftCompile normal x86_64 LOCAL_HOME/Developer/sqe-platform-release-layout/ios/ACEClientApp/ACEClientAppUITests/ACEClientAppUITests.swift (in target 'ACEClientAppUITests' from project 'ACEClientApp')
    cd LOCAL_HOME/Developer/sqe-platform-release-layout/ios/ACEClientApp
    
LOCAL_HOME/Developer/sqe-platform-release-layout/ios/ACEClientApp/ACEClientAppUITests/ACEClientAppUITests.swift:52:80: warning: call to main actor-isolated instance method 'terminate()' in a synchronous nonisolated context
        guard let initial = observedSettings(in: initialApp) else { initialApp.terminate(); return }
                                                                               ^
XCUIAutomation.XCUIApplication.terminate:2:22: note: calls to instance method 'terminate()' from outside of its actor context are implicitly asynchronous
@MainActor open func terminate()}
                     ^
LOCAL_HOME/Developer/sqe-platform-release-layout/ios/ACEClientApp/ACEClientAppUITests/ACEClientAppUITests.swift:45:10: note: add '@MainActor' to make instance method 'testConfigureAccessibilitySettings()' part of global actor 'MainActor'
    func testConfigureAccessibilitySettings() {
         ^
    @MainActor 
LOCAL_HOME/Developer/sqe-platform-release-layout/ios/ACEClientApp/ACEClientAppUITests/ACEClientAppUITests.swift:53:20: warning: call to main actor-isolated instance method 'terminate()' in a synchronous nonisolated context
        initialApp.terminate()
                   ^
XCUIAutomation.XCUIApplication.terminate:2:22: note: calls to instance method 'terminate()' from outside of its actor context are implicitly asynchronous
@MainActor open func terminate()}
                     ^
LOCAL_HOME/Developer/sqe-platform-release-layout/ios/ACEClientApp/ACEClientAppUITests/ACEClientAppUITests.swift:45:10: note: add '@MainActor' to make instance method 'testConfigureAccessibilitySettings()' part of global actor 'MainActor'
    func testConfigureAccessibilitySettings() {
         ^
    @MainActor 
LOCAL_HOME/Developer/sqe-platform-release-layout/ios/ACEClientApp/ACEClientAppUITests/ACEClientAppUITests.swift:65:31: warning: main actor-isolated property 'orientation' can not be mutated from a nonisolated context
            XCUIDevice.shared.orientation = orientation == "landscape" ? .landscapeLeft : .portrait
                              ^
/Applications/Xcode.app/Contents/Developer/Platforms/iPhoneSimulator.platform/Developer/Library/Frameworks/XCUIAutomation.framework/Headers/XCUIDevice.h:54:43: note: mutation of this property is only permitted within the actor
@property (nonatomic) UIDeviceOrientation orientation;
                                          ^
LOCAL_HOME/Developer/sqe-platform-release-layout/ios/ACEClientApp/ACEClientAppUITests/ACEClientAppUITests.swift:45:10: note: add '@MainActor' to make instance method 'testConfigureAccessibilitySettings()' part of global actor 'MainActor'
    func testConfigureAccessibilitySettings() {
         ^
    @MainActor 
LOCAL_HOME/Developer/sqe-platform-release-layout/ios/ACEClientApp/ACEClientAppUITests/ACEClientAppUITests.swift:65:24: warning: main actor-isolated class property 'shared' can not be mutated from a nonisolated context
            XCUIDevice.shared.orientation = orientation == "landscape" ? .landscapeLeft : .portrait
                       ^
/Applications/Xcode.app/Contents/Developer/Platforms/iPhoneSimulator.platform/Developer/Library/Frameworks/XCUIAutomation.framework/Headers/XCUIDevice.h:41:41: note: mutation of this class property is only permitted within the actor
@property (class, readonly) XCUIDevice *sharedDevice;
                                        ^
LOCAL_HOME/Developer/sqe-platform-release-layout/ios/ACEClientApp/ACEClientAppUITests/ACEClientAppUITests.swift:45:10: note: add '@MainActor' to make instance method 'testConfigureAccessibilitySettings()' part of global actor 'MainActor'
    func testConfigureAccessibilitySettings() {
         ^
    @MainActor 
LOCAL_HOME/Developer/sqe-platform-release-layout/ios/ACEClientApp/ACEClientAppUITests/ACEClientAppUITests.swift:68:21: warning: call to main actor-isolated instance method 'terminate()' in a synchronous nonisolated context
        defer { app.terminate() }
                    ^
XCUIAutomation.XCUIApplication.terminate:2:22: note: calls to instance method 'terminate()' from outside of its actor context are implicitly asynchronous
@MainActor open func terminate()}
                     ^
LOCAL_HOME/Developer/sqe-platform-release-layout/ios/ACEClientApp/ACEClientAppUITests/ACEClientAppUITests.swift:45:10: note: add '@MainActor' to make instance method 'testConfigureAccessibilitySettings()' part of global actor 'MainActor'
    func testConfigureAccessibilitySettings() {
         ^
    @MainActor 
LOCAL_HOME/Developer/sqe-platform-release-layout/ios/ACEClientApp/ACEClientAppUITests/ACEClientAppUITests.swift:114:27: warning: main actor-isolated property 'orientation' can not be mutated from a nonisolated context
        XCUIDevice.shared.orientation = coverageCase.settings.orientation == "landscape" ? .landscapeLeft : .portrait
                          ^
/Applications/Xcode.app/Contents/Developer/Platforms/iPhoneSimulator.platform/Developer/Library/Frameworks/XCUIAutomation.framework/Headers/XCUIDevice.h:54:43: note: mutation of this property is only permitted within the actor
@property (nonatomic) UIDeviceOrientation orientation;
                                          ^
LOCAL_HOME/Developer/sqe-platform-release-layout/ios/ACEClientApp/ACEClientAppUITests/ACEClientAppUITests.swift:106:18: note: add '@MainActor' to make instance method 'runCoverageCase' part of global actor 'MainActor'
    private func runCoverageCase(_ coverageCase: CoverageCase) -> Bool {
                 ^
    @MainActor 
LOCAL_HOME/Developer/sqe-platform-release-layout/ios/ACEClientApp/ACEClientAppUITests/ACEClientAppUITests.swift:114:20: warning: main actor-isolated class property 'shared' can not be mutated from a nonisolated context
        XCUIDevice.shared.orientation = coverageCase.settings.orientation == "landscape" ? .landscapeLeft : .portrait
                   ^
/Applications/Xcode.app/Contents/Developer/Platforms/iPhoneSimulator.platform/Developer/Library/Frameworks/XCUIAutomation.framework/Headers/XCUIDevice.h:41:41: note: mutation of this class property is only permitted within the actor
@property (class, readonly) XCUIDevice *sharedDevice;
                                        ^
LOCAL_HOME/Developer/sqe-platform-release-layout/ios/ACEClientApp/ACEClientAppUITests/ACEClientAppUITests.swift:106:18: note: add '@MainActor' to make instance method 'runCoverageCase' part of global actor 'MainActor'
    private func runCoverageCase(_ coverageCase: CoverageCase) -> Bool {
                 ^
    @MainActor 
LOCAL_HOME/Developer/sqe-platform-release-layout/ios/ACEClientApp/ACEClientAppUITests/ACEClientAppUITests.swift:116:21: warning: call to main actor-isolated instance method 'terminate()' in a synchronous nonisolated context
        defer { app.terminate() }
                    ^
XCUIAutomation.XCUIApplication.terminate:2:22: note: calls to instance method 'terminate()' from outside of its actor context are implicitly asynchronous
@MainActor open func terminate()}
                     ^
LOCAL_HOME/Developer/sqe-platform-release-layout/ios/ACEClientApp/ACEClientAppUITests/ACEClientAppUITests.swift:106:18: note: add '@MainActor' to make instance method 'runCoverageCase' part of global actor 'MainActor'
    private func runCoverageCase(_ coverageCase: CoverageCase) -> Bool {
                 ^
    @MainActor 
LOCAL_HOME/Developer/sqe-platform-release-layout/ios/ACEClientApp/ACEClientAppUITests/ACEClientAppUITests.swift:137:19: warning: call to main actor-isolated initializer 'init()' in a synchronous nonisolated context
        let app = XCUIApplication()
                  ^
/Applications/Xcode.app/Contents/Developer/Platforms/iPhoneSimulator.platform/Developer/Library/Frameworks/XCUIAutomation.framework/Headers/XCUIApplication.h:29:1: note: calls to initializer 'init()' from outside of its actor context are implicitly asynchronous
- (instancetype)init NS_DESIGNATED_INITIALIZER;
^
LOCAL_HOME/Developer/sqe-platform-release-layout/ios/ACEClientApp/ACEClientAppUITests/ACEClientAppUITests.swift:136:18: note: add '@MainActor' to make instance method 'launchForCoverageObservation(scenario:)' part of global actor 'MainActor'
    private func launchForCoverageObservation(scenario: String = "release") -> XCUIApplication {
                 ^
    @MainActor 
LOCAL_HOME/Developer/sqe-platform-release-layout/ios/ACEClientApp/ACEClientAppUITests/ACEClientAppUITests.swift:138:13: warning: main actor-isolated property 'launchEnvironment' can not be mutated from a nonisolated context
        app.launchEnvironment["ACE_UI_TEST_SCENARIO"] = scenario
            ^
/Applications/Xcode.app/Contents/Developer/Platforms/iPhoneSimulator.platform/Developer/Library/Frameworks/XCUIAutomation.framework/Headers/XCUIApplication.h:102:68: note: mutation of this property is only permitted within the actor
@property (nonatomic, copy) NSDictionary <NSString *, NSString *> *launchEnvironment;
                                                                   ^
LOCAL_HOME/Developer/sqe-platform-release-layout/ios/ACEClientApp/ACEClientAppUITests/ACEClientAppUITests.swift:136:18: note: add '@MainActor' to make instance method 'launchForCoverageObservation(scenario:)' part of global actor 'MainActor'
    private func launchForCoverageObservation(scenario: String = "release") -> XCUIApplication {
                 ^
    @MainActor 
LOCAL_HOME/Developer/sqe-platform-release-layout/ios/ACEClientApp/ACEClientAppUITests/ACEClientAppUITests.swift:139:13: warning: main actor-isolated property 'launchEnvironment' can not be mutated from a nonisolated context
        app.launchEnvironment["ACE_COVERAGE_OBSERVATIONS"] = "1"
            ^
/Applications/Xcode.app/Contents/Developer/Platforms/iPhoneSimulator.platform/Developer/Library/Frameworks/XCUIAutomation.framework/Headers/XCUIApplication.h:102:68: note: mutation of this property is only permitted within the actor
@property (nonatomic, copy) NSDictionary <NSString *, NSString *> *launchEnvironment;
                                                                   ^
LOCAL_HOME/Developer/sqe-platform-release-layout/ios/ACEClientApp/ACEClientAppUITests/ACEClientAppUITests.swift:136:18: note: add '@MainActor' to make instance method 'launchForCoverageObservation(scenario:)' part of global actor 'MainActor'
    private func launchForCoverageObservation(scenario: String = "release") -> XCUIApplication {
                 ^
    @MainActor 
LOCAL_HOME/Developer/sqe-platform-release-layout/ios/ACEClientApp/ACEClientAppUITests/ACEClientAppUITests.swift:140:13: warning: main actor-isolated property 'launchEnvironment' can not be mutated from a nonisolated context
        app.launchEnvironment.removeValue(forKey: "ACE_UI_TEST_APPEARANCE")
            ^
/Applications/Xcode.app/Contents/Developer/Platforms/iPhoneSimulator.platform/Developer/Library/Frameworks/XCUIAutomation.framework/Headers/XCUIApplication.h:102:68: note: mutation of this property is only permitted within the actor
@property (nonatomic, copy) NSDictionary <NSString *, NSString *> *launchEnvironment;
                                                                   ^
LOCAL_HOME/Developer/sqe-platform-release-layout/ios/ACEClientApp/ACEClientAppUITests/ACEClientAppUITests.swift:136:18: note: add '@MainActor' to make instance method 'launchForCoverageObservation(scenario:)' part of global actor 'MainActor'
    private func launchForCoverageObservation(scenario: String = "release") -> XCUIApplication {
                 ^
    @MainActor 
LOCAL_HOME/Developer/sqe-platform-release-layout/ios/ACEClientApp/ACEClientAppUITests/ACEClientAppUITests.swift:141:13: warning: call to main actor-isolated instance method 'launch()' in a synchronous nonisolated context
        app.launch()
            ^
XCUIAutomation.XCUIApplication.launch:2:22: note: calls to instance method 'launch()' from outside of its actor context are implicitly asynchronous
@MainActor open func launch()}
                     ^
LOCAL_HOME/Developer/sqe-platform-release-layout/ios/ACEClientApp/ACEClientAppUITests/ACEClientAppUITests.swift:136:18: note: add '@MainActor' to make instance method 'launchForCoverageObservation(scenario:)' part of global actor 'MainActor'
    private func launchForCoverageObservation(scenario: String = "release") -> XCUIApplication {
                 ^
    @MainActor 
LOCAL_HOME/Developer/sqe-platform-release-layout/ios/ACEClientApp/ACEClientAppUITests/ACEClientAppUITests.swift:148:14: warning: main actor-isolated property 'firstMatch' can not be referenced from a nonisolated context
            .firstMatch
             ^
/Applications/Xcode.app/Contents/Developer/Platforms/iPhoneSimulator.platform/Developer/Library/Frameworks/XCUIAutomation.framework/Headers/XCUIElementTypeQueryProvider.h:105:35: note: property declared here
@property (readonly) XCUIElement *firstMatch;
                                  ^
LOCAL_HOME/Developer/sqe-platform-release-layout/ios/ACEClientApp/ACEClientAppUITests/ACEClientAppUITests.swift:145:18: note: add '@MainActor' to make instance method 'observationElement(in:)' part of global actor 'MainActor'
    private func observationElement(in app: XCUIApplication) -> XCUIElement {
                 ^
    @MainActor 
LOCAL_HOME/Developer/sqe-platform-release-layout/ios/ACEClientApp/ACEClientAppUITests/ACEClientAppUITests.swift:147:14: warning: call to main actor-isolated instance method 'matching(identifier:)' in a synchronous nonisolated context
            .matching(identifier: "Effective interface style")
             ^
XCUIAutomation.XCUIElementQuery.matching:2:22: note: calls to instance method 'matching(identifier:)' from outside of its actor context are implicitly asynchronous
@MainActor open func matching(identifier: String) -> XCUIElementQuery}
                     ^
XCUIAutomation.XCUIElementQuery.matching:2:22: note: main actor isolation inferred from conformance to protocol 'XCUIElementTypeQueryProvider'
@MainActor open func matching(identifier: String) -> XCUIElementQuery}
                     ^
LOCAL_HOME/Developer/sqe-platform-release-layout/ios/ACEClientApp/ACEClientAppUITests/ACEClientAppUITests.swift:145:18: note: add '@MainActor' to make instance method 'observationElement(in:)' part of global actor 'MainActor'
    private func observationElement(in app: XCUIApplication) -> XCUIElement {
                 ^
    @MainActor 
LOCAL_HOME/Developer/sqe-platform-release-layout/ios/ACEClientApp/ACEClientAppUITests/ACEClientAppUITests.swift:146:13: warning: call to main actor-isolated instance method 'descendants(matching:)' in a synchronous nonisolated context
        app.descendants(matching: .any)
            ^
XCUIAutomation.XCUIElement.descendants:2:22: note: calls to instance method 'descendants(matching:)' from outside of its actor context are implicitly asynchronous
@MainActor open func descendants(matching type: XCUIElement.ElementType) -> XCUIElementQuery}
                     ^
LOCAL_HOME/Developer/sqe-platform-release-layout/ios/ACEClientApp/ACEClientAppUITests/ACEClientAppUITests.swift:145:18: note: add '@MainActor' to make instance method 'observationElement(in:)' part of global actor 'MainActor'
    private func observationElement(in app: XCUIApplication) -> XCUIElement {
                 ^
    @MainActor 
LOCAL_HOME/Developer/sqe-platform-release-layout/ios/ACEClientApp/ACEClientAppUITests/ACEClientAppUITests.swift:153:41: warning: call to main actor-isolated instance method 'waitForExistence(timeout:)' in a synchronous nonisolated context
        guard requireCoverage(indicator.waitForExistence(timeout: 5), "Coverage observation indicator must exist") else { return nil }
                                        ^
XCUIAutomation.XCUIElement.waitForExistence:2:22: note: calls to instance method 'waitForExistence(timeout:)' from outside of its actor context are implicitly asynchronous
@MainActor open func waitForExistence(timeout: TimeInterval) -> Bool}
                     ^
LOCAL_HOME/Developer/sqe-platform-release-layout/ios/ACEClientApp/ACEClientAppUITests/ACEClientAppUITests.swift:155:41: warning: main actor-isolated property 'value' can not be referenced from a nonisolated context
            guard let value = indicator.value as? String, let data = value.data(using: .utf8) else { return false }
                                        ^
/Applications/Xcode.app/Contents/Developer/Platforms/iPhoneSimulator.platform/Developer/Library/Frameworks/XCUIAutomation.framework/Headers/XCUIElementAttributes.h:41:35: note: property declared here
@property (readonly, nullable) id value;
                                  ^
LOCAL_HOME/Developer/sqe-platform-release-layout/ios/ACEClientApp/ACEClientAppUITests/ACEClientAppUITests.swift:160:37: warning: main actor-isolated property 'value' can not be referenced from a nonisolated context
              let value = indicator.value as? String, let data = value.data(using: .utf8) else { return nil }
                                    ^
/Applications/Xcode.app/Contents/Developer/Platforms/iPhoneSimulator.platform/Developer/Library/Frameworks/XCUIAutomation.framework/Headers/XCUIElementAttributes.h:41:35: note: property declared here
@property (readonly, nullable) id value;
                                  ^
LOCAL_HOME/Developer/sqe-platform-release-layout/ios/ACEClientApp/ACEClientAppUITests/ACEClientAppUITests.swift:151:18: note: add '@MainActor' to make instance method 'observedSettings(in:)' part of global actor 'MainActor'
    private func observedSettings(in app: XCUIApplication) -> CoverageSettings? {
                 ^
    @MainActor 
LOCAL_HOME/Developer/sqe-platform-release-layout/ios/ACEClientApp/ACEClientAppUITests/ACEClientAppUITests.swift:167:29: warning: main actor-isolated property 'frame' can not be referenced from a nonisolated context
            let frame = app.frame
                            ^
/Applications/Xcode.app/Contents/Developer/Platforms/iPhoneSimulator.platform/Developer/Library/Frameworks/XCUIAutomation.framework/Headers/XCUIElementAttributes.h:38:29: note: property declared here
@property (readonly) CGRect frame;
                            ^
LOCAL_HOME/Developer/sqe-platform-release-layout/ios/ACEClientApp/ACEClientAppUITests/ACEClientAppUITests.swift:177:50: warning: main actor-isolated subscript 'subscript(_:)' can not be referenced from a nonisolated context
        case "signIn": expected = app.staticTexts["Sign In heading"]
                                                 ^
XCUIAutomation.XCUIElementQuery.subscript:2:17: note: subscript declared here
@MainActor open subscript(key: String) -> XCUIElement { get }}
                ^
LOCAL_HOME/Developer/sqe-platform-release-layout/ios/ACEClientApp/ACEClientAppUITests/ACEClientAppUITests.swift:174:18: note: add '@MainActor' to make instance method 'waitForCoverageState(in:scenario:)' part of global actor 'MainActor'
    private func waitForCoverageState(in app: XCUIApplication, scenario: String) -> Bool {
                 ^
    @MainActor 
LOCAL_HOME/Developer/sqe-platform-release-layout/ios/ACEClientApp/ACEClientAppUITests/ACEClientAppUITests.swift:177:39: warning: main actor-isolated property 'staticTexts' can not be referenced from a nonisolated context
        case "signIn": expected = app.staticTexts["Sign In heading"]
                                      ^
/Applications/Xcode.app/Contents/Developer/Platforms/iPhoneSimulator.platform/Developer/Library/Frameworks/XCUIAutomation.framework/Headers/XCUIElementTypeQueryProvider.h:62:46: note: property declared here
@property (readonly, copy) XCUIElementQuery *staticTexts;
                                             ^
LOCAL_HOME/Developer/sqe-platform-release-layout/ios/ACEClientApp/ACEClientAppUITests/ACEClientAppUITests.swift:174:18: note: add '@MainActor' to make instance method 'waitForCoverageState(in:scenario:)' part of global actor 'MainActor'
    private func waitForCoverageState(in app: XCUIApplication, scenario: String) -> Bool {
                 ^
    @MainActor 
LOCAL_HOME/Developer/sqe-platform-release-layout/ios/ACEClientApp/ACEClientAppUITests/ACEClientAppUITests.swift:178:58: warning: main actor-isolated subscript 'subscript(_:)' can not be referenced from a nonisolated context
        case "loading": expected = app.activityIndicators["Loading current release"]
                                                         ^
XCUIAutomation.XCUIElementQuery.subscript:2:17: note: subscript declared here
@MainActor open subscript(key: String) -> XCUIElement { get }}
                ^
LOCAL_HOME/Developer/sqe-platform-release-layout/ios/ACEClientApp/ACEClientAppUITests/ACEClientAppUITests.swift:174:18: note: add '@MainActor' to make instance method 'waitForCoverageState(in:scenario:)' part of global actor 'MainActor'
    private func waitForCoverageState(in app: XCUIApplication, scenario: String) -> Bool {
                 ^
    @MainActor 
LOCAL_HOME/Developer/sqe-platform-release-layout/ios/ACEClientApp/ACEClientAppUITests/ACEClientAppUITests.swift:178:40: warning: main actor-isolated property 'activityIndicators' can not be referenced from a nonisolated context
        case "loading": expected = app.activityIndicators["Loading current release"]
                                       ^
/Applications/Xcode.app/Contents/Developer/Platforms/iPhoneSimulator.platform/Developer/Library/Frameworks/XCUIAutomation.framework/Headers/XCUIElementTypeQueryProvider.h:50:46: note: property declared here
@property (readonly, copy) XCUIElementQuery *activityIndicators;
                                             ^
LOCAL_HOME/Developer/sqe-platform-release-layout/ios/ACEClientApp/ACEClientAppUITests/ACEClientAppUITests.swift:174:18: note: add '@MainActor' to make instance method 'waitForCoverageState(in:scenario:)' part of global actor 'MainActor'
    private func waitForCoverageState(in app: XCUIApplication, scenario: String) -> Bool {
                 ^
    @MainActor 
LOCAL_HOME/Developer/sqe-platform-release-layout/ios/ACEClientApp/ACEClientAppUITests/ACEClientAppUITests.swift:179:80: warning: main actor-isolated subscript 'subscript(_:)' can not be referenced from a nonisolated context
        case "release", "noConclusion", "noActions": expected = app.staticTexts["Current Release"]
                                                                               ^
XCUIAutomation.XCUIElementQuery.subscript:2:17: note: subscript declared here
@MainActor open subscript(key: String) -> XCUIElement { get }}
                ^
LOCAL_HOME/Developer/sqe-platform-release-layout/ios/ACEClientApp/ACEClientAppUITests/ACEClientAppUITests.swift:174:18: note: add '@MainActor' to make instance method 'waitForCoverageState(in:scenario:)' part of global actor 'MainActor'
    private func waitForCoverageState(in app: XCUIApplication, scenario: String) -> Bool {
                 ^
    @MainActor 
LOCAL_HOME/Developer/sqe-platform-release-layout/ios/ACEClientApp/ACEClientAppUITests/ACEClientAppUITests.swift:179:69: warning: main actor-isolated property 'staticTexts' can not be referenced from a nonisolated context
        case "release", "noConclusion", "noActions": expected = app.staticTexts["Current Release"]
                                                                    ^
/Applications/Xcode.app/Contents/Developer/Platforms/iPhoneSimulator.platform/Developer/Library/Frameworks/XCUIAutomation.framework/Headers/XCUIElementTypeQueryProvider.h:62:46: note: property declared here
@property (readonly, copy) XCUIElementQuery *staticTexts;
                                             ^
LOCAL_HOME/Developer/sqe-platform-release-layout/ios/ACEClientApp/ACEClientAppUITests/ACEClientAppUITests.swift:174:18: note: add '@MainActor' to make instance method 'waitForCoverageState(in:scenario:)' part of global actor 'MainActor'
    private func waitForCoverageState(in app: XCUIApplication, scenario: String) -> Bool {
                 ^
    @MainActor 
LOCAL_HOME/Developer/sqe-platform-release-layout/ios/ACEClientApp/ACEClientAppUITests/ACEClientAppUITests.swift:188:60: warning: main actor-isolated subscript 'subscript(_:)' can not be referenced from a nonisolated context
        case "copyConfirmation": expected = app.staticTexts["Current Release"]
                                                           ^
XCUIAutomation.XCUIElementQuery.subscript:2:17: note: subscript declared here
@MainActor open subscript(key: String) -> XCUIElement { get }}
                ^
LOCAL_HOME/Developer/sqe-platform-release-layout/ios/ACEClientApp/ACEClientAppUITests/ACEClientAppUITests.swift:174:18: note: add '@MainActor' to make instance method 'waitForCoverageState(in:scenario:)' part of global actor 'MainActor'
    private func waitForCoverageState(in app: XCUIApplication, scenario: String) -> Bool {
                 ^
    @MainActor 
LOCAL_HOME/Developer/sqe-platform-release-layout/ios/ACEClientApp/ACEClientAppUITests/ACEClientAppUITests.swift:188:49: warning: main actor-isolated property 'staticTexts' can not be referenced from a nonisolated context
        case "copyConfirmation": expected = app.staticTexts["Current Release"]
                                                ^
/Applications/Xcode.app/Contents/Developer/Platforms/iPhoneSimulator.platform/Developer/Library/Frameworks/XCUIAutomation.framework/Headers/XCUIElementTypeQueryProvider.h:62:46: note: property declared here
@property (readonly, copy) XCUIElementQuery *staticTexts;
                                             ^
LOCAL_HOME/Developer/sqe-platform-release-layout/ios/ACEClientApp/ACEClientAppUITests/ACEClientAppUITests.swift:174:18: note: add '@MainActor' to make instance method 'waitForCoverageState(in:scenario:)' part of global actor 'MainActor'
    private func waitForCoverageState(in app: XCUIApplication, scenario: String) -> Bool {
                 ^
    @MainActor 
LOCAL_HOME/Developer/sqe-platform-release-layout/ios/ACEClientApp/ACEClientAppUITests/ACEClientAppUITests.swift:192:41: warning: call to main actor-isolated instance method 'waitForExistence(timeout:)' in a synchronous nonisolated context
        return requireCoverage(expected.waitForExistence(timeout: 5), "Expected state is missing for \(scenario)")
                                        ^
XCUIAutomation.XCUIElement.waitForExistence:2:22: note: calls to instance method 'waitForExistence(timeout:)' from outside of its actor context are implicitly asynchronous
@MainActor open func waitForExistence(timeout: TimeInterval) -> Bool}
                     ^
LOCAL_HOME/Developer/sqe-platform-release-layout/ios/ACEClientApp/ACEClientAppUITests/ACEClientAppUITests.swift:214:35: warning: main actor-isolated subscript 'subscript(_:)' can not be referenced from a nonisolated context
            let copy = app.buttons["Copy action 1"]
                                  ^
XCUIAutomation.XCUIElementQuery.subscript:2:17: note: subscript declared here
@MainActor open subscript(key: String) -> XCUIElement { get }}
                ^
LOCAL_HOME/Developer/sqe-platform-release-layout/ios/ACEClientApp/ACEClientAppUITests/ACEClientAppUITests.swift:196:18: note: add '@MainActor' to make instance method 'verifyCoverageScenario(_:in:caseID:audit:screenshots:audits:)' part of global actor 'MainActor'
    private func verifyCoverageScenario(_ scenario: String, in app: XCUIApplication, caseID: String, audit: Bool,
                 ^
    @MainActor 
LOCAL_HOME/Developer/sqe-platform-release-layout/ios/ACEClientApp/ACEClientAppUITests/ACEClientAppUITests.swift:214:28: warning: main actor-isolated property 'buttons' can not be referenced from a nonisolated context
            let copy = app.buttons["Copy action 1"]
                           ^
/Applications/Xcode.app/Contents/Developer/Platforms/iPhoneSimulator.platform/Developer/Library/Frameworks/XCUIAutomation.framework/Headers/XCUIElementTypeQueryProvider.h:22:46: note: property declared here
@property (readonly, copy) XCUIElementQuery *buttons;
                                             ^
LOCAL_HOME/Developer/sqe-platform-release-layout/ios/ACEClientApp/ACEClientAppUITests/ACEClientAppUITests.swift:196:18: note: add '@MainActor' to make instance method 'verifyCoverageScenario(_:in:caseID:audit:screenshots:audits:)' part of global actor 'MainActor'
    private func verifyCoverageScenario(_ scenario: String, in app: XCUIApplication, caseID: String, audit: Bool,
                 ^
    @MainActor 
LOCAL_HOME/Developer/sqe-platform-release-layout/ios/ACEClientApp/ACEClientAppUITests/ACEClientAppUITests.swift:217:18: warning: call to main actor-isolated instance method 'tap()' in a synchronous nonisolated context
            copy.tap()
                 ^
XCUIAutomation.XCUIElement.tap:2:22: note: calls to instance method 'tap()' from outside of its actor context are implicitly asynchronous
@MainActor open func tap()}
                     ^
LOCAL_HOME/Developer/sqe-platform-release-layout/ios/ACEClientApp/ACEClientAppUITests/ACEClientAppUITests.swift:196:18: note: add '@MainActor' to make instance method 'verifyCoverageScenario(_:in:caseID:audit:screenshots:audits:)' part of global actor 'MainActor'
    private func verifyCoverageScenario(_ scenario: String, in app: XCUIApplication, caseID: String, audit: Bool,
                 ^
    @MainActor 
LOCAL_HOME/Developer/sqe-platform-release-layout/ios/ACEClientApp/ACEClientAppUITests/ACEClientAppUITests.swift:219:48: warning: call to main actor-isolated instance method 'waitForExistence(timeout:)' in a synchronous nonisolated context
            guard requireCoverage(confirmation.waitForExistence(timeout: 5), "Copy confirmation is missing") else { return false }
                                               ^
XCUIAutomation.XCUIElement.waitForExistence:2:22: note: calls to instance method 'waitForExistence(timeout:)' from outside of its actor context are implicitly asynchronous
@MainActor open func waitForExistence(timeout: TimeInterval) -> Bool}
                     ^
LOCAL_HOME/Developer/sqe-platform-release-layout/ios/ACEClientApp/ACEClientAppUITests/ACEClientAppUITests.swift:221:84: warning: main actor-isolated property 'firstMatch' can not be referenced from a nonisolated autoclosure
            guard requireCoverage(isFullyVisible(confirmation, in: app.scrollViews.firstMatch), "Copy confirmation must be visible") else { return false }
                                                                                   ^
/Applications/Xcode.app/Contents/Developer/Platforms/iPhoneSimulator.platform/Developer/Library/Frameworks/XCUIAutomation.framework/Headers/XCUIElementTypeQueryProvider.h:105:35: note: property declared here
@property (readonly) XCUIElement *firstMatch;
                                  ^
LOCAL_HOME/Developer/sqe-platform-release-layout/ios/ACEClientApp/ACEClientAppUITests/ACEClientAppUITests.swift:221:72: warning: main actor-isolated property 'scrollViews' can not be referenced from a nonisolated autoclosure
            guard requireCoverage(isFullyVisible(confirmation, in: app.scrollViews.firstMatch), "Copy confirmation must be visible") else { return false }
                                                                       ^
/Applications/Xcode.app/Contents/Developer/Platforms/iPhoneSimulator.platform/Developer/Library/Frameworks/XCUIAutomation.framework/Headers/XCUIElementTypeQueryProvider.h:60:46: note: property declared here
@property (readonly, copy) XCUIElementQuery *scrollViews;
                                             ^
LOCAL_HOME/Developer/sqe-platform-release-layout/ios/ACEClientApp/ACEClientAppUITests/ACEClientAppUITests.swift:224:63: warning: main actor-isolated property 'exists' can not be referenced from a nonisolated autoclosure
            return requireCoverage(app.textFields["Username"].exists, "Username field must exist")
                                                              ^
/Applications/Xcode.app/Contents/Developer/Platforms/iPhoneSimulator.platform/Developer/Library/Frameworks/XCUIAutomation.framework/Headers/XCUIElement.h:54:27: note: property declared here
@property (readonly) BOOL exists;
                          ^
LOCAL_HOME/Developer/sqe-platform-release-layout/ios/ACEClientApp/ACEClientAppUITests/ACEClientAppUITests.swift:224:50: warning: main actor-isolated subscript 'subscript(_:)' can not be referenced from a nonisolated autoclosure
            return requireCoverage(app.textFields["Username"].exists, "Username field must exist")
                                                 ^
XCUIAutomation.XCUIElementQuery.subscript:2:17: note: subscript declared here
@MainActor open subscript(key: String) -> XCUIElement { get }}
                ^
LOCAL_HOME/Developer/sqe-platform-release-layout/ios/ACEClientApp/ACEClientAppUITests/ACEClientAppUITests.swift:224:40: warning: main actor-isolated property 'textFields' can not be referenced from a nonisolated autoclosure
            return requireCoverage(app.textFields["Username"].exists, "Username field must exist")
                                       ^
/Applications/Xcode.app/Contents/Developer/Platforms/iPhoneSimulator.platform/Developer/Library/Frameworks/XCUIAutomation.framework/Headers/XCUIElementTypeQueryProvider.h:63:46: note: property declared here
@property (readonly, copy) XCUIElementQuery *textFields;
                                             ^
LOCAL_HOME/Developer/sqe-platform-release-layout/ios/ACEClientApp/ACEClientAppUITests/ACEClientAppUITests.swift:225:69: warning: main actor-isolated property 'exists' can not be referenced from a nonisolated autoclosure
                && requireCoverage(app.secureTextFields["Password"].exists, "Password must be a secure field")
                                                                    ^
/Applications/Xcode.app/Contents/Developer/Platforms/iPhoneSimulator.platform/Developer/Library/Frameworks/XCUIAutomation.framework/Headers/XCUIElement.h:54:27: note: property declared here
@property (readonly) BOOL exists;
                          ^
LOCAL_HOME/Developer/sqe-platform-release-layout/ios/ACEClientApp/ACEClientAppUITests/ACEClientAppUITests.swift:225:56: warning: main actor-isolated subscript 'subscript(_:)' can not be referenced from a nonisolated autoclosure
                && requireCoverage(app.secureTextFields["Password"].exists, "Password must be a secure field")
                                                       ^
XCUIAutomation.XCUIElementQuery.subscript:2:17: note: subscript declared here
@MainActor open subscript(key: String) -> XCUIElement { get }}
                ^
LOCAL_HOME/Developer/sqe-platform-release-layout/ios/ACEClientApp/ACEClientAppUITests/ACEClientAppUITests.swift:225:40: warning: main actor-isolated property 'secureTextFields' can not be referenced from a nonisolated autoclosure
                && requireCoverage(app.secureTextFields["Password"].exists, "Password must be a secure field")
                                       ^
/Applications/Xcode.app/Contents/Developer/Platforms/iPhoneSimulator.platform/Developer/Library/Frameworks/XCUIAutomation.framework/Headers/XCUIElementTypeQueryProvider.h:64:46: note: property declared here
@property (readonly, copy) XCUIElementQuery *secureTextFields;
                                             ^
LOCAL_HOME/Developer/sqe-platform-release-layout/ios/ACEClientApp/ACEClientAppUITests/ACEClientAppUITests.swift:247:75: warning: main actor-isolated property 'firstMatch' can not be referenced from a nonisolated autoclosure
            guard requireCoverage(isFullyVisible(row, in: app.scrollViews.firstMatch), "Release value for \(field) must be visible") else { return false }
                                                                          ^
/Applications/Xcode.app/Contents/Developer/Platforms/iPhoneSimulator.platform/Developer/Library/Frameworks/XCUIAutomation.framework/Headers/XCUIElementTypeQueryProvider.h:105:35: note: property declared here
@property (readonly) XCUIElement *firstMatch;
                                  ^
LOCAL_HOME/Developer/sqe-platform-release-layout/ios/ACEClientApp/ACEClientAppUITests/ACEClientAppUITests.swift:247:63: warning: main actor-isolated property 'scrollViews' can not be referenced from a nonisolated autoclosure
            guard requireCoverage(isFullyVisible(row, in: app.scrollViews.firstMatch), "Release value for \(field) must be visible") else { return false }
                                                              ^
/Applications/Xcode.app/Contents/Developer/Platforms/iPhoneSimulator.platform/Developer/Library/Frameworks/XCUIAutomation.framework/Headers/XCUIElementTypeQueryProvider.h:60:46: note: property declared here
@property (readonly, copy) XCUIElementQuery *scrollViews;
                                             ^
LOCAL_HOME/Developer/sqe-platform-release-layout/ios/ACEClientApp/ACEClientAppUITests/ACEClientAppUITests.swift:256:37: warning: main actor-isolated subscript 'subscript(_:)' can not be referenced from a nonisolated context
            let button = app.buttons[label]
                                    ^
XCUIAutomation.XCUIElementQuery.subscript:2:17: note: subscript declared here
@MainActor open subscript(key: String) -> XCUIElement { get }}
                ^
LOCAL_HOME/Developer/sqe-platform-release-layout/ios/ACEClientApp/ACEClientAppUITests/ACEClientAppUITests.swift:253:18: note: add '@MainActor' to make instance method 'verifyReleaseActions(actionCount:in:)' part of global actor 'MainActor'
    private func verifyReleaseActions(actionCount: Int, in app: XCUIApplication) -> Bool {
                 ^
    @MainActor 
LOCAL_HOME/Developer/sqe-platform-release-layout/ios/ACEClientApp/ACEClientAppUITests/ACEClientAppUITests.swift:256:30: warning: main actor-isolated property 'buttons' can not be referenced from a nonisolated context
            let button = app.buttons[label]
                             ^
/Applications/Xcode.app/Contents/Developer/Platforms/iPhoneSimulator.platform/Developer/Library/Frameworks/XCUIAutomation.framework/Headers/XCUIElementTypeQueryProvider.h:22:46: note: property declared here
@property (readonly, copy) XCUIElementQuery *buttons;
                                             ^
LOCAL_HOME/Developer/sqe-platform-release-layout/ios/ACEClientApp/ACEClientAppUITests/ACEClientAppUITests.swift:253:18: note: add '@MainActor' to make instance method 'verifyReleaseActions(actionCount:in:)' part of global actor 'MainActor'
    private func verifyReleaseActions(actionCount: Int, in app: XCUIApplication) -> Bool {
                 ^
    @MainActor 
LOCAL_HOME/Developer/sqe-platform-release-layout/ios/ACEClientApp/ACEClientAppUITests/ACEClientAppUITests.swift:267:75: warning: main actor-isolated property 'firstMatch' can not be referenced from a nonisolated autoclosure
        guard requireCoverage(isFullyVisible(element, in: app.scrollViews.firstMatch), "\(notice) must be visible") else { return false }
                                                                          ^
/Applications/Xcode.app/Contents/Developer/Platforms/iPhoneSimulator.platform/Developer/Library/Frameworks/XCUIAutomation.framework/Headers/XCUIElementTypeQueryProvider.h:105:35: note: property declared here
@property (readonly) XCUIElement *firstMatch;
                                  ^
LOCAL_HOME/Developer/sqe-platform-release-layout/ios/ACEClientApp/ACEClientAppUITests/ACEClientAppUITests.swift:267:63: warning: main actor-isolated property 'scrollViews' can not be referenced from a nonisolated autoclosure
        guard requireCoverage(isFullyVisible(element, in: app.scrollViews.firstMatch), "\(notice) must be visible") else { return false }
                                                              ^
/Applications/Xcode.app/Contents/Developer/Platforms/iPhoneSimulator.platform/Developer/Library/Frameworks/XCUIAutomation.framework/Headers/XCUIElementTypeQueryProvider.h:60:46: note: property declared here
@property (readonly, copy) XCUIElementQuery *scrollViews;
                                             ^
LOCAL_HOME/Developer/sqe-platform-release-layout/ios/ACEClientApp/ACEClientAppUITests/ACEClientAppUITests.swift:298:37: warning: main actor-isolated subscript 'subscript(_:)' can not be referenced from a nonisolated context
            let button = app.buttons[label]
                                    ^
XCUIAutomation.XCUIElementQuery.subscript:2:17: note: subscript declared here
@MainActor open subscript(key: String) -> XCUIElement { get }}
                ^
LOCAL_HOME/Developer/sqe-platform-release-layout/ios/ACEClientApp/ACEClientAppUITests/ACEClientAppUITests.swift:295:18: note: add '@MainActor' to make instance method 'verifyScenarioActionTargets(_:in:caseID:screenshots:)' part of global actor 'MainActor'
    private func verifyScenarioActionTargets(_ labels: [String], in app: XCUIApplication, caseID: String,
                 ^
    @MainActor 
LOCAL_HOME/Developer/sqe-platform-release-layout/ios/ACEClientApp/ACEClientAppUITests/ACEClientAppUITests.swift:298:30: warning: main actor-isolated property 'buttons' can not be referenced from a nonisolated context
            let button = app.buttons[label]
                             ^
/Applications/Xcode.app/Contents/Developer/Platforms/iPhoneSimulator.platform/Developer/Library/Frameworks/XCUIAutomation.framework/Headers/XCUIElementTypeQueryProvider.h:22:46: note: property declared here
@property (readonly, copy) XCUIElementQuery *buttons;
                                             ^
LOCAL_HOME/Developer/sqe-platform-release-layout/ios/ACEClientApp/ACEClientAppUITests/ACEClientAppUITests.swift:295:18: note: add '@MainActor' to make instance method 'verifyScenarioActionTargets(_:in:caseID:screenshots:)' part of global actor 'MainActor'
    private func verifyScenarioActionTargets(_ labels: [String], in app: XCUIApplication, caseID: String,
                 ^
    @MainActor 
LOCAL_HOME/Developer/sqe-platform-release-layout/ios/ACEClientApp/ACEClientAppUITests/ACEClientAppUITests.swift:308:62: warning: main actor-isolated property 'isHittable' can not be referenced from a nonisolated autoclosure
        if isFullyVisibleInApp(control, app: app) && control.isHittable { return true }
                                                             ^
/Applications/Xcode.app/Contents/Developer/Platforms/iPhoneSimulator.platform/Developer/Library/Frameworks/XCUIAutomation.framework/Headers/XCUIElement.h:63:48: note: property declared here
@property (readonly, getter = isHittable) BOOL hittable;
                                               ^
LOCAL_HOME/Developer/sqe-platform-release-layout/ios/ACEClientApp/ACEClientAppUITests/ACEClientAppUITests.swift:309:42: warning: main actor-isolated property 'firstMatch' can not be referenced from a nonisolated context
        let scrollView = app.scrollViews.firstMatch
                                         ^
/Applications/Xcode.app/Contents/Developer/Platforms/iPhoneSimulator.platform/Developer/Library/Frameworks/XCUIAutomation.framework/Headers/XCUIElementTypeQueryProvider.h:105:35: note: property declared here
@property (readonly) XCUIElement *firstMatch;
                                  ^
LOCAL_HOME/Developer/sqe-platform-release-layout/ios/ACEClientApp/ACEClientAppUITests/ACEClientAppUITests.swift:307:18: note: add '@MainActor' to make instance method 'scrollControlIntoView(_:in:field:)' part of global actor 'MainActor'
    private func scrollControlIntoView(_ control: XCUIElement, in app: XCUIApplication, field: String) -> Bool {
                 ^
    @MainActor 
LOCAL_HOME/Developer/sqe-platform-release-layout/ios/ACEClientApp/ACEClientAppUITests/ACEClientAppUITests.swift:309:30: warning: main actor-isolated property 'scrollViews' can not be referenced from a nonisolated context
        let scrollView = app.scrollViews.firstMatch
                             ^
/Applications/Xcode.app/Contents/Developer/Platforms/iPhoneSimulator.platform/Developer/Library/Frameworks/XCUIAutomation.framework/Headers/XCUIElementTypeQueryProvider.h:60:46: note: property declared here
@property (readonly, copy) XCUIElementQuery *scrollViews;
                                             ^
LOCAL_HOME/Developer/sqe-platform-release-layout/ios/ACEClientApp/ACEClientAppUITests/ACEClientAppUITests.swift:307:18: note: add '@MainActor' to make instance method 'scrollControlIntoView(_:in:field:)' part of global actor 'MainActor'
    private func scrollControlIntoView(_ control: XCUIElement, in app: XCUIApplication, field: String) -> Bool {
                 ^
    @MainActor 
LOCAL_HOME/Developer/sqe-platform-release-layout/ios/ACEClientApp/ACEClientAppUITests/ACEClientAppUITests.swift:310:23: warning: main actor-isolated property 'exists' can not be referenced from a nonisolated context
        if scrollView.exists {
                      ^
/Applications/Xcode.app/Contents/Developer/Platforms/iPhoneSimulator.platform/Developer/Library/Frameworks/XCUIAutomation.framework/Headers/XCUIElement.h:54:27: note: property declared here
@property (readonly) BOOL exists;
                          ^
LOCAL_HOME/Developer/sqe-platform-release-layout/ios/ACEClientApp/ACEClientAppUITests/ACEClientAppUITests.swift:307:18: note: add '@MainActor' to make instance method 'scrollControlIntoView(_:in:field:)' part of global actor 'MainActor'
    private func scrollControlIntoView(_ control: XCUIElement, in app: XCUIApplication, field: String) -> Bool {
                 ^
    @MainActor 
LOCAL_HOME/Developer/sqe-platform-release-layout/ios/ACEClientApp/ACEClientAppUITests/ACEClientAppUITests.swift:314:32: warning: main actor-isolated property 'firstMatch' can not be referenced from a nonisolated context
        let table = app.tables.firstMatch
                               ^
/Applications/Xcode.app/Contents/Developer/Platforms/iPhoneSimulator.platform/Developer/Library/Frameworks/XCUIAutomation.framework/Headers/XCUIElementTypeQueryProvider.h:105:35: note: property declared here
@property (readonly) XCUIElement *firstMatch;
                                  ^
LOCAL_HOME/Developer/sqe-platform-release-layout/ios/ACEClientApp/ACEClientAppUITests/ACEClientAppUITests.swift:307:18: note: add '@MainActor' to make instance method 'scrollControlIntoView(_:in:field:)' part of global actor 'MainActor'
    private func scrollControlIntoView(_ control: XCUIElement, in app: XCUIApplication, field: String) -> Bool {
                 ^
    @MainActor 
LOCAL_HOME/Developer/sqe-platform-release-layout/ios/ACEClientApp/ACEClientAppUITests/ACEClientAppUITests.swift:314:25: warning: main actor-isolated property 'tables' can not be referenced from a nonisolated context
        let table = app.tables.firstMatch
                        ^
/Applications/Xcode.app/Contents/Developer/Platforms/iPhoneSimulator.platform/Developer/Library/Frameworks/XCUIAutomation.framework/Headers/XCUIElementTypeQueryProvider.h:39:46: note: property declared here
@property (readonly, copy) XCUIElementQuery *tables;
                                             ^
LOCAL_HOME/Developer/sqe-platform-release-layout/ios/ACEClientApp/ACEClientAppUITests/ACEClientAppUITests.swift:307:18: note: add '@MainActor' to make instance method 'scrollControlIntoView(_:in:field:)' part of global actor 'MainActor'
    private func scrollControlIntoView(_ control: XCUIElement, in app: XCUIApplication, field: String) -> Bool {
                 ^
    @MainActor 
LOCAL_HOME/Developer/sqe-platform-release-layout/ios/ACEClientApp/ACEClientAppUITests/ACEClientAppUITests.swift:315:21: warning: main actor-isolated property 'exists' can not be referenced from a nonisolated context
        guard table.exists else { return false }
                    ^
/Applications/Xcode.app/Contents/Developer/Platforms/iPhoneSimulator.platform/Developer/Library/Frameworks/XCUIAutomation.framework/Headers/XCUIElement.h:54:27: note: property declared here
@property (readonly) BOOL exists;
                          ^
LOCAL_HOME/Developer/sqe-platform-release-layout/ios/ACEClientApp/ACEClientAppUITests/ACEClientAppUITests.swift:307:18: note: add '@MainActor' to make instance method 'scrollControlIntoView(_:in:field:)' part of global actor 'MainActor'
    private func scrollControlIntoView(_ control: XCUIElement, in app: XCUIApplication, field: String) -> Bool {
                 ^
    @MainActor 
LOCAL_HOME/Developer/sqe-platform-release-layout/ios/ACEClientApp/ACEClientAppUITests/ACEClientAppUITests.swift:318:40: warning: main actor-isolated property 'exists' can not be referenced from a nonisolated context
            let controlFrame = control.exists ? control.frame : .zero
                                       ^
/Applications/Xcode.app/Contents/Developer/Platforms/iPhoneSimulator.platform/Developer/Library/Frameworks/XCUIAutomation.framework/Headers/XCUIElement.h:54:27: note: property declared here
@property (readonly) BOOL exists;
                          ^
LOCAL_HOME/Developer/sqe-platform-release-layout/ios/ACEClientApp/ACEClientAppUITests/ACEClientAppUITests.swift:307:18: note: add '@MainActor' to make instance method 'scrollControlIntoView(_:in:field:)' part of global actor 'MainActor'
    private func scrollControlIntoView(_ control: XCUIElement, in app: XCUIApplication, field: String) -> Bool {
                 ^
    @MainActor 
LOCAL_HOME/Developer/sqe-platform-release-layout/ios/ACEClientApp/ACEClientAppUITests/ACEClientAppUITests.swift:318:57: warning: main actor-isolated property 'frame' can not be referenced from a nonisolated context
            let controlFrame = control.exists ? control.frame : .zero
                                                        ^
/Applications/Xcode.app/Contents/Developer/Platforms/iPhoneSimulator.platform/Developer/Library/Frameworks/XCUIAutomation.framework/Headers/XCUIElementAttributes.h:38:29: note: property declared here
@property (readonly) CGRect frame;
                            ^
LOCAL_HOME/Developer/sqe-platform-release-layout/ios/ACEClientApp/ACEClientAppUITests/ACEClientAppUITests.swift:307:18: note: add '@MainActor' to make instance method 'scrollControlIntoView(_:in:field:)' part of global actor 'MainActor'
    private func scrollControlIntoView(_ control: XCUIElement, in app: XCUIApplication, field: String) -> Bool {
                 ^
    @MainActor 
LOCAL_HOME/Developer/sqe-platform-release-layout/ios/ACEClientApp/ACEClientAppUITests/ACEClientAppUITests.swift:319:42: warning: main actor-isolated property 'exists' can not be referenced from a nonisolated context
            drag(table, upward: !control.exists || controlFrame == .zero || controlFrame.maxY > table.frame.maxY)
                                         ^
/Applications/Xcode.app/Contents/Developer/Platforms/iPhoneSimulator.platform/Developer/Library/Frameworks/XCUIAutomation.framework/Headers/XCUIElement.h:54:27: note: property declared here
@property (readonly) BOOL exists;
                          ^
LOCAL_HOME/Developer/sqe-platform-release-layout/ios/ACEClientApp/ACEClientAppUITests/ACEClientAppUITests.swift:307:18: note: add '@MainActor' to make instance method 'scrollControlIntoView(_:in:field:)' part of global actor 'MainActor'
    private func scrollControlIntoView(_ control: XCUIElement, in app: XCUIApplication, field: String) -> Bool {
                 ^
    @MainActor 
LOCAL_HOME/Developer/sqe-platform-release-layout/ios/ACEClientApp/ACEClientAppUITests/ACEClientAppUITests.swift:319:103: warning: main actor-isolated property 'frame' can not be referenced from a nonisolated autoclosure
            drag(table, upward: !control.exists || controlFrame == .zero || controlFrame.maxY > table.frame.maxY)
                                                                                                      ^
/Applications/Xcode.app/Contents/Developer/Platforms/iPhoneSimulator.platform/Developer/Library/Frameworks/XCUIAutomation.framework/Headers/XCUIElementAttributes.h:38:29: note: property declared here
@property (readonly) CGRect frame;
                            ^
LOCAL_HOME/Developer/sqe-platform-release-layout/ios/ACEClientApp/ACEClientAppUITests/ACEClientAppUITests.swift:325:32: warning: main actor-isolated property 'exists' can not be referenced from a nonisolated autoclosure
        requireCoverage(button.exists && button.isHittable, "\(name) must be reachable")
                               ^
/Applications/Xcode.app/Contents/Developer/Platforms/iPhoneSimulator.platform/Developer/Library/Frameworks/XCUIAutomation.framework/Headers/XCUIElement.h:54:27: note: property declared here
@property (readonly) BOOL exists;
                          ^
LOCAL_HOME/Developer/sqe-platform-release-layout/ios/ACEClientApp/ACEClientAppUITests/ACEClientAppUITests.swift:325:49: warning: main actor-isolated property 'isHittable' can not be referenced from a nonisolated autoclosure
        requireCoverage(button.exists && button.isHittable, "\(name) must be reachable")
                                                ^
/Applications/Xcode.app/Contents/Developer/Platforms/iPhoneSimulator.platform/Developer/Library/Frameworks/XCUIAutomation.framework/Headers/XCUIElement.h:63:48: note: property declared here
@property (readonly, getter = isHittable) BOOL hittable;
                                               ^
LOCAL_HOME/Developer/sqe-platform-release-layout/ios/ACEClientApp/ACEClientAppUITests/ACEClientAppUITests.swift:326:57: warning: main actor-isolated property 'frame' can not be referenced from a nonisolated autoclosure
            && requireCoverage(isAtLeast44Points(button.frame.width), "\(name) width is below 44 points")
                                                        ^
/Applications/Xcode.app/Contents/Developer/Platforms/iPhoneSimulator.platform/Developer/Library/Frameworks/XCUIAutomation.framework/Headers/XCUIElementAttributes.h:38:29: note: property declared here
@property (readonly) CGRect frame;
                            ^
LOCAL_HOME/Developer/sqe-platform-release-layout/ios/ACEClientApp/ACEClientAppUITests/ACEClientAppUITests.swift:327:57: warning: main actor-isolated property 'frame' can not be referenced from a nonisolated autoclosure
            && requireCoverage(isAtLeast44Points(button.frame.height), "\(name) height is below 44 points")
                                                        ^
/Applications/Xcode.app/Contents/Developer/Platforms/iPhoneSimulator.platform/Developer/Library/Frameworks/XCUIAutomation.framework/Headers/XCUIElementAttributes.h:38:29: note: property declared here
@property (readonly) CGRect frame;
                            ^
LOCAL_HOME/Developer/sqe-platform-release-layout/ios/ACEClientApp/ACEClientAppUITests/ACEClientAppUITests.swift:331:93: warning: main actor-isolated property 'firstMatch' can not be referenced from a nonisolated context
        app.descendants(matching: .any).matching(NSPredicate(format: "label == %@", label)).firstMatch
                                                                                            ^
/Applications/Xcode.app/Contents/Developer/Platforms/iPhoneSimulator.platform/Developer/Library/Frameworks/XCUIAutomation.framework/Headers/XCUIElementTypeQueryProvider.h:105:35: note: property declared here
@property (readonly) XCUIElement *firstMatch;
                                  ^
LOCAL_HOME/Developer/sqe-platform-release-layout/ios/ACEClientApp/ACEClientAppUITests/ACEClientAppUITests.swift:330:18: note: add '@MainActor' to make instance method 'coverageElement(in:labeled:)' part of global actor 'MainActor'
    private func coverageElement(in app: XCUIApplication, labeled label: String) -> XCUIElement {
                 ^
    @MainActor 
LOCAL_HOME/Developer/sqe-platform-release-layout/ios/ACEClientApp/ACEClientAppUITests/ACEClientAppUITests.swift:331:41: warning: call to main actor-isolated instance method 'matching' in a synchronous nonisolated context
        app.descendants(matching: .any).matching(NSPredicate(format: "label == %@", label)).firstMatch
                                        ^
XCUIAutomation.XCUIElementQuery.matching:2:22: note: calls to instance method 'matching' from outside of its actor context are implicitly asynchronous
@MainActor open func matching(_ predicate: NSPredicate) -> XCUIElementQuery}
                     ^
XCUIAutomation.XCUIElementQuery.matching:2:22: note: main actor isolation inferred from conformance to protocol 'XCUIElementTypeQueryProvider'
@MainActor open func matching(_ predicate: NSPredicate) -> XCUIElementQuery}
                     ^
LOCAL_HOME/Developer/sqe-platform-release-layout/ios/ACEClientApp/ACEClientAppUITests/ACEClientAppUITests.swift:330:18: note: add '@MainActor' to make instance method 'coverageElement(in:labeled:)' part of global actor 'MainActor'
    private func coverageElement(in app: XCUIApplication, labeled label: String) -> XCUIElement {
                 ^
    @MainActor 
LOCAL_HOME/Developer/sqe-platform-release-layout/ios/ACEClientApp/ACEClientAppUITests/ACEClientAppUITests.swift:331:13: warning: call to main actor-isolated instance method 'descendants(matching:)' in a synchronous nonisolated context
        app.descendants(matching: .any).matching(NSPredicate(format: "label == %@", label)).firstMatch
            ^
XCUIAutomation.XCUIElement.descendants:2:22: note: calls to instance method 'descendants(matching:)' from outside of its actor context are implicitly asynchronous
@MainActor open func descendants(matching type: XCUIElement.ElementType) -> XCUIElementQuery}
                     ^
LOCAL_HOME/Developer/sqe-platform-release-layout/ios/ACEClientApp/ACEClientAppUITests/ACEClientAppUITests.swift:330:18: note: add '@MainActor' to make instance method 'coverageElement(in:labeled:)' part of global actor 'MainActor'
    private func coverageElement(in app: XCUIApplication, labeled label: String) -> XCUIElement {
                 ^
    @MainActor 
LOCAL_HOME/Developer/sqe-platform-release-layout/ios/ACEClientApp/ACEClientAppUITests/ACEClientAppUITests.swift:335:29: warning: main actor-isolated property 'frame' can not be referenced from a nonisolated context
        let frame = element.frame
                            ^
/Applications/Xcode.app/Contents/Developer/Platforms/iPhoneSimulator.platform/Developer/Library/Frameworks/XCUIAutomation.framework/Headers/XCUIElementAttributes.h:38:29: note: property declared here
@property (readonly) CGRect frame;
                            ^
LOCAL_HOME/Developer/sqe-platform-release-layout/ios/ACEClientApp/ACEClientAppUITests/ACEClientAppUITests.swift:334:18: note: add '@MainActor' to make instance method 'isFullyVisibleInApp(_:app:)' part of global actor 'MainActor'
    private func isFullyVisibleInApp(_ element: XCUIElement, app: XCUIApplication) -> Bool {
                 ^
    @MainActor 
LOCAL_HOME/Developer/sqe-platform-release-layout/ios/ACEClientApp/ACEClientAppUITests/ACEClientAppUITests.swift:336:59: warning: main actor-isolated property 'frame' can not be referenced from a nonisolated autoclosure
        return frame.width > 0 && frame.height > 0 && app.frame.contains(frame)
                                                          ^
/Applications/Xcode.app/Contents/Developer/Platforms/iPhoneSimulator.platform/Developer/Library/Frameworks/XCUIAutomation.framework/Headers/XCUIElementAttributes.h:38:29: note: property declared here
@property (readonly) CGRect frame;
                            ^
LOCAL_HOME/Developer/sqe-platform-release-layout/ios/ACEClientApp/ACEClientAppUITests/ACEClientAppUITests.swift:365:24: warning: call to main actor-isolated initializer 'init(bundleIdentifier:)' in a synchronous nonisolated context
        let settings = XCUIApplication(bundleIdentifier: "com.apple.Preferences")
                       ^
/Applications/Xcode.app/Contents/Developer/Platforms/iPhoneSimulator.platform/Developer/Library/Frameworks/XCUIAutomation.framework/Headers/XCUIApplication.h:35:1: note: calls to initializer 'init(bundleIdentifier:)' from outside of its actor context are implicitly asynchronous
- (instancetype)initWithBundleIdentifier:(NSString *)bundleIdentifier NS_DESIGNATED_INITIALIZER;
^
LOCAL_HOME/Developer/sqe-platform-release-layout/ios/ACEClientApp/ACEClientAppUITests/ACEClientAppUITests.swift:362:18: note: add '@MainActor' to make instance method 'configureAccessibilitySettings(from:to:)' part of global actor 'MainActor'
    private func configureAccessibilitySettings(from observed: CoverageSettings, to requested: CoverageSettings) -> Bool {
                 ^
    @MainActor 
LOCAL_HOME/Developer/sqe-platform-release-layout/ios/ACEClientApp/ACEClientAppUITests/ACEClientAppUITests.swift:366:18: warning: call to main actor-isolated instance method 'activate()' in a synchronous nonisolated context
        settings.activate()
                 ^
XCUIAutomation.XCUIApplication.activate:2:22: note: calls to instance method 'activate()' from outside of its actor context are implicitly asynchronous
@MainActor open func activate()}
                     ^
LOCAL_HOME/Developer/sqe-platform-release-layout/ios/ACEClientApp/ACEClientAppUITests/ACEClientAppUITests.swift:362:18: note: add '@MainActor' to make instance method 'configureAccessibilitySettings(from:to:)' part of global actor 'MainActor'
    private func configureAccessibilitySettings(from observed: CoverageSettings, to requested: CoverageSettings) -> Bool {
                 ^
    @MainActor 
LOCAL_HOME/Developer/sqe-platform-release-layout/ios/ACEClientApp/ACEClientAppUITests/ACEClientAppUITests.swift:367:40: warning: call to main actor-isolated instance method 'wait(for:timeout:)' in a synchronous nonisolated context
        guard requireCoverage(settings.wait(for: .runningForeground, timeout: 5), "Settings did not open") else { return false }
                                       ^
XCUIAutomation.XCUIApplication.wait:2:22: note: calls to instance method 'wait(for:timeout:)' from outside of its actor context are implicitly asynchronous
@MainActor open func wait(for state: XCUIApplication.State, timeout: TimeInterval) -> Bool}
                     ^
LOCAL_HOME/Developer/sqe-platform-release-layout/ios/ACEClientApp/ACEClientAppUITests/ACEClientAppUITests.swift:390:39: warning: main actor-isolated subscript 'subscript(_:)' can not be referenced from a nonisolated context
        let toggle = settings.switches[label]
                                      ^
XCUIAutomation.XCUIElementQuery.subscript:2:17: note: subscript declared here
@MainActor open subscript(key: String) -> XCUIElement { get }}
                ^
LOCAL_HOME/Developer/sqe-platform-release-layout/ios/ACEClientApp/ACEClientAppUITests/ACEClientAppUITests.swift:379:18: note: add '@MainActor' to make instance method 'setNativeAccessibilityToggle(_:path:enabled:in:)' part of global actor 'MainActor'
    private func setNativeAccessibilityToggle(_ label: String, path: [String], enabled: Bool, in settings: XCUIApplication) -> Bool {
                 ^
    @MainActor 
LOCAL_HOME/Developer/sqe-platform-release-layout/ios/ACEClientApp/ACEClientAppUITests/ACEClientAppUITests.swift:390:31: warning: main actor-isolated property 'switches' can not be referenced from a nonisolated context
        let toggle = settings.switches[label]
                              ^
/Applications/Xcode.app/Contents/Developer/Platforms/iPhoneSimulator.platform/Developer/Library/Frameworks/XCUIAutomation.framework/Headers/XCUIElementTypeQueryProvider.h:54:46: note: property declared here
@property (readonly, copy) XCUIElementQuery *switches;
                                             ^
LOCAL_HOME/Developer/sqe-platform-release-layout/ios/ACEClientApp/ACEClientAppUITests/ACEClientAppUITests.swift:379:18: note: add '@MainActor' to make instance method 'setNativeAccessibilityToggle(_:path:enabled:in:)' part of global actor 'MainActor'
    private func setNativeAccessibilityToggle(_ label: String, path: [String], enabled: Bool, in settings: XCUIApplication) -> Bool {
                 ^
    @MainActor 
LOCAL_HOME/Developer/sqe-platform-release-layout/ios/ACEClientApp/ACEClientAppUITests/ACEClientAppUITests.swift:391:22: warning: call to main actor-isolated instance method 'waitForExistence(timeout:)' in a synchronous nonisolated context
        guard toggle.waitForExistence(timeout: 5), let current = nativeSwitchValue(toggle) else {
                     ^
XCUIAutomation.XCUIElement.waitForExistence:2:22: note: calls to instance method 'waitForExistence(timeout:)' from outside of its actor context are implicitly asynchronous
@MainActor open func waitForExistence(timeout: TimeInterval) -> Bool}
                     ^
LOCAL_HOME/Developer/sqe-platform-release-layout/ios/ACEClientApp/ACEClientAppUITests/ACEClientAppUITests.swift:379:18: note: add '@MainActor' to make instance method 'setNativeAccessibilityToggle(_:path:enabled:in:)' part of global actor 'MainActor'
    private func setNativeAccessibilityToggle(_ label: String, path: [String], enabled: Bool, in settings: XCUIApplication) -> Bool {
                 ^
    @MainActor 
LOCAL_HOME/Developer/sqe-platform-release-layout/ios/ACEClientApp/ACEClientAppUITests/ACEClientAppUITests.swift:397:96: warning: main actor-isolated property 'frame' can not be referenced from a nonisolated context
        print("ACE_NATIVE_SWITCH \(label) before=\(current) expected=\(enabled) frame=\(toggle.frame)")
                                                                                               ^
/Applications/Xcode.app/Contents/Developer/Platforms/iPhoneSimulator.platform/Developer/Library/Frameworks/XCUIAutomation.framework/Headers/XCUIElementAttributes.h:38:29: note: property declared here
@property (readonly) CGRect frame;
                            ^
LOCAL_HOME/Developer/sqe-platform-release-layout/ios/ACEClientApp/ACEClientAppUITests/ACEClientAppUITests.swift:379:18: note: add '@MainActor' to make instance method 'setNativeAccessibilityToggle(_:path:enabled:in:)' part of global actor 'MainActor'
    private func setNativeAccessibilityToggle(_ label: String, path: [String], enabled: Bool, in settings: XCUIApplication) -> Bool {
                 ^
    @MainActor 
LOCAL_HOME/Developer/sqe-platform-release-layout/ios/ACEClientApp/ACEClientAppUITests/ACEClientAppUITests.swift:399:81: warning: call to main actor-isolated instance method 'tap()' in a synchronous nonisolated context
            toggle.coordinate(withNormalizedOffset: CGVector(dx: 0.9, dy: 0.5)).tap()
                                                                                ^
XCUIAutomation.XCUICoordinate.tap:2:22: note: calls to instance method 'tap()' from outside of its actor context are implicitly asynchronous
@MainActor open func tap()}
                     ^
LOCAL_HOME/Developer/sqe-platform-release-layout/ios/ACEClientApp/ACEClientAppUITests/ACEClientAppUITests.swift:379:18: note: add '@MainActor' to make instance method 'setNativeAccessibilityToggle(_:path:enabled:in:)' part of global actor 'MainActor'
    private func setNativeAccessibilityToggle(_ label: String, path: [String], enabled: Bool, in settings: XCUIApplication) -> Bool {
                 ^
    @MainActor 
LOCAL_HOME/Developer/sqe-platform-release-layout/ios/ACEClientApp/ACEClientAppUITests/ACEClientAppUITests.swift:399:20: warning: call to main actor-isolated instance method 'coordinate(withNormalizedOffset:)' in a synchronous nonisolated context
            toggle.coordinate(withNormalizedOffset: CGVector(dx: 0.9, dy: 0.5)).tap()
                   ^
XCUIAutomation.XCUIElement.coordinate:2:22: note: calls to instance method 'coordinate(withNormalizedOffset:)' from outside of its actor context are implicitly asynchronous
@MainActor open func coordinate(withNormalizedOffset normalizedOffset: CGVector) -> XCUICoordinate}
                     ^
LOCAL_HOME/Developer/sqe-platform-release-layout/ios/ACEClientApp/ACEClientAppUITests/ACEClientAppUITests.swift:379:18: note: add '@MainActor' to make instance method 'setNativeAccessibilityToggle(_:path:enabled:in:)' part of global actor 'MainActor'
    private func setNativeAccessibilityToggle(_ label: String, path: [String], enabled: Bool, in settings: XCUIApplication) -> Bool {
                 ^
    @MainActor 
LOCAL_HOME/Developer/sqe-platform-release-layout/ios/ACEClientApp/ACEClientAppUITests/ACEClientAppUITests.swift:405:57: warning: main actor-isolated subscript 'subscript(_:)' can not be referenced from a nonisolated context
        let actual = nativeSwitchValue(settings.switches[label])
                                                        ^
XCUIAutomation.XCUIElementQuery.subscript:2:17: note: subscript declared here
@MainActor open subscript(key: String) -> XCUIElement { get }}
                ^
LOCAL_HOME/Developer/sqe-platform-release-layout/ios/ACEClientApp/ACEClientAppUITests/ACEClientAppUITests.swift:379:18: note: add '@MainActor' to make instance method 'setNativeAccessibilityToggle(_:path:enabled:in:)' part of global actor 'MainActor'
    private func setNativeAccessibilityToggle(_ label: String, path: [String], enabled: Bool, in settings: XCUIApplication) -> Bool {
                 ^
    @MainActor 
LOCAL_HOME/Developer/sqe-platform-release-layout/ios/ACEClientApp/ACEClientAppUITests/ACEClientAppUITests.swift:405:49: warning: main actor-isolated property 'switches' can not be referenced from a nonisolated context
        let actual = nativeSwitchValue(settings.switches[label])
                                                ^
/Applications/Xcode.app/Contents/Developer/Platforms/iPhoneSimulator.platform/Developer/Library/Frameworks/XCUIAutomation.framework/Headers/XCUIElementTypeQueryProvider.h:54:46: note: property declared here
@property (readonly, copy) XCUIElementQuery *switches;
                                             ^
LOCAL_HOME/Developer/sqe-platform-release-layout/ios/ACEClientApp/ACEClientAppUITests/ACEClientAppUITests.swift:379:18: note: add '@MainActor' to make instance method 'setNativeAccessibilityToggle(_:path:enabled:in:)' part of global actor 'MainActor'
    private func setNativeAccessibilityToggle(_ label: String, path: [String], enabled: Bool, in settings: XCUIApplication) -> Bool {
                 ^
    @MainActor 
LOCAL_HOME/Developer/sqe-platform-release-layout/ios/ACEClientApp/ACEClientAppUITests/ACEClientAppUITests.swift:418:52: warning: main actor-isolated property 'exists' can not be referenced from a nonisolated context
            if settings.navigationBars["Settings"].exists { return true }
                                                   ^
/Applications/Xcode.app/Contents/Developer/Platforms/iPhoneSimulator.platform/Developer/Library/Frameworks/XCUIAutomation.framework/Headers/XCUIElement.h:54:27: note: property declared here
@property (readonly) BOOL exists;
                          ^
LOCAL_HOME/Developer/sqe-platform-release-layout/ios/ACEClientApp/ACEClientAppUITests/ACEClientAppUITests.swift:416:18: note: add '@MainActor' to make instance method 'returnToSettingsRoot' part of global actor 'MainActor'
    private func returnToSettingsRoot(_ settings: XCUIApplication) -> Bool {
                 ^
    @MainActor 
LOCAL_HOME/Developer/sqe-platform-release-layout/ios/ACEClientApp/ACEClientAppUITests/ACEClientAppUITests.swift:418:39: warning: main actor-isolated subscript 'subscript(_:)' can not be referenced from a nonisolated context
            if settings.navigationBars["Settings"].exists { return true }
                                      ^
XCUIAutomation.XCUIElementQuery.subscript:2:17: note: subscript declared here
@MainActor open subscript(key: String) -> XCUIElement { get }}
                ^
LOCAL_HOME/Developer/sqe-platform-release-layout/ios/ACEClientApp/ACEClientAppUITests/ACEClientAppUITests.swift:416:18: note: add '@MainActor' to make instance method 'returnToSettingsRoot' part of global actor 'MainActor'
    private func returnToSettingsRoot(_ settings: XCUIApplication) -> Bool {
                 ^
    @MainActor 
LOCAL_HOME/Developer/sqe-platform-release-layout/ios/ACEClientApp/ACEClientAppUITests/ACEClientAppUITests.swift:418:25: warning: main actor-isolated property 'navigationBars' can not be referenced from a nonisolated context
            if settings.navigationBars["Settings"].exists { return true }
                        ^
/Applications/Xcode.app/Contents/Developer/Platforms/iPhoneSimulator.platform/Developer/Library/Frameworks/XCUIAutomation.framework/Headers/XCUIElementTypeQueryProvider.h:34:46: note: property declared here
@property (readonly, copy) XCUIElementQuery *navigationBars;
                                             ^
LOCAL_HOME/Developer/sqe-platform-release-layout/ios/ACEClientApp/ACEClientAppUITests/ACEClientAppUITests.swift:416:18: note: add '@MainActor' to make instance method 'returnToSettingsRoot' part of global actor 'MainActor'
    private func returnToSettingsRoot(_ settings: XCUIApplication) -> Bool {
                 ^
    @MainActor 
LOCAL_HOME/Developer/sqe-platform-release-layout/ios/ACEClientApp/ACEClientAppUITests/ACEClientAppUITests.swift:419:56: warning: main actor-isolated property 'firstMatch' can not be referenced from a nonisolated context
            let back = settings.navigationBars.buttons.firstMatch
                                                       ^
/Applications/Xcode.app/Contents/Developer/Platforms/iPhoneSimulator.platform/Developer/Library/Frameworks/XCUIAutomation.framework/Headers/XCUIElementTypeQueryProvider.h:105:35: note: property declared here
@property (readonly) XCUIElement *firstMatch;
                                  ^
LOCAL_HOME/Developer/sqe-platform-release-layout/ios/ACEClientApp/ACEClientAppUITests/ACEClientAppUITests.swift:416:18: note: add '@MainActor' to make instance method 'returnToSettingsRoot' part of global actor 'MainActor'
    private func returnToSettingsRoot(_ settings: XCUIApplication) -> Bool {
                 ^
    @MainActor 
LOCAL_HOME/Developer/sqe-platform-release-layout/ios/ACEClientApp/ACEClientAppUITests/ACEClientAppUITests.swift:419:48: warning: main actor-isolated property 'buttons' can not be referenced from a nonisolated context
            let back = settings.navigationBars.buttons.firstMatch
                                               ^
/Applications/Xcode.app/Contents/Developer/Platforms/iPhoneSimulator.platform/Developer/Library/Frameworks/XCUIAutomation.framework/Headers/XCUIElementTypeQueryProvider.h:22:46: note: property declared here
@property (readonly, copy) XCUIElementQuery *buttons;
                                             ^
LOCAL_HOME/Developer/sqe-platform-release-layout/ios/ACEClientApp/ACEClientAppUITests/ACEClientAppUITests.swift:416:18: note: add '@MainActor' to make instance method 'returnToSettingsRoot' part of global actor 'MainActor'
    private func returnToSettingsRoot(_ settings: XCUIApplication) -> Bool {
                 ^
    @MainActor 
LOCAL_HOME/Developer/sqe-platform-release-layout/ios/ACEClientApp/ACEClientAppUITests/ACEClientAppUITests.swift:419:33: warning: main actor-isolated property 'navigationBars' can not be referenced from a nonisolated context
            let back = settings.navigationBars.buttons.firstMatch
                                ^
/Applications/Xcode.app/Contents/Developer/Platforms/iPhoneSimulator.platform/Developer/Library/Frameworks/XCUIAutomation.framework/Headers/XCUIElementTypeQueryProvider.h:34:46: note: property declared here
@property (readonly, copy) XCUIElementQuery *navigationBars;
                                             ^
LOCAL_HOME/Developer/sqe-platform-release-layout/ios/ACEClientApp/ACEClientAppUITests/ACEClientAppUITests.swift:416:18: note: add '@MainActor' to make instance method 'returnToSettingsRoot' part of global actor 'MainActor'
    private func returnToSettingsRoot(_ settings: XCUIApplication) -> Bool {
                 ^
    @MainActor 
LOCAL_HOME/Developer/sqe-platform-release-layout/ios/ACEClientApp/ACEClientAppUITests/ACEClientAppUITests.swift:420:24: warning: main actor-isolated property 'exists' can not be referenced from a nonisolated context
            guard back.exists && back.isHittable else { return false }
                       ^
/Applications/Xcode.app/Contents/Developer/Platforms/iPhoneSimulator.platform/Developer/Library/Frameworks/XCUIAutomation.framework/Headers/XCUIElement.h:54:27: note: property declared here
@property (readonly) BOOL exists;
                          ^
LOCAL_HOME/Developer/sqe-platform-release-layout/ios/ACEClientApp/ACEClientAppUITests/ACEClientAppUITests.swift:416:18: note: add '@MainActor' to make instance method 'returnToSettingsRoot' part of global actor 'MainActor'
    private func returnToSettingsRoot(_ settings: XCUIApplication) -> Bool {
                 ^
    @MainActor 
LOCAL_HOME/Developer/sqe-platform-release-layout/ios/ACEClientApp/ACEClientAppUITests/ACEClientAppUITests.swift:420:39: warning: main actor-isolated property 'isHittable' can not be referenced from a nonisolated autoclosure
            guard back.exists && back.isHittable else { return false }
                                      ^
/Applications/Xcode.app/Contents/Developer/Platforms/iPhoneSimulator.platform/Developer/Library/Frameworks/XCUIAutomation.framework/Headers/XCUIElement.h:63:48: note: property declared here
@property (readonly, getter = isHittable) BOOL hittable;
                                               ^
LOCAL_HOME/Developer/sqe-platform-release-layout/ios/ACEClientApp/ACEClientAppUITests/ACEClientAppUITests.swift:421:18: warning: call to main actor-isolated instance method 'tap()' in a synchronous nonisolated context
            back.tap()
                 ^
XCUIAutomation.XCUIElement.tap:2:22: note: calls to instance method 'tap()' from outside of its actor context are implicitly asynchronous
@MainActor open func tap()}
                     ^
LOCAL_HOME/Developer/sqe-platform-release-layout/ios/ACEClientApp/ACEClientAppUITests/ACEClientAppUITests.swift:416:18: note: add '@MainActor' to make instance method 'returnToSettingsRoot' part of global actor 'MainActor'
    private func returnToSettingsRoot(_ settings: XCUIApplication) -> Bool {
                 ^
    @MainActor 
LOCAL_HOME/Developer/sqe-platform-release-layout/ios/ACEClientApp/ACEClientAppUITests/ACEClientAppUITests.swift:423:52: warning: main actor-isolated property 'exists' can not be referenced from a nonisolated context
        return settings.navigationBars["Settings"].exists
                                                   ^
/Applications/Xcode.app/Contents/Developer/Platforms/iPhoneSimulator.platform/Developer/Library/Frameworks/XCUIAutomation.framework/Headers/XCUIElement.h:54:27: note: property declared here
@property (readonly) BOOL exists;
                          ^
LOCAL_HOME/Developer/sqe-platform-release-layout/ios/ACEClientApp/ACEClientAppUITests/ACEClientAppUITests.swift:416:18: note: add '@MainActor' to make instance method 'returnToSettingsRoot' part of global actor 'MainActor'
    private func returnToSettingsRoot(_ settings: XCUIApplication) -> Bool {
                 ^
    @MainActor 
LOCAL_HOME/Developer/sqe-platform-release-layout/ios/ACEClientApp/ACEClientAppUITests/ACEClientAppUITests.swift:423:39: warning: main actor-isolated subscript 'subscript(_:)' can not be referenced from a nonisolated context
        return settings.navigationBars["Settings"].exists
                                      ^
XCUIAutomation.XCUIElementQuery.subscript:2:17: note: subscript declared here
@MainActor open subscript(key: String) -> XCUIElement { get }}
                ^
LOCAL_HOME/Developer/sqe-platform-release-layout/ios/ACEClientApp/ACEClientAppUITests/ACEClientAppUITests.swift:416:18: note: add '@MainActor' to make instance method 'returnToSettingsRoot' part of global actor 'MainActor'
    private func returnToSettingsRoot(_ settings: XCUIApplication) -> Bool {
                 ^
    @MainActor 
LOCAL_HOME/Developer/sqe-platform-release-layout/ios/ACEClientApp/ACEClientAppUITests/ACEClientAppUITests.swift:423:25: warning: main actor-isolated property 'navigationBars' can not be referenced from a nonisolated context
        return settings.navigationBars["Settings"].exists
                        ^
/Applications/Xcode.app/Contents/Developer/Platforms/iPhoneSimulator.platform/Developer/Library/Frameworks/XCUIAutomation.framework/Headers/XCUIElementTypeQueryProvider.h:34:46: note: property declared here
@property (readonly, copy) XCUIElementQuery *navigationBars;
                                             ^
LOCAL_HOME/Developer/sqe-platform-release-layout/ios/ACEClientApp/ACEClientAppUITests/ACEClientAppUITests.swift:416:18: note: add '@MainActor' to make instance method 'returnToSettingsRoot' part of global actor 'MainActor'
    private func returnToSettingsRoot(_ settings: XCUIApplication) -> Bool {
                 ^
    @MainActor 
LOCAL_HOME/Developer/sqe-platform-release-layout/ios/ACEClientApp/ACEClientAppUITests/ACEClientAppUITests.swift:428:45: warning: main actor-isolated subscript 'subscript(_:)' can not be referenced from a nonisolated context
            let candidates = [settings.cells[label], settings.staticTexts[label], settings.buttons[label]]
                                            ^
XCUIAutomation.XCUIElementQuery.subscript:2:17: note: subscript declared here
@MainActor open subscript(key: String) -> XCUIElement { get }}
                ^
LOCAL_HOME/Developer/sqe-platform-release-layout/ios/ACEClientApp/ACEClientAppUITests/ACEClientAppUITests.swift:426:18: note: add '@MainActor' to make instance method 'tapSettingsItem(_:in:)' part of global actor 'MainActor'
    private func tapSettingsItem(_ label: String, in settings: XCUIApplication) -> Bool {
                 ^
    @MainActor 
LOCAL_HOME/Developer/sqe-platform-release-layout/ios/ACEClientApp/ACEClientAppUITests/ACEClientAppUITests.swift:428:40: warning: main actor-isolated property 'cells' can not be referenced from a nonisolated context
            let candidates = [settings.cells[label], settings.staticTexts[label], settings.buttons[label]]
                                       ^
/Applications/Xcode.app/Contents/Developer/Platforms/iPhoneSimulator.platform/Developer/Library/Frameworks/XCUIAutomation.framework/Headers/XCUIElementTypeQueryProvider.h:91:46: note: property declared here
@property (readonly, copy) XCUIElementQuery *cells;
                                             ^
LOCAL_HOME/Developer/sqe-platform-release-layout/ios/ACEClientApp/ACEClientAppUITests/ACEClientAppUITests.swift:426:18: note: add '@MainActor' to make instance method 'tapSettingsItem(_:in:)' part of global actor 'MainActor'
    private func tapSettingsItem(_ label: String, in settings: XCUIApplication) -> Bool {
                 ^
    @MainActor 
LOCAL_HOME/Developer/sqe-platform-release-layout/ios/ACEClientApp/ACEClientAppUITests/ACEClientAppUITests.swift:428:74: warning: main actor-isolated subscript 'subscript(_:)' can not be referenced from a nonisolated context
            let candidates = [settings.cells[label], settings.staticTexts[label], settings.buttons[label]]
                                                                         ^
XCUIAutomation.XCUIElementQuery.subscript:2:17: note: subscript declared here
@MainActor open subscript(key: String) -> XCUIElement { get }}
                ^
LOCAL_HOME/Developer/sqe-platform-release-layout/ios/ACEClientApp/ACEClientAppUITests/ACEClientAppUITests.swift:426:18: note: add '@MainActor' to make instance method 'tapSettingsItem(_:in:)' part of global actor 'MainActor'
    private func tapSettingsItem(_ label: String, in settings: XCUIApplication) -> Bool {
                 ^
    @MainActor 
LOCAL_HOME/Developer/sqe-platform-release-layout/ios/ACEClientApp/ACEClientAppUITests/ACEClientAppUITests.swift:428:63: warning: main actor-isolated property 'staticTexts' can not be referenced from a nonisolated context
            let candidates = [settings.cells[label], settings.staticTexts[label], settings.buttons[label]]
                                                              ^
/Applications/Xcode.app/Contents/Developer/Platforms/iPhoneSimulator.platform/Developer/Library/Frameworks/XCUIAutomation.framework/Headers/XCUIElementTypeQueryProvider.h:62:46: note: property declared here
@property (readonly, copy) XCUIElementQuery *staticTexts;
                                             ^
LOCAL_HOME/Developer/sqe-platform-release-layout/ios/ACEClientApp/ACEClientAppUITests/ACEClientAppUITests.swift:426:18: note: add '@MainActor' to make instance method 'tapSettingsItem(_:in:)' part of global actor 'MainActor'
    private func tapSettingsItem(_ label: String, in settings: XCUIApplication) -> Bool {
                 ^
    @MainActor 
LOCAL_HOME/Developer/sqe-platform-release-layout/ios/ACEClientApp/ACEClientAppUITests/ACEClientAppUITests.swift:428:99: warning: main actor-isolated subscript 'subscript(_:)' can not be referenced from a nonisolated context
            let candidates = [settings.cells[label], settings.staticTexts[label], settings.buttons[label]]
                                                                                                  ^
XCUIAutomation.XCUIElementQuery.subscript:2:17: note: subscript declared here
@MainActor open subscript(key: String) -> XCUIElement { get }}
                ^
LOCAL_HOME/Developer/sqe-platform-release-layout/ios/ACEClientApp/ACEClientAppUITests/ACEClientAppUITests.swift:426:18: note: add '@MainActor' to make instance method 'tapSettingsItem(_:in:)' part of global actor 'MainActor'
    private func tapSettingsItem(_ label: String, in settings: XCUIApplication) -> Bool {
                 ^
    @MainActor 
LOCAL_HOME/Developer/sqe-platform-release-layout/ios/ACEClientApp/ACEClientAppUITests/ACEClientAppUITests.swift:428:92: warning: main actor-isolated property 'buttons' can not be referenced from a nonisolated context
            let candidates = [settings.cells[label], settings.staticTexts[label], settings.buttons[label]]
                                                                                           ^
/Applications/Xcode.app/Contents/Developer/Platforms/iPhoneSimulator.platform/Developer/Library/Frameworks/XCUIAutomation.framework/Headers/XCUIElementTypeQueryProvider.h:22:46: note: property declared here
@property (readonly, copy) XCUIElementQuery *buttons;
                                             ^
LOCAL_HOME/Developer/sqe-platform-release-layout/ios/ACEClientApp/ACEClientAppUITests/ACEClientAppUITests.swift:426:18: note: add '@MainActor' to make instance method 'tapSettingsItem(_:in:)' part of global actor 'MainActor'
    private func tapSettingsItem(_ label: String, in settings: XCUIApplication) -> Bool {
                 ^
    @MainActor 
LOCAL_HOME/Developer/sqe-platform-release-layout/ios/ACEClientApp/ACEClientAppUITests/ACEClientAppUITests.swift:429:61: warning: main actor-isolated property 'exists' can not be referenced from a nonisolated context
            if let candidate = candidates.first(where: { $0.exists && $0.isHittable }) { candidate.tap(); return true }
                                                            ^
/Applications/Xcode.app/Contents/Developer/Platforms/iPhoneSimulator.platform/Developer/Library/Frameworks/XCUIAutomation.framework/Headers/XCUIElement.h:54:27: note: property declared here
@property (readonly) BOOL exists;
                          ^
LOCAL_HOME/Developer/sqe-platform-release-layout/ios/ACEClientApp/ACEClientAppUITests/ACEClientAppUITests.swift:429:74: warning: main actor-isolated property 'isHittable' can not be referenced from a nonisolated autoclosure
            if let candidate = candidates.first(where: { $0.exists && $0.isHittable }) { candidate.tap(); return true }
                                                                         ^
/Applications/Xcode.app/Contents/Developer/Platforms/iPhoneSimulator.platform/Developer/Library/Frameworks/XCUIAutomation.framework/Headers/XCUIElement.h:63:48: note: property declared here
@property (readonly, getter = isHittable) BOOL hittable;
                                               ^
LOCAL_HOME/Developer/sqe-platform-release-layout/ios/ACEClientApp/ACEClientAppUITests/ACEClientAppUITests.swift:429:100: warning: call to main actor-isolated instance method 'tap()' in a synchronous nonisolated context
            if let candidate = candidates.first(where: { $0.exists && $0.isHittable }) { candidate.tap(); return true }
                                                                                                   ^
XCUIAutomation.XCUIElement.tap:2:22: note: calls to instance method 'tap()' from outside of its actor context are implicitly asynchronous
@MainActor open func tap()}
                     ^
LOCAL_HOME/Developer/sqe-platform-release-layout/ios/ACEClientApp/ACEClientAppUITests/ACEClientAppUITests.swift:426:18: note: add '@MainActor' to make instance method 'tapSettingsItem(_:in:)' part of global actor 'MainActor'
    private func tapSettingsItem(_ label: String, in settings: XCUIApplication) -> Bool {
                 ^
    @MainActor 
LOCAL_HOME/Developer/sqe-platform-release-layout/ios/ACEClientApp/ACEClientAppUITests/ACEClientAppUITests.swift:430:22: warning: call to main actor-isolated instance method 'swipeUp()' in a synchronous nonisolated context
            settings.swipeUp()
                     ^
XCUIAutomation.XCUIElement.swipeUp:2:22: note: calls to instance method 'swipeUp()' from outside of its actor context are implicitly asynchronous
@MainActor open func swipeUp()}
                     ^
LOCAL_HOME/Developer/sqe-platform-release-layout/ios/ACEClientApp/ACEClientAppUITests/ACEClientAppUITests.swift:426:18: note: add '@MainActor' to make instance method 'tapSettingsItem(_:in:)' part of global actor 'MainActor'
    private func tapSettingsItem(_ label: String, in settings: XCUIApplication) -> Bool {
                 ^
    @MainActor 
LOCAL_HOME/Developer/sqe-platform-release-layout/ios/ACEClientApp/ACEClientAppUITests/ACEClientAppUITests.swift:436:34: warning: main actor-isolated property 'value' can not be referenced from a nonisolated context
        guard let value = toggle.value as? String else { return nil }
                                 ^
/Applications/Xcode.app/Contents/Developer/Platforms/iPhoneSimulator.platform/Developer/Library/Frameworks/XCUIAutomation.framework/Headers/XCUIElementAttributes.h:41:35: note: property declared here
@property (readonly, nullable) id value;
                                  ^
LOCAL_HOME/Developer/sqe-platform-release-layout/ios/ACEClientApp/ACEClientAppUITests/ACEClientAppUITests.swift:435:18: note: add '@MainActor' to make instance method 'nativeSwitchValue' part of global actor 'MainActor'
    private func nativeSwitchValue(_ toggle: XCUIElement) -> Bool? {
                 ^
    @MainActor 
LOCAL_HOME/Developer/sqe-platform-release-layout/ios/ACEClientApp/ACEClientAppUITests/ACEClientAppUITests.swift:462:19: warning: call to main actor-isolated initializer 'init()' in a synchronous nonisolated context
        let app = XCUIApplication()
                  ^
/Applications/Xcode.app/Contents/Developer/Platforms/iPhoneSimulator.platform/Developer/Library/Frameworks/XCUIAutomation.framework/Headers/XCUIApplication.h:29:1: note: calls to initializer 'init()' from outside of its actor context are implicitly asynchronous
- (instancetype)init NS_DESIGNATED_INITIALIZER;
^
LOCAL_HOME/Developer/sqe-platform-release-layout/ios/ACEClientApp/ACEClientAppUITests/ACEClientAppUITests.swift:461:18: note: add '@MainActor' to make instance method 'launch(_:appearance:)' part of global actor 'MainActor'
    private func launch(_ scenario: String, appearance requestedAppearance: String? = nil) -> XCUIApplication {
                 ^
    @MainActor 
LOCAL_HOME/Developer/sqe-platform-release-layout/ios/ACEClientApp/ACEClientAppUITests/ACEClientAppUITests.swift:464:13: warning: main actor-isolated property 'launchEnvironment' can not be mutated from a nonisolated context
        app.launchEnvironment["ACE_UI_TEST_SCENARIO"] = scenario
            ^
/Applications/Xcode.app/Contents/Developer/Platforms/iPhoneSimulator.platform/Developer/Library/Frameworks/XCUIAutomation.framework/Headers/XCUIApplication.h:102:68: note: mutation of this property is only permitted within the actor
@property (nonatomic, copy) NSDictionary <NSString *, NSString *> *launchEnvironment;
                                                                   ^
LOCAL_HOME/Developer/sqe-platform-release-layout/ios/ACEClientApp/ACEClientAppUITests/ACEClientAppUITests.swift:461:18: note: add '@MainActor' to make instance method 'launch(_:appearance:)' part of global actor 'MainActor'
    private func launch(_ scenario: String, appearance requestedAppearance: String? = nil) -> XCUIApplication {
                 ^
    @MainActor 
LOCAL_HOME/Developer/sqe-platform-release-layout/ios/ACEClientApp/ACEClientAppUITests/ACEClientAppUITests.swift:465:13: warning: main actor-isolated property 'launchEnvironment' can not be mutated from a nonisolated context
        app.launchEnvironment["ACE_UI_TEST_APPEARANCE"] = appearance
            ^
/Applications/Xcode.app/Contents/Developer/Platforms/iPhoneSimulator.platform/Developer/Library/Frameworks/XCUIAutomation.framework/Headers/XCUIApplication.h:102:68: note: mutation of this property is only permitted within the actor
@property (nonatomic, copy) NSDictionary <NSString *, NSString *> *launchEnvironment;
                                                                   ^
LOCAL_HOME/Developer/sqe-platform-release-layout/ios/ACEClientApp/ACEClientAppUITests/ACEClientAppUITests.swift:461:18: note: add '@MainActor' to make instance method 'launch(_:appearance:)' part of global actor 'MainActor'
    private func launch(_ scenario: String, appearance requestedAppearance: String? = nil) -> XCUIApplication {
                 ^
    @MainActor 
LOCAL_HOME/Developer/sqe-platform-release-layout/ios/ACEClientApp/ACEClientAppUITests/ACEClientAppUITests.swift:466:13: warning: call to main actor-isolated instance method 'launch()' in a synchronous nonisolated context
        app.launch()
            ^
XCUIAutomation.XCUIApplication.launch:2:22: note: calls to instance method 'launch()' from outside of its actor context are implicitly asynchronous
@MainActor open func launch()}
                     ^
LOCAL_HOME/Developer/sqe-platform-release-layout/ios/ACEClientApp/ACEClientAppUITests/ACEClientAppUITests.swift:461:18: note: add '@MainActor' to make instance method 'launch(_:appearance:)' part of global actor 'MainActor'
    private func launch(_ scenario: String, appearance requestedAppearance: String? = nil) -> XCUIApplication {
                 ^
    @MainActor 
LOCAL_HOME/Developer/sqe-platform-release-layout/ios/ACEClientApp/ACEClientAppUITests/ACEClientAppUITests.swift:475:19: warning: call to main actor-isolated initializer 'init()' in a synchronous nonisolated context
        let app = XCUIApplication()
                  ^
/Applications/Xcode.app/Contents/Developer/Platforms/iPhoneSimulator.platform/Developer/Library/Frameworks/XCUIAutomation.framework/Headers/XCUIApplication.h:29:1: note: calls to initializer 'init()' from outside of its actor context are implicitly asynchronous
- (instancetype)init NS_DESIGNATED_INITIALIZER;
^
LOCAL_HOME/Developer/sqe-platform-release-layout/ios/ACEClientApp/ACEClientAppUITests/ACEClientAppUITests.swift:470:18: note: add '@MainActor' to make instance method 'launchWithNormalDeviceSettings' part of global actor 'MainActor'
    private func launchWithNormalDeviceSettings(_ scenario: String) -> XCUIApplication {
                 ^
    @MainActor 
LOCAL_HOME/Developer/sqe-platform-release-layout/ios/ACEClientApp/ACEClientAppUITests/ACEClientAppUITests.swift:476:13: warning: main actor-isolated property 'launchEnvironment' can not be mutated from a nonisolated context
        app.launchEnvironment["ACE_UI_TEST_SCENARIO"] = scenario
            ^
/Applications/Xcode.app/Contents/Developer/Platforms/iPhoneSimulator.platform/Developer/Library/Frameworks/XCUIAutomation.framework/Headers/XCUIApplication.h:102:68: note: mutation of this property is only permitted within the actor
@property (nonatomic, copy) NSDictionary <NSString *, NSString *> *launchEnvironment;
                                                                   ^
LOCAL_HOME/Developer/sqe-platform-release-layout/ios/ACEClientApp/ACEClientAppUITests/ACEClientAppUITests.swift:470:18: note: add '@MainActor' to make instance method 'launchWithNormalDeviceSettings' part of global actor 'MainActor'
    private func launchWithNormalDeviceSettings(_ scenario: String) -> XCUIApplication {
                 ^
    @MainActor 
LOCAL_HOME/Developer/sqe-platform-release-layout/ios/ACEClientApp/ACEClientAppUITests/ACEClientAppUITests.swift:477:13: warning: main actor-isolated property 'launchEnvironment' can not be mutated from a nonisolated context
        app.launchEnvironment.removeValue(forKey: "ACE_UI_TEST_APPEARANCE")
            ^
/Applications/Xcode.app/Contents/Developer/Platforms/iPhoneSimulator.platform/Developer/Library/Frameworks/XCUIAutomation.framework/Headers/XCUIApplication.h:102:68: note: mutation of this property is only permitted within the actor
@property (nonatomic, copy) NSDictionary <NSString *, NSString *> *launchEnvironment;
                                                                   ^
LOCAL_HOME/Developer/sqe-platform-release-layout/ios/ACEClientApp/ACEClientAppUITests/ACEClientAppUITests.swift:470:18: note: add '@MainActor' to make instance method 'launchWithNormalDeviceSettings' part of global actor 'MainActor'
    private func launchWithNormalDeviceSettings(_ scenario: String) -> XCUIApplication {
                 ^
    @MainActor 
LOCAL_HOME/Developer/sqe-platform-release-layout/ios/ACEClientApp/ACEClientAppUITests/ACEClientAppUITests.swift:479:17: warning: main actor-isolated property 'launchEnvironment' can not be referenced from a nonisolated autoclosure
            app.launchEnvironment["ACE_UI_TEST_APPEARANCE"],
                ^
/Applications/Xcode.app/Contents/Developer/Platforms/iPhoneSimulator.platform/Developer/Library/Frameworks/XCUIAutomation.framework/Headers/XCUIApplication.h:102:68: note: property declared here
@property (nonatomic, copy) NSDictionary <NSString *, NSString *> *launchEnvironment;
                                                                   ^
LOCAL_HOME/Developer/sqe-platform-release-layout/ios/ACEClientApp/ACEClientAppUITests/ACEClientAppUITests.swift:482:13: warning: call to main actor-isolated instance method 'launch()' in a synchronous nonisolated context
        app.launch()
            ^
XCUIAutomation.XCUIApplication.launch:2:22: note: calls to instance method 'launch()' from outside of its actor context are implicitly asynchronous
@MainActor open func launch()}
                     ^
LOCAL_HOME/Developer/sqe-platform-release-layout/ios/ACEClientApp/ACEClientAppUITests/ACEClientAppUITests.swift:470:18: note: add '@MainActor' to make instance method 'launchWithNormalDeviceSettings' part of global actor 'MainActor'
    private func launchWithNormalDeviceSettings(_ scenario: String) -> XCUIApplication {
                 ^
    @MainActor 
LOCAL_HOME/Developer/sqe-platform-release-layout/ios/ACEClientApp/ACEClientAppUITests/ACEClientAppUITests.swift:518:21: warning: call to main actor-isolated instance method 'terminate()' in a synchronous nonisolated context
        defer { app.terminate() }
                    ^
XCUIAutomation.XCUIApplication.terminate:2:22: note: calls to instance method 'terminate()' from outside of its actor context are implicitly asynchronous
@MainActor open func terminate()}
                     ^
LOCAL_HOME/Developer/sqe-platform-release-layout/ios/ACEClientApp/ACEClientAppUITests/ACEClientAppUITests.swift:510:10: note: add '@MainActor' to make instance method 'testCompleteActionClipboardPastesExactly()' part of global actor 'MainActor'
    func testCompleteActionClipboardPastesExactly() {
         ^
    @MainActor 
LOCAL_HOME/Developer/sqe-platform-release-layout/ios/ACEClientApp/ACEClientAppUITests/ACEClientAppUITests.swift:525:35: warning: main actor-isolated subscript 'subscript(_:)' can not be referenced from a nonisolated context
            let copy = app.buttons[label]
                                  ^
XCUIAutomation.XCUIElementQuery.subscript:2:17: note: subscript declared here
@MainActor open subscript(key: String) -> XCUIElement { get }}
                ^
LOCAL_HOME/Developer/sqe-platform-release-layout/ios/ACEClientApp/ACEClientAppUITests/ACEClientAppUITests.swift:510:10: note: add '@MainActor' to make instance method 'testCompleteActionClipboardPastesExactly()' part of global actor 'MainActor'
    func testCompleteActionClipboardPastesExactly() {
         ^
    @MainActor 
LOCAL_HOME/Developer/sqe-platform-release-layout/ios/ACEClientApp/ACEClientAppUITests/ACEClientAppUITests.swift:525:28: warning: main actor-isolated property 'buttons' can not be referenced from a nonisolated context
            let copy = app.buttons[label]
                           ^
/Applications/Xcode.app/Contents/Developer/Platforms/iPhoneSimulator.platform/Developer/Library/Frameworks/XCUIAutomation.framework/Headers/XCUIElementTypeQueryProvider.h:22:46: note: property declared here
@property (readonly, copy) XCUIElementQuery *buttons;
                                             ^
LOCAL_HOME/Developer/sqe-platform-release-layout/ios/ACEClientApp/ACEClientAppUITests/ACEClientAppUITests.swift:510:10: note: add '@MainActor' to make instance method 'testCompleteActionClipboardPastesExactly()' part of global actor 'MainActor'
    func testCompleteActionClipboardPastesExactly() {
         ^
    @MainActor 
LOCAL_HOME/Developer/sqe-platform-release-layout/ios/ACEClientApp/ACEClientAppUITests/ACEClientAppUITests.swift:527:32: warning: main actor-isolated property 'isHittable' can not be referenced from a nonisolated autoclosure
            XCTAssertTrue(copy.isHittable, "\(label) must be tappable")
                               ^
/Applications/Xcode.app/Contents/Developer/Platforms/iPhoneSimulator.platform/Developer/Library/Frameworks/XCUIAutomation.framework/Headers/XCUIElement.h:63:48: note: property declared here
@property (readonly, getter = isHittable) BOOL hittable;
                                               ^
LOCAL_HOME/Developer/sqe-platform-release-layout/ios/ACEClientApp/ACEClientAppUITests/ACEClientAppUITests.swift:528:18: warning: call to main actor-isolated instance method 'tap()' in a synchronous nonisolated context
            copy.tap()
                 ^
XCUIAutomation.XCUIElement.tap:2:22: note: calls to instance method 'tap()' from outside of its actor context are implicitly asynchronous
@MainActor open func tap()}
                     ^
LOCAL_HOME/Developer/sqe-platform-release-layout/ios/ACEClientApp/ACEClientAppUITests/ACEClientAppUITests.swift:510:10: note: add '@MainActor' to make instance method 'testCompleteActionClipboardPastesExactly()' part of global actor 'MainActor'
    func testCompleteActionClipboardPastesExactly() {
         ^
    @MainActor 
LOCAL_HOME/Developer/sqe-platform-release-layout/ios/ACEClientApp/ACEClientAppUITests/ACEClientAppUITests.swift:531:47: warning: main actor-isolated subscript 'subscript(_:)' can not be referenced from a nonisolated context
            let confirmation = app.staticTexts["Copied Action \(actionNumber)."]
                                              ^
XCUIAutomation.XCUIElementQuery.subscript:2:17: note: subscript declared here
@MainActor open subscript(key: String) -> XCUIElement { get }}
                ^
LOCAL_HOME/Developer/sqe-platform-release-layout/ios/ACEClientApp/ACEClientAppUITests/ACEClientAppUITests.swift:510:10: note: add '@MainActor' to make instance method 'testCompleteActionClipboardPastesExactly()' part of global actor 'MainActor'
    func testCompleteActionClipboardPastesExactly() {
         ^
    @MainActor 
LOCAL_HOME/Developer/sqe-platform-release-layout/ios/ACEClientApp/ACEClientAppUITests/ACEClientAppUITests.swift:531:36: warning: main actor-isolated property 'staticTexts' can not be referenced from a nonisolated context
            let confirmation = app.staticTexts["Copied Action \(actionNumber)."]
                                   ^
/Applications/Xcode.app/Contents/Developer/Platforms/iPhoneSimulator.platform/Developer/Library/Frameworks/XCUIAutomation.framework/Headers/XCUIElementTypeQueryProvider.h:62:46: note: property declared here
@property (readonly, copy) XCUIElementQuery *staticTexts;
                                             ^
LOCAL_HOME/Developer/sqe-platform-release-layout/ios/ACEClientApp/ACEClientAppUITests/ACEClientAppUITests.swift:510:10: note: add '@MainActor' to make instance method 'testCompleteActionClipboardPastesExactly()' part of global actor 'MainActor'
    func testCompleteActionClipboardPastesExactly() {
         ^
    @MainActor 
LOCAL_HOME/Developer/sqe-platform-release-layout/ios/ACEClientApp/ACEClientAppUITests/ACEClientAppUITests.swift:532:40: warning: call to main actor-isolated instance method 'waitForExistence(timeout:)' in a synchronous nonisolated context
            XCTAssertTrue(confirmation.waitForExistence(timeout: 5), "\(label) must show its confirmation")
                                       ^
XCUIAutomation.XCUIElement.waitForExistence:2:22: note: calls to instance method 'waitForExistence(timeout:)' from outside of its actor context are implicitly asynchronous
@MainActor open func waitForExistence(timeout: TimeInterval) -> Bool}
                     ^
LOCAL_HOME/Developer/sqe-platform-release-layout/ios/ACEClientApp/ACEClientAppUITests/ACEClientAppUITests.swift:535:67: warning: main actor-isolated property 'exists' can not be referenced from a nonisolated autoclosure
                XCTAssertTrue(app.staticTexts["Copied Action 1."].exists, "Action 1 confirmation must persist after copying Action 2")
                                                                  ^
/Applications/Xcode.app/Contents/Developer/Platforms/iPhoneSimulator.platform/Developer/Library/Frameworks/XCUIAutomation.framework/Headers/XCUIElement.h:54:27: note: property declared here
@property (readonly) BOOL exists;
                          ^
LOCAL_HOME/Developer/sqe-platform-release-layout/ios/ACEClientApp/ACEClientAppUITests/ACEClientAppUITests.swift:535:46: warning: main actor-isolated subscript 'subscript(_:)' can not be referenced from a nonisolated autoclosure
                XCTAssertTrue(app.staticTexts["Copied Action 1."].exists, "Action 1 confirmation must persist after copying Action 2")
                                             ^
XCUIAutomation.XCUIElementQuery.subscript:2:17: note: subscript declared here
@MainActor open subscript(key: String) -> XCUIElement { get }}
                ^
LOCAL_HOME/Developer/sqe-platform-release-layout/ios/ACEClientApp/ACEClientAppUITests/ACEClientAppUITests.swift:535:35: warning: main actor-isolated property 'staticTexts' can not be referenced from a nonisolated autoclosure
                XCTAssertTrue(app.staticTexts["Copied Action 1."].exists, "Action 1 confirmation must persist after copying Action 2")
                                  ^
/Applications/Xcode.app/Contents/Developer/Platforms/iPhoneSimulator.platform/Developer/Library/Frameworks/XCUIAutomation.framework/Headers/XCUIElementTypeQueryProvider.h:62:46: note: property declared here
@property (readonly, copy) XCUIElementQuery *staticTexts;
                                             ^
LOCAL_HOME/Developer/sqe-platform-release-layout/ios/ACEClientApp/ACEClientAppUITests/ACEClientAppUITests.swift:540:22: warning: main actor-isolated property 'firstMatch' can not be referenced from a nonisolated context
                    .firstMatch
                     ^
/Applications/Xcode.app/Contents/Developer/Platforms/iPhoneSimulator.platform/Developer/Library/Frameworks/XCUIAutomation.framework/Headers/XCUIElementTypeQueryProvider.h:105:35: note: property declared here
@property (readonly) XCUIElement *firstMatch;
                                  ^
LOCAL_HOME/Developer/sqe-platform-release-layout/ios/ACEClientApp/ACEClientAppUITests/ACEClientAppUITests.swift:510:10: note: add '@MainActor' to make instance method 'testCompleteActionClipboardPastesExactly()' part of global actor 'MainActor'
    func testCompleteActionClipboardPastesExactly() {
         ^
    @MainActor 
LOCAL_HOME/Developer/sqe-platform-release-layout/ios/ACEClientApp/ACEClientAppUITests/ACEClientAppUITests.swift:539:22: warning: call to main actor-isolated instance method 'matching' in a synchronous nonisolated context
                    .matching(NSPredicate(format: "label == %@", "Action description: Fictional action"))
                     ^
XCUIAutomation.XCUIElementQuery.matching:2:22: note: calls to instance method 'matching' from outside of its actor context are implicitly asynchronous
@MainActor open func matching(_ predicate: NSPredicate) -> XCUIElementQuery}
                     ^
XCUIAutomation.XCUIElementQuery.matching:2:22: note: main actor isolation inferred from conformance to protocol 'XCUIElementTypeQueryProvider'
@MainActor open func matching(_ predicate: NSPredicate) -> XCUIElementQuery}
                     ^
LOCAL_HOME/Developer/sqe-platform-release-layout/ios/ACEClientApp/ACEClientAppUITests/ACEClientAppUITests.swift:510:10: note: add '@MainActor' to make instance method 'testCompleteActionClipboardPastesExactly()' part of global actor 'MainActor'
    func testCompleteActionClipboardPastesExactly() {
         ^
    @MainActor 
LOCAL_HOME/Developer/sqe-platform-release-layout/ios/ACEClientApp/ACEClientAppUITests/ACEClientAppUITests.swift:538:45: warning: call to main actor-isolated instance method 'descendants(matching:)' in a synchronous nonisolated context
                let actionDescription = app.descendants(matching: .any)
                                            ^
XCUIAutomation.XCUIElement.descendants:2:22: note: calls to instance method 'descendants(matching:)' from outside of its actor context are implicitly asynchronous
@MainActor open func descendants(matching type: XCUIElement.ElementType) -> XCUIElementQuery}
                     ^
LOCAL_HOME/Developer/sqe-platform-release-layout/ios/ACEClientApp/ACEClientAppUITests/ACEClientAppUITests.swift:510:10: note: add '@MainActor' to make instance method 'testCompleteActionClipboardPastesExactly()' part of global actor 'MainActor'
    func testCompleteActionClipboardPastesExactly() {
         ^
    @MainActor 
LOCAL_HOME/Developer/sqe-platform-release-layout/ios/ACEClientApp/ACEClientAppUITests/ACEClientAppUITests.swift:541:50: warning: main actor-isolated property 'label' can not be referenced from a nonisolated autoclosure
                XCTAssertEqual(actionDescription.label, "Action description: Fictional action", "First Action 1 copy must keep its description visible")
                                                 ^
/Applications/Xcode.app/Contents/Developer/Platforms/iPhoneSimulator.platform/Developer/Library/Frameworks/XCUIAutomation.framework/Headers/XCUIElementAttributes.h:47:38: note: property declared here
@property (readonly, copy) NSString *label;
                                     ^
LOCAL_HOME/Developer/sqe-platform-release-layout/ios/ACEClientApp/ACEClientAppUITests/ACEClientAppUITests.swift:542:67: warning: main actor-isolated property 'exists' can not be referenced from a nonisolated autoclosure
                XCTAssertTrue(app.staticTexts["Copied Action 2."].exists, "Action 2 confirmation must persist before repeated Action 1 copy")
                                                                  ^
/Applications/Xcode.app/Contents/Developer/Platforms/iPhoneSimulator.platform/Developer/Library/Frameworks/XCUIAutomation.framework/Headers/XCUIElement.h:54:27: note: property declared here
@property (readonly) BOOL exists;
                          ^
LOCAL_HOME/Developer/sqe-platform-release-layout/ios/ACEClientApp/ACEClientAppUITests/ACEClientAppUITests.swift:542:46: warning: main actor-isolated subscript 'subscript(_:)' can not be referenced from a nonisolated autoclosure
                XCTAssertTrue(app.staticTexts["Copied Action 2."].exists, "Action 2 confirmation must persist before repeated Action 1 copy")
                                             ^
XCUIAutomation.XCUIElementQuery.subscript:2:17: note: subscript declared here
@MainActor open subscript(key: String) -> XCUIElement { get }}
                ^
LOCAL_HOME/Developer/sqe-platform-release-layout/ios/ACEClientApp/ACEClientAppUITests/ACEClientAppUITests.swift:542:35: warning: main actor-isolated property 'staticTexts' can not be referenced from a nonisolated autoclosure
                XCTAssertTrue(app.staticTexts["Copied Action 2."].exists, "Action 2 confirmation must persist before repeated Action 1 copy")
                                  ^
/Applications/Xcode.app/Contents/Developer/Platforms/iPhoneSimulator.platform/Developer/Library/Frameworks/XCUIAutomation.framework/Headers/XCUIElementTypeQueryProvider.h:62:46: note: property declared here
@property (readonly, copy) XCUIElementQuery *staticTexts;
                                             ^
LOCAL_HOME/Developer/sqe-platform-release-layout/ios/ACEClientApp/ACEClientAppUITests/ACEClientAppUITests.swift:546:40: warning: main actor-isolated property 'value' can not be referenced from a nonisolated autoclosure
            XCTAssertEqual(destination.value as? String, "", "Clipboard test destination must be empty before Paste")
                                       ^
/Applications/Xcode.app/Contents/Developer/Platforms/iPhoneSimulator.platform/Developer/Library/Frameworks/XCUIAutomation.framework/Headers/XCUIElementAttributes.h:41:35: note: property declared here
@property (readonly, nullable) id value;
                                  ^
LOCAL_HOME/Developer/sqe-platform-release-layout/ios/ACEClientApp/ACEClientAppUITests/ACEClientAppUITests.swift:548:25: warning: call to main actor-isolated instance method 'press(forDuration:)' in a synchronous nonisolated context
            destination.press(forDuration: 1)
                        ^
XCUIAutomation.XCUIElement.press:2:22: note: calls to instance method 'press(forDuration:)' from outside of its actor context are implicitly asynchronous
@MainActor open func press(forDuration duration: TimeInterval)}
                     ^
LOCAL_HOME/Developer/sqe-platform-release-layout/ios/ACEClientApp/ACEClientAppUITests/ACEClientAppUITests.swift:510:10: note: add '@MainActor' to make instance method 'testCompleteActionClipboardPastesExactly()' part of global actor 'MainActor'
    func testCompleteActionClipboardPastesExactly() {
         ^
    @MainActor 
LOCAL_HOME/Developer/sqe-platform-release-layout/ios/ACEClientApp/ACEClientAppUITests/ACEClientAppUITests.swift:551:33: warning: call to main actor-isolated instance method 'waitForExistence(timeout:)' in a synchronous nonisolated context
            XCTAssertTrue(paste.waitForExistence(timeout: 5), "Native Paste command must be available for \(label)")
                                ^
XCUIAutomation.XCUIElement.waitForExistence:2:22: note: calls to instance method 'waitForExistence(timeout:)' from outside of its actor context are implicitly asynchronous
@MainActor open func waitForExistence(timeout: TimeInterval) -> Bool}
                     ^
LOCAL_HOME/Developer/sqe-platform-release-layout/ios/ACEClientApp/ACEClientAppUITests/ACEClientAppUITests.swift:552:19: warning: call to main actor-isolated instance method 'tap()' in a synchronous nonisolated context
            paste.tap()
                  ^
XCUIAutomation.XCUIElement.tap:2:22: note: calls to instance method 'tap()' from outside of its actor context are implicitly asynchronous
@MainActor open func tap()}
                     ^
LOCAL_HOME/Developer/sqe-platform-release-layout/ios/ACEClientApp/ACEClientAppUITests/ACEClientAppUITests.swift:510:10: note: add '@MainActor' to make instance method 'testCompleteActionClipboardPastesExactly()' part of global actor 'MainActor'
    func testCompleteActionClipboardPastesExactly() {
         ^
    @MainActor 
LOCAL_HOME/Developer/sqe-platform-release-layout/ios/ACEClientApp/ACEClientAppUITests/ACEClientAppUITests.swift:553:40: warning: main actor-isolated property 'value' can not be referenced from a nonisolated autoclosure
            XCTAssertEqual(destination.value as? String, expectedPayload, "Native Paste must reproduce the copied \(label) payload exactly")
                                       ^
/Applications/Xcode.app/Contents/Developer/Platforms/iPhoneSimulator.platform/Developer/Library/Frameworks/XCUIAutomation.framework/Headers/XCUIElementAttributes.h:41:35: note: property declared here
@property (readonly, nullable) id value;
                                  ^
LOCAL_HOME/Developer/sqe-platform-release-layout/ios/ACEClientApp/ACEClientAppUITests/ACEClientAppUITests.swift:556:40: warning: main actor-isolated property 'exists' can not be referenced from a nonisolated autoclosure
            XCTAssertTrue(confirmation.exists, "\(label) confirmation must persist after the sheet closes")
                                       ^
/Applications/Xcode.app/Contents/Developer/Platforms/iPhoneSimulator.platform/Developer/Library/Frameworks/XCUIAutomation.framework/Headers/XCUIElement.h:54:27: note: property declared here
@property (readonly) BOOL exists;
                          ^
LOCAL_HOME/Developer/sqe-platform-release-layout/ios/ACEClientApp/ACEClientAppUITests/ACEClientAppUITests.swift:561:37: warning: main actor-isolated property 'label' can not be referenced from a nonisolated autoclosure
                        .firstMatch.label,
                                    ^
/Applications/Xcode.app/Contents/Developer/Platforms/iPhoneSimulator.platform/Developer/Library/Frameworks/XCUIAutomation.framework/Headers/XCUIElementAttributes.h:47:38: note: property declared here
@property (readonly, copy) NSString *label;
                                     ^
LOCAL_HOME/Developer/sqe-platform-release-layout/ios/ACEClientApp/ACEClientAppUITests/ACEClientAppUITests.swift:561:26: warning: main actor-isolated property 'firstMatch' can not be referenced from a nonisolated autoclosure
                        .firstMatch.label,
                         ^
/Applications/Xcode.app/Contents/Developer/Platforms/iPhoneSimulator.platform/Developer/Library/Frameworks/XCUIAutomation.framework/Headers/XCUIElementTypeQueryProvider.h:105:35: note: property declared here
@property (readonly) XCUIElement *firstMatch;
                                  ^
LOCAL_HOME/Developer/sqe-platform-release-layout/ios/ACEClientApp/ACEClientAppUITests/ACEClientAppUITests.swift:560:26: warning: call to main actor-isolated instance method 'matching' in a synchronous nonisolated context
                        .matching(NSPredicate(format: "label == %@", "Action description: Fictional action"))
                         ^
XCUIAutomation.XCUIElementQuery.matching:2:22: note: calls to instance method 'matching' from outside of its actor context are implicitly asynchronous
@MainActor open func matching(_ predicate: NSPredicate) -> XCUIElementQuery}
                     ^
XCUIAutomation.XCUIElementQuery.matching:2:22: note: main actor isolation inferred from conformance to protocol 'XCUIElementTypeQueryProvider'
@MainActor open func matching(_ predicate: NSPredicate) -> XCUIElementQuery}
                     ^
LOCAL_HOME/Developer/sqe-platform-release-layout/ios/ACEClientApp/ACEClientAppUITests/ACEClientAppUITests.swift:559:25: warning: call to main actor-isolated instance method 'descendants(matching:)' in a synchronous nonisolated context
                    app.descendants(matching: .any)
                        ^
XCUIAutomation.XCUIElement.descendants:2:22: note: calls to instance method 'descendants(matching:)' from outside of its actor context are implicitly asynchronous
@MainActor open func descendants(matching type: XCUIElement.ElementType) -> XCUIElementQuery}
                     ^
LOCAL_HOME/Developer/sqe-platform-release-layout/ios/ACEClientApp/ACEClientAppUITests/ACEClientAppUITests.swift:572:21: warning: call to main actor-isolated instance method 'typeText' in a synchronous nonisolated context
        destination.typeText(sentinel)
                    ^
XCUIAutomation.XCUIElement.typeText:2:22: note: calls to instance method 'typeText' from outside of its actor context are implicitly asynchronous
@MainActor open func typeText(_ text: String)}
                     ^
LOCAL_HOME/Developer/sqe-platform-release-layout/ios/ACEClientApp/ACEClientAppUITests/ACEClientAppUITests.swift:569:18: note: add '@MainActor' to make instance method 'seedNativeClipboard(with:in:)' part of global actor 'MainActor'
    private func seedNativeClipboard(with sentinel: String, in app: XCUIApplication) {
                 ^
    @MainActor 
LOCAL_HOME/Developer/sqe-platform-release-layout/ios/ACEClientApp/ACEClientAppUITests/ACEClientAppUITests.swift:573:36: warning: main actor-isolated property 'value' can not be referenced from a nonisolated autoclosure
        XCTAssertEqual(destination.value as? String, sentinel, "Clipboard test destination must contain the complete sentinel before Copy")
                                   ^
/Applications/Xcode.app/Contents/Developer/Platforms/iPhoneSimulator.platform/Developer/Library/Frameworks/XCUIAutomation.framework/Headers/XCUIElementAttributes.h:41:35: note: property declared here
@property (readonly, nullable) id value;
                                  ^
LOCAL_HOME/Developer/sqe-platform-release-layout/ios/ACEClientApp/ACEClientAppUITests/ACEClientAppUITests.swift:574:21: warning: call to main actor-isolated instance method 'doubleTap()' in a synchronous nonisolated context
        destination.doubleTap()
                    ^
XCUIAutomation.XCUIElement.doubleTap:2:22: note: calls to instance method 'doubleTap()' from outside of its actor context are implicitly asynchronous
@MainActor open func doubleTap()}
                     ^
LOCAL_HOME/Developer/sqe-platform-release-layout/ios/ACEClientApp/ACEClientAppUITests/ACEClientAppUITests.swift:569:18: note: add '@MainActor' to make instance method 'seedNativeClipboard(with:in:)' part of global actor 'MainActor'
    private func seedNativeClipboard(with sentinel: String, in app: XCUIApplication) {
                 ^
    @MainActor 
LOCAL_HOME/Developer/sqe-platform-release-layout/ios/ACEClientApp/ACEClientAppUITests/ACEClientAppUITests.swift:577:18: warning: call to main actor-isolated instance method 'waitForExistence(timeout:)' in a synchronous nonisolated context
        if !copy.waitForExistence(timeout: 1) {
                 ^
XCUIAutomation.XCUIElement.waitForExistence:2:22: note: calls to instance method 'waitForExistence(timeout:)' from outside of its actor context are implicitly asynchronous
@MainActor open func waitForExistence(timeout: TimeInterval) -> Bool}
                     ^
LOCAL_HOME/Developer/sqe-platform-release-layout/ios/ACEClientApp/ACEClientAppUITests/ACEClientAppUITests.swift:569:18: note: add '@MainActor' to make instance method 'seedNativeClipboard(with:in:)' part of global actor 'MainActor'
    private func seedNativeClipboard(with sentinel: String, in app: XCUIApplication) {
                 ^
    @MainActor 
LOCAL_HOME/Developer/sqe-platform-release-layout/ios/ACEClientApp/ACEClientAppUITests/ACEClientAppUITests.swift:579:37: warning: call to main actor-isolated instance method 'waitForExistence(timeout:)' in a synchronous nonisolated context
            XCTAssertTrue(selectAll.waitForExistence(timeout: 5), "Native Select All command must be available when Copy is absent")
                                    ^
XCUIAutomation.XCUIElement.waitForExistence:2:22: note: calls to instance method 'waitForExistence(timeout:)' from outside of its actor context are implicitly asynchronous
@MainActor open func waitForExistence(timeout: TimeInterval) -> Bool}
                     ^
LOCAL_HOME/Developer/sqe-platform-release-layout/ios/ACEClientApp/ACEClientAppUITests/ACEClientAppUITests.swift:580:23: warning: call to main actor-isolated instance method 'tap()' in a synchronous nonisolated context
            selectAll.tap()
                      ^
XCUIAutomation.XCUIElement.tap:2:22: note: calls to instance method 'tap()' from outside of its actor context are implicitly asynchronous
@MainActor open func tap()}
                     ^
LOCAL_HOME/Developer/sqe-platform-release-layout/ios/ACEClientApp/ACEClientAppUITests/ACEClientAppUITests.swift:569:18: note: add '@MainActor' to make instance method 'seedNativeClipboard(with:in:)' part of global actor 'MainActor'
    private func seedNativeClipboard(with sentinel: String, in app: XCUIApplication) {
                 ^
    @MainActor 
LOCAL_HOME/Developer/sqe-platform-release-layout/ios/ACEClientApp/ACEClientAppUITests/ACEClientAppUITests.swift:583:28: warning: call to main actor-isolated instance method 'waitForExistence(timeout:)' in a synchronous nonisolated context
        XCTAssertTrue(copy.waitForExistence(timeout: 5), "Native Copy command must be available for clipboard seeding")
                           ^
XCUIAutomation.XCUIElement.waitForExistence:2:22: note: calls to instance method 'waitForExistence(timeout:)' from outside of its actor context are implicitly asynchronous
@MainActor open func waitForExistence(timeout: TimeInterval) -> Bool}
                     ^
LOCAL_HOME/Developer/sqe-platform-release-layout/ios/ACEClientApp/ACEClientAppUITests/ACEClientAppUITests.swift:585:14: warning: call to main actor-isolated instance method 'tap()' in a synchronous nonisolated context
        copy.tap()
             ^
XCUIAutomation.XCUIElement.tap:2:22: note: calls to instance method 'tap()' from outside of its actor context are implicitly asynchronous
@MainActor open func tap()}
                     ^
LOCAL_HOME/Developer/sqe-platform-release-layout/ios/ACEClientApp/ACEClientAppUITests/ACEClientAppUITests.swift:569:18: note: add '@MainActor' to make instance method 'seedNativeClipboard(with:in:)' part of global actor 'MainActor'
    private func seedNativeClipboard(with sentinel: String, in app: XCUIApplication) {
                 ^
    @MainActor 
LOCAL_HOME/Developer/sqe-platform-release-layout/ios/ACEClientApp/ACEClientAppUITests/ACEClientAppUITests.swift:591:31: warning: main actor-isolated subscript 'subscript(_:)' can not be referenced from a nonisolated context
        let open = app.buttons["Clipboard test destination"]
                              ^
XCUIAutomation.XCUIElementQuery.subscript:2:17: note: subscript declared here
@MainActor open subscript(key: String) -> XCUIElement { get }}
                ^
LOCAL_HOME/Developer/sqe-platform-release-layout/ios/ACEClientApp/ACEClientAppUITests/ACEClientAppUITests.swift:590:18: note: add '@MainActor' to make instance method 'openClipboardTestDestination(in:)' part of global actor 'MainActor'
    private func openClipboardTestDestination(in app: XCUIApplication) -> XCUIElement {
                 ^
    @MainActor 
LOCAL_HOME/Developer/sqe-platform-release-layout/ios/ACEClientApp/ACEClientAppUITests/ACEClientAppUITests.swift:591:24: warning: main actor-isolated property 'buttons' can not be referenced from a nonisolated context
        let open = app.buttons["Clipboard test destination"]
                       ^
/Applications/Xcode.app/Contents/Developer/Platforms/iPhoneSimulator.platform/Developer/Library/Frameworks/XCUIAutomation.framework/Headers/XCUIElementTypeQueryProvider.h:22:46: note: property declared here
@property (readonly, copy) XCUIElementQuery *buttons;
                                             ^
LOCAL_HOME/Developer/sqe-platform-release-layout/ios/ACEClientApp/ACEClientAppUITests/ACEClientAppUITests.swift:590:18: note: add '@MainActor' to make instance method 'openClipboardTestDestination(in:)' part of global actor 'MainActor'
    private func openClipboardTestDestination(in app: XCUIApplication) -> XCUIElement {
                 ^
    @MainActor 
LOCAL_HOME/Developer/sqe-platform-release-layout/ios/ACEClientApp/ACEClientAppUITests/ACEClientAppUITests.swift:592:28: warning: call to main actor-isolated instance method 'waitForExistence(timeout:)' in a synchronous nonisolated context
        XCTAssertTrue(open.waitForExistence(timeout: 5), "Clipboard test destination control must exist")
                           ^
XCUIAutomation.XCUIElement.waitForExistence:2:22: note: calls to instance method 'waitForExistence(timeout:)' from outside of its actor context are implicitly asynchronous
@MainActor open func waitForExistence(timeout: TimeInterval) -> Bool}
                     ^
LOCAL_HOME/Developer/sqe-platform-release-layout/ios/ACEClientApp/ACEClientAppUITests/ACEClientAppUITests.swift:593:14: warning: call to main actor-isolated instance method 'tap()' in a synchronous nonisolated context
        open.tap()
             ^
XCUIAutomation.XCUIElement.tap:2:22: note: calls to instance method 'tap()' from outside of its actor context are implicitly asynchronous
@MainActor open func tap()}
                     ^
LOCAL_HOME/Developer/sqe-platform-release-layout/ios/ACEClientApp/ACEClientAppUITests/ACEClientAppUITests.swift:590:18: note: add '@MainActor' to make instance method 'openClipboardTestDestination(in:)' part of global actor 'MainActor'
    private func openClipboardTestDestination(in app: XCUIApplication) -> XCUIElement {
                 ^
    @MainActor 
LOCAL_HOME/Developer/sqe-platform-release-layout/ios/ACEClientApp/ACEClientAppUITests/ACEClientAppUITests.swift:594:40: warning: main actor-isolated subscript 'subscript(_:)' can not be referenced from a nonisolated context
        let destination = app.textViews["Clipboard paste destination"]
                                       ^
XCUIAutomation.XCUIElementQuery.subscript:2:17: note: subscript declared here
@MainActor open subscript(key: String) -> XCUIElement { get }}
                ^
LOCAL_HOME/Developer/sqe-platform-release-layout/ios/ACEClientApp/ACEClientAppUITests/ACEClientAppUITests.swift:590:18: note: add '@MainActor' to make instance method 'openClipboardTestDestination(in:)' part of global actor 'MainActor'
    private func openClipboardTestDestination(in app: XCUIApplication) -> XCUIElement {
                 ^
    @MainActor 
LOCAL_HOME/Developer/sqe-platform-release-layout/ios/ACEClientApp/ACEClientAppUITests/ACEClientAppUITests.swift:594:31: warning: main actor-isolated property 'textViews' can not be referenced from a nonisolated context
        let destination = app.textViews["Clipboard paste destination"]
                              ^
/Applications/Xcode.app/Contents/Developer/Platforms/iPhoneSimulator.platform/Developer/Library/Frameworks/XCUIAutomation.framework/Headers/XCUIElementTypeQueryProvider.h:66:46: note: property declared here
@property (readonly, copy) XCUIElementQuery *textViews;
                                             ^
LOCAL_HOME/Developer/sqe-platform-release-layout/ios/ACEClientApp/ACEClientAppUITests/ACEClientAppUITests.swift:590:18: note: add '@MainActor' to make instance method 'openClipboardTestDestination(in:)' part of global actor 'MainActor'
    private func openClipboardTestDestination(in app: XCUIApplication) -> XCUIElement {
                 ^
    @MainActor 
LOCAL_HOME/Developer/sqe-platform-release-layout/ios/ACEClientApp/ACEClientAppUITests/ACEClientAppUITests.swift:595:35: warning: call to main actor-isolated instance method 'waitForExistence(timeout:)' in a synchronous nonisolated context
        XCTAssertTrue(destination.waitForExistence(timeout: 5), "Clipboard test destination must open")
                                  ^
XCUIAutomation.XCUIElement.waitForExistence:2:22: note: calls to instance method 'waitForExistence(timeout:)' from outside of its actor context are implicitly asynchronous
@MainActor open func waitForExistence(timeout: TimeInterval) -> Bool}
                     ^
LOCAL_HOME/Developer/sqe-platform-release-layout/ios/ACEClientApp/ACEClientAppUITests/ACEClientAppUITests.swift:596:36: warning: main actor-isolated property 'value' can not be referenced from a nonisolated autoclosure
        XCTAssertEqual(destination.value as? String, "", "Clipboard test destination must reset when it opens")
                                   ^
/Applications/Xcode.app/Contents/Developer/Platforms/iPhoneSimulator.platform/Developer/Library/Frameworks/XCUIAutomation.framework/Headers/XCUIElementAttributes.h:41:35: note: property declared here
@property (readonly, nullable) id value;
                                  ^
LOCAL_HOME/Developer/sqe-platform-release-layout/ios/ACEClientApp/ACEClientAppUITests/ACEClientAppUITests.swift:603:14: warning: main actor-isolated property 'firstMatch' can not be referenced from a nonisolated context
            .firstMatch
             ^
/Applications/Xcode.app/Contents/Developer/Platforms/iPhoneSimulator.platform/Developer/Library/Frameworks/XCUIAutomation.framework/Headers/XCUIElementTypeQueryProvider.h:105:35: note: property declared here
@property (readonly) XCUIElement *firstMatch;
                                  ^
LOCAL_HOME/Developer/sqe-platform-release-layout/ios/ACEClientApp/ACEClientAppUITests/ACEClientAppUITests.swift:600:18: note: add '@MainActor' to make instance method 'nativeMenuItem(_:in:)' part of global actor 'MainActor'
    private func nativeMenuItem(_ label: String, in app: XCUIApplication) -> XCUIElement {
                 ^
    @MainActor 
LOCAL_HOME/Developer/sqe-platform-release-layout/ios/ACEClientApp/ACEClientAppUITests/ACEClientAppUITests.swift:602:14: warning: call to main actor-isolated instance method 'matching' in a synchronous nonisolated context
            .matching(NSPredicate(format: "label == %@", label))
             ^
XCUIAutomation.XCUIElementQuery.matching:2:22: note: calls to instance method 'matching' from outside of its actor context are implicitly asynchronous
@MainActor open func matching(_ predicate: NSPredicate) -> XCUIElementQuery}
                     ^
XCUIAutomation.XCUIElementQuery.matching:2:22: note: main actor isolation inferred from conformance to protocol 'XCUIElementTypeQueryProvider'
@MainActor open func matching(_ predicate: NSPredicate) -> XCUIElementQuery}
                     ^
LOCAL_HOME/Developer/sqe-platform-release-layout/ios/ACEClientApp/ACEClientAppUITests/ACEClientAppUITests.swift:600:18: note: add '@MainActor' to make instance method 'nativeMenuItem(_:in:)' part of global actor 'MainActor'
    private func nativeMenuItem(_ label: String, in app: XCUIApplication) -> XCUIElement {
                 ^
    @MainActor 
LOCAL_HOME/Developer/sqe-platform-release-layout/ios/ACEClientApp/ACEClientAppUITests/ACEClientAppUITests.swift:601:13: warning: call to main actor-isolated instance method 'descendants(matching:)' in a synchronous nonisolated context
        app.descendants(matching: .menuItem)
            ^
XCUIAutomation.XCUIElement.descendants:2:22: note: calls to instance method 'descendants(matching:)' from outside of its actor context are implicitly asynchronous
@MainActor open func descendants(matching type: XCUIElement.ElementType) -> XCUIElementQuery}
                     ^
LOCAL_HOME/Developer/sqe-platform-release-layout/ios/ACEClientApp/ACEClientAppUITests/ACEClientAppUITests.swift:600:18: note: add '@MainActor' to make instance method 'nativeMenuItem(_:in:)' part of global actor 'MainActor'
    private func nativeMenuItem(_ label: String, in app: XCUIApplication) -> XCUIElement {
                 ^
    @MainActor 
LOCAL_HOME/Developer/sqe-platform-release-layout/ios/ACEClientApp/ACEClientAppUITests/ACEClientAppUITests.swift:607:21: warning: call to main actor-isolated instance method 'tap()' in a synchronous nonisolated context
        destination.tap()
                    ^
XCUIAutomation.XCUIElement.tap:2:22: note: calls to instance method 'tap()' from outside of its actor context are implicitly asynchronous
@MainActor open func tap()}
                     ^
LOCAL_HOME/Developer/sqe-platform-release-layout/ios/ACEClientApp/ACEClientAppUITests/ACEClientAppUITests.swift:606:18: note: add '@MainActor' to make instance method 'focus(_:in:purpose:)' part of global actor 'MainActor'
    private func focus(_ destination: XCUIElement, in app: XCUIApplication, purpose: String) {
                 ^
    @MainActor 
LOCAL_HOME/Developer/sqe-platform-release-layout/ios/ACEClientApp/ACEClientAppUITests/ACEClientAppUITests.swift:609:38: warning: call to main actor-isolated instance method 'waitForExistence(timeout:)' in a synchronous nonisolated context
            app.keyboards.firstMatch.waitForExistence(timeout: 5),
                                     ^
XCUIAutomation.XCUIElement.waitForExistence:2:22: note: calls to instance method 'waitForExistence(timeout:)' from outside of its actor context are implicitly asynchronous
@MainActor open func waitForExistence(timeout: TimeInterval) -> Bool}
                     ^
LOCAL_HOME/Developer/sqe-platform-release-layout/ios/ACEClientApp/ACEClientAppUITests/ACEClientAppUITests.swift:609:27: warning: main actor-isolated property 'firstMatch' can not be referenced from a nonisolated autoclosure
            app.keyboards.firstMatch.waitForExistence(timeout: 5),
                          ^
/Applications/Xcode.app/Contents/Developer/Platforms/iPhoneSimulator.platform/Developer/Library/Frameworks/XCUIAutomation.framework/Headers/XCUIElementTypeQueryProvider.h:105:35: note: property declared here
@property (readonly) XCUIElement *firstMatch;
                                  ^
LOCAL_HOME/Developer/sqe-platform-release-layout/ios/ACEClientApp/ACEClientAppUITests/ACEClientAppUITests.swift:609:17: warning: main actor-isolated property 'keyboards' can not be referenced from a nonisolated autoclosure
            app.keyboards.firstMatch.waitForExistence(timeout: 5),
                ^
/Applications/Xcode.app/Contents/Developer/Platforms/iPhoneSimulator.platform/Developer/Library/Frameworks/XCUIAutomation.framework/Headers/XCUIElementTypeQueryProvider.h:32:46: note: property declared here
@property (readonly, copy) XCUIElementQuery *keyboards;
                                             ^
LOCAL_HOME/Developer/sqe-platform-release-layout/ios/ACEClientApp/ACEClientAppUITests/ACEClientAppUITests.swift:615:32: warning: main actor-isolated subscript 'subscript(_:)' can not be referenced from a nonisolated context
        let close = app.buttons["Close clipboard test destination"]
                               ^
XCUIAutomation.XCUIElementQuery.subscript:2:17: note: subscript declared here
@MainActor open subscript(key: String) -> XCUIElement { get }}
                ^
LOCAL_HOME/Developer/sqe-platform-release-layout/ios/ACEClientApp/ACEClientAppUITests/ACEClientAppUITests.swift:614:18: note: add '@MainActor' to make instance method 'closeClipboardTestDestination(in:)' part of global actor 'MainActor'
    private func closeClipboardTestDestination(in app: XCUIApplication) {
                 ^
    @MainActor 
LOCAL_HOME/Developer/sqe-platform-release-layout/ios/ACEClientApp/ACEClientAppUITests/ACEClientAppUITests.swift:615:25: warning: main actor-isolated property 'buttons' can not be referenced from a nonisolated context
        let close = app.buttons["Close clipboard test destination"]
                        ^
/Applications/Xcode.app/Contents/Developer/Platforms/iPhoneSimulator.platform/Developer/Library/Frameworks/XCUIAutomation.framework/Headers/XCUIElementTypeQueryProvider.h:22:46: note: property declared here
@property (readonly, copy) XCUIElementQuery *buttons;
                                             ^
LOCAL_HOME/Developer/sqe-platform-release-layout/ios/ACEClientApp/ACEClientAppUITests/ACEClientAppUITests.swift:614:18: note: add '@MainActor' to make instance method 'closeClipboardTestDestination(in:)' part of global actor 'MainActor'
    private func closeClipboardTestDestination(in app: XCUIApplication) {
                 ^
    @MainActor 
LOCAL_HOME/Developer/sqe-platform-release-layout/ios/ACEClientApp/ACEClientAppUITests/ACEClientAppUITests.swift:616:29: warning: call to main actor-isolated instance method 'waitForExistence(timeout:)' in a synchronous nonisolated context
        XCTAssertTrue(close.waitForExistence(timeout: 5), "Clipboard test destination close control must exist")
                            ^
XCUIAutomation.XCUIElement.waitForExistence:2:22: note: calls to instance method 'waitForExistence(timeout:)' from outside of its actor context are implicitly asynchronous
@MainActor open func waitForExistence(timeout: TimeInterval) -> Bool}
                     ^
LOCAL_HOME/Developer/sqe-platform-release-layout/ios/ACEClientApp/ACEClientAppUITests/ACEClientAppUITests.swift:617:15: warning: call to main actor-isolated instance method 'tap()' in a synchronous nonisolated context
        close.tap()
              ^
XCUIAutomation.XCUIElement.tap:2:22: note: calls to instance method 'tap()' from outside of its actor context are implicitly asynchronous
@MainActor open func tap()}
                     ^
LOCAL_HOME/Developer/sqe-platform-release-layout/ios/ACEClientApp/ACEClientAppUITests/ACEClientAppUITests.swift:614:18: note: add '@MainActor' to make instance method 'closeClipboardTestDestination(in:)' part of global actor 'MainActor'
    private func closeClipboardTestDestination(in app: XCUIApplication) {
                 ^
    @MainActor 
LOCAL_HOME/Developer/sqe-platform-release-layout/ios/ACEClientApp/ACEClientAppUITests/ACEClientAppUITests.swift:619:92: warning: main actor-isolated property 'exists' can not be referenced from a nonisolated context
            predicate: NSPredicate { _, _ in !app.textViews["Clipboard paste destination"].exists },
                                                                                           ^
/Applications/Xcode.app/Contents/Developer/Platforms/iPhoneSimulator.platform/Developer/Library/Frameworks/XCUIAutomation.framework/Headers/XCUIElement.h:54:27: note: property declared here
@property (readonly) BOOL exists;
                          ^
LOCAL_HOME/Developer/sqe-platform-release-layout/ios/ACEClientApp/ACEClientAppUITests/ACEClientAppUITests.swift:619:60: warning: main actor-isolated subscript 'subscript(_:)' can not be referenced from a nonisolated context
            predicate: NSPredicate { _, _ in !app.textViews["Clipboard paste destination"].exists },
                                                           ^
XCUIAutomation.XCUIElementQuery.subscript:2:17: note: subscript declared here
@MainActor open subscript(key: String) -> XCUIElement { get }}
                ^
LOCAL_HOME/Developer/sqe-platform-release-layout/ios/ACEClientApp/ACEClientAppUITests/ACEClientAppUITests.swift:619:51: warning: main actor-isolated property 'textViews' can not be referenced from a nonisolated context
            predicate: NSPredicate { _, _ in !app.textViews["Clipboard paste destination"].exists },
                                                  ^
/Applications/Xcode.app/Contents/Developer/Platforms/iPhoneSimulator.platform/Developer/Library/Frameworks/XCUIAutomation.framework/Headers/XCUIElementTypeQueryProvider.h:66:46: note: property declared here
@property (readonly, copy) XCUIElementQuery *textViews;
                                             ^
LOCAL_HOME/Developer/sqe-platform-release-layout/ios/ACEClientApp/ACEClientAppUITests/ACEClientAppUITests.swift:633:37: warning: call to main actor-isolated instance method 'waitForExistence(timeout:)' in a synchronous nonisolated context
            XCTAssertTrue(indicator.waitForExistence(timeout: 5), "Appearance indicator must exist")
                                    ^
XCUIAutomation.XCUIElement.waitForExistence:2:22: note: calls to instance method 'waitForExistence(timeout:)' from outside of its actor context are implicitly asynchronous
@MainActor open func waitForExistence(timeout: TimeInterval) -> Bool}
                     ^
LOCAL_HOME/Developer/sqe-platform-release-layout/ios/ACEClientApp/ACEClientAppUITests/ACEClientAppUITests.swift:639:77: warning: main actor-isolated property 'exists' can not be referenced from a nonisolated autoclosure
            XCTAssertTrue(app.staticTexts["FICTIONAL PILOT — CONTROLLED"].exists)
/Applications/Xcode.app/Contents/Developer/Platforms/iPhoneSimulator.platform/Developer/Library/Frameworks/XCUIAutomation.framework/Headers/XCUIElement.h:54:27: note: property declared here
@property (readonly) BOOL exists;
                          ^
LOCAL_HOME/Developer/sqe-platform-release-layout/ios/ACEClientApp/ACEClientAppUITests/ACEClientAppUITests.swift:639:42: warning: main actor-isolated subscript 'subscript(_:)' can not be referenced from a nonisolated autoclosure
            XCTAssertTrue(app.staticTexts["FICTIONAL PILOT — CONTROLLED"].exists)
XCUIAutomation.XCUIElementQuery.subscript:2:17: note: subscript declared here
@MainActor open subscript(key: String) -> XCUIElement { get }}
                ^
LOCAL_HOME/Developer/sqe-platform-release-layout/ios/ACEClientApp/ACEClientAppUITests/ACEClientAppUITests.swift:639:31: warning: main actor-isolated property 'staticTexts' can not be referenced from a nonisolated autoclosure
            XCTAssertTrue(app.staticTexts["FICTIONAL PILOT — CONTROLLED"].exists)
/Applications/Xcode.app/Contents/Developer/Platforms/iPhoneSimulator.platform/Developer/Library/Frameworks/XCUIAutomation.framework/Headers/XCUIElementTypeQueryProvider.h:62:46: note: property declared here
@property (readonly, copy) XCUIElementQuery *staticTexts;
                                             ^
LOCAL_HOME/Developer/sqe-platform-release-layout/ios/ACEClientApp/ACEClientAppUITests/ACEClientAppUITests.swift:641:17: warning: call to main actor-isolated instance method 'terminate()' in a synchronous nonisolated context
            app.terminate()
                ^
XCUIAutomation.XCUIApplication.terminate:2:22: note: calls to instance method 'terminate()' from outside of its actor context are implicitly asynchronous
@MainActor open func terminate()}
                     ^
LOCAL_HOME/Developer/sqe-platform-release-layout/ios/ACEClientApp/ACEClientAppUITests/ACEClientAppUITests.swift:629:10: note: add '@MainActor' to make instance method 'testBothAppearances()' part of global actor 'MainActor'
    func testBothAppearances() {
         ^
    @MainActor 
LOCAL_HOME/Developer/sqe-platform-release-layout/ios/ACEClientApp/ACEClientAppUITests/ACEClientAppUITests.swift:647:81: warning: main actor-isolated property 'exists' can not be referenced from a nonisolated autoclosure
        XCTAssertTrue(app.staticTexts["This app is not configured for access."].exists)
                                                                                ^
/Applications/Xcode.app/Contents/Developer/Platforms/iPhoneSimulator.platform/Developer/Library/Frameworks/XCUIAutomation.framework/Headers/XCUIElement.h:54:27: note: property declared here
@property (readonly) BOOL exists;
                          ^
LOCAL_HOME/Developer/sqe-platform-release-layout/ios/ACEClientApp/ACEClientAppUITests/ACEClientAppUITests.swift:647:38: warning: main actor-isolated subscript 'subscript(_:)' can not be referenced from a nonisolated autoclosure
        XCTAssertTrue(app.staticTexts["This app is not configured for access."].exists)
                                     ^
XCUIAutomation.XCUIElementQuery.subscript:2:17: note: subscript declared here
@MainActor open subscript(key: String) -> XCUIElement { get }}
                ^
LOCAL_HOME/Developer/sqe-platform-release-layout/ios/ACEClientApp/ACEClientAppUITests/ACEClientAppUITests.swift:647:27: warning: main actor-isolated property 'staticTexts' can not be referenced from a nonisolated autoclosure
        XCTAssertTrue(app.staticTexts["This app is not configured for access."].exists)
                          ^
/Applications/Xcode.app/Contents/Developer/Platforms/iPhoneSimulator.platform/Developer/Library/Frameworks/XCUIAutomation.framework/Headers/XCUIElementTypeQueryProvider.h:62:46: note: property declared here
@property (readonly, copy) XCUIElementQuery *staticTexts;
                                             ^
LOCAL_HOME/Developer/sqe-platform-release-layout/ios/ACEClientApp/ACEClientAppUITests/ACEClientAppUITests.swift:654:38: warning: main actor-isolated subscript 'subscript(_:)' can not be referenced from a nonisolated context
        let heading = app.staticTexts["Sign In heading"]
                                     ^
XCUIAutomation.XCUIElementQuery.subscript:2:17: note: subscript declared here
@MainActor open subscript(key: String) -> XCUIElement { get }}
                ^
LOCAL_HOME/Developer/sqe-platform-release-layout/ios/ACEClientApp/ACEClientAppUITests/ACEClientAppUITests.swift:652:10: note: add '@MainActor' to make instance method 'testSignInPasswordFieldIsSecure()' part of global actor 'MainActor'
    func testSignInPasswordFieldIsSecure() throws {
         ^
    @MainActor 
LOCAL_HOME/Developer/sqe-platform-release-layout/ios/ACEClientApp/ACEClientAppUITests/ACEClientAppUITests.swift:654:27: warning: main actor-isolated property 'staticTexts' can not be referenced from a nonisolated context
        let heading = app.staticTexts["Sign In heading"]
                          ^
/Applications/Xcode.app/Contents/Developer/Platforms/iPhoneSimulator.platform/Developer/Library/Frameworks/XCUIAutomation.framework/Headers/XCUIElementTypeQueryProvider.h:62:46: note: property declared here
@property (readonly, copy) XCUIElementQuery *staticTexts;
                                             ^
LOCAL_HOME/Developer/sqe-platform-release-layout/ios/ACEClientApp/ACEClientAppUITests/ACEClientAppUITests.swift:652:10: note: add '@MainActor' to make instance method 'testSignInPasswordFieldIsSecure()' part of global actor 'MainActor'
    func testSignInPasswordFieldIsSecure() throws {
         ^
    @MainActor 
LOCAL_HOME/Developer/sqe-platform-release-layout/ios/ACEClientApp/ACEClientAppUITests/ACEClientAppUITests.swift:655:31: warning: main actor-isolated property 'exists' can not be referenced from a nonisolated autoclosure
        XCTAssertTrue(heading.exists)
                              ^
/Applications/Xcode.app/Contents/Developer/Platforms/iPhoneSimulator.platform/Developer/Library/Frameworks/XCUIAutomation.framework/Headers/XCUIElement.h:54:27: note: property declared here
@property (readonly) BOOL exists;
                          ^
LOCAL_HOME/Developer/sqe-platform-release-layout/ios/ACEClientApp/ACEClientAppUITests/ACEClientAppUITests.swift:656:32: warning: main actor-isolated property 'label' can not be referenced from a nonisolated autoclosure
        XCTAssertEqual(heading.label, "Sign In")
                               ^
/Applications/Xcode.app/Contents/Developer/Platforms/iPhoneSimulator.platform/Developer/Library/Frameworks/XCUIAutomation.framework/Headers/XCUIElementAttributes.h:47:38: note: property declared here
@property (readonly, copy) NSString *label;
                                     ^
LOCAL_HOME/Developer/sqe-platform-release-layout/ios/ACEClientApp/ACEClientAppUITests/ACEClientAppUITests.swift:657:56: warning: main actor-isolated property 'exists' can not be referenced from a nonisolated autoclosure
        XCTAssertTrue(app.secureTextFields["Password"].exists)
                                                       ^
/Applications/Xcode.app/Contents/Developer/Platforms/iPhoneSimulator.platform/Developer/Library/Frameworks/XCUIAutomation.framework/Headers/XCUIElement.h:54:27: note: property declared here
@property (readonly) BOOL exists;
                          ^
LOCAL_HOME/Developer/sqe-platform-release-layout/ios/ACEClientApp/ACEClientAppUITests/ACEClientAppUITests.swift:657:43: warning: main actor-isolated subscript 'subscript(_:)' can not be referenced from a nonisolated autoclosure
        XCTAssertTrue(app.secureTextFields["Password"].exists)
                                          ^
XCUIAutomation.XCUIElementQuery.subscript:2:17: note: subscript declared here
@MainActor open subscript(key: String) -> XCUIElement { get }}
                ^
LOCAL_HOME/Developer/sqe-platform-release-layout/ios/ACEClientApp/ACEClientAppUITests/ACEClientAppUITests.swift:657:27: warning: main actor-isolated property 'secureTextFields' can not be referenced from a nonisolated autoclosure
        XCTAssertTrue(app.secureTextFields["Password"].exists)
                          ^
/Applications/Xcode.app/Contents/Developer/Platforms/iPhoneSimulator.platform/Developer/Library/Frameworks/XCUIAutomation.framework/Headers/XCUIElementTypeQueryProvider.h:64:46: note: property declared here
@property (readonly, copy) XCUIElementQuery *secureTextFields;
                                             ^
LOCAL_HOME/Developer/sqe-platform-release-layout/ios/ACEClientApp/ACEClientAppUITests/ACEClientAppUITests.swift:671:88: warning: main actor-isolated property 'exists' can not be referenced from a nonisolated autoclosure
        for identifier in approvedCopyControls { XCTAssertTrue(app.buttons[identifier].exists, identifier) }
                                                                                       ^
/Applications/Xcode.app/Contents/Developer/Platforms/iPhoneSimulator.platform/Developer/Library/Frameworks/XCUIAutomation.framework/Headers/XCUIElement.h:54:27: note: property declared here
@property (readonly) BOOL exists;
                          ^
LOCAL_HOME/Developer/sqe-platform-release-layout/ios/ACEClientApp/ACEClientAppUITests/ACEClientAppUITests.swift:671:75: warning: main actor-isolated subscript 'subscript(_:)' can not be referenced from a nonisolated autoclosure
        for identifier in approvedCopyControls { XCTAssertTrue(app.buttons[identifier].exists, identifier) }
                                                                          ^
XCUIAutomation.XCUIElementQuery.subscript:2:17: note: subscript declared here
@MainActor open subscript(key: String) -> XCUIElement { get }}
                ^
LOCAL_HOME/Developer/sqe-platform-release-layout/ios/ACEClientApp/ACEClientAppUITests/ACEClientAppUITests.swift:671:68: warning: main actor-isolated property 'buttons' can not be referenced from a nonisolated autoclosure
        for identifier in approvedCopyControls { XCTAssertTrue(app.buttons[identifier].exists, identifier) }
                                                                   ^
/Applications/Xcode.app/Contents/Developer/Platforms/iPhoneSimulator.platform/Developer/Library/Frameworks/XCUIAutomation.framework/Headers/XCUIElementTypeQueryProvider.h:22:46: note: property declared here
@property (readonly, copy) XCUIElementQuery *buttons;
                                             ^
LOCAL_HOME/Developer/sqe-platform-release-layout/ios/ACEClientApp/ACEClientAppUITests/ACEClientAppUITests.swift:672:98: warning: main actor-isolated property 'exists' can not be referenced from a nonisolated autoclosure
        for identifier in removedIndividualCopyControls { XCTAssertFalse(app.buttons[identifier].exists, identifier) }
                                                                                                 ^
/Applications/Xcode.app/Contents/Developer/Platforms/iPhoneSimulator.platform/Developer/Library/Frameworks/XCUIAutomation.framework/Headers/XCUIElement.h:54:27: note: property declared here
@property (readonly) BOOL exists;
                          ^
LOCAL_HOME/Developer/sqe-platform-release-layout/ios/ACEClientApp/ACEClientAppUITests/ACEClientAppUITests.swift:672:85: warning: main actor-isolated subscript 'subscript(_:)' can not be referenced from a nonisolated autoclosure
        for identifier in removedIndividualCopyControls { XCTAssertFalse(app.buttons[identifier].exists, identifier) }
                                                                                    ^
XCUIAutomation.XCUIElementQuery.subscript:2:17: note: subscript declared here
@MainActor open subscript(key: String) -> XCUIElement { get }}
                ^
LOCAL_HOME/Developer/sqe-platform-release-layout/ios/ACEClientApp/ACEClientAppUITests/ACEClientAppUITests.swift:672:78: warning: main actor-isolated property 'buttons' can not be referenced from a nonisolated autoclosure
        for identifier in removedIndividualCopyControls { XCTAssertFalse(app.buttons[identifier].exists, identifier) }
                                                                             ^
/Applications/Xcode.app/Contents/Developer/Platforms/iPhoneSimulator.platform/Developer/Library/Frameworks/XCUIAutomation.framework/Headers/XCUIElementTypeQueryProvider.h:22:46: note: property declared here
@property (readonly, copy) XCUIElementQuery *buttons;
                                             ^
LOCAL_HOME/Developer/sqe-platform-release-layout/ios/ACEClientApp/ACEClientAppUITests/ACEClientAppUITests.swift:673:39: warning: call to main actor-isolated instance method 'matching' in a synchronous nonisolated context
        let copyButtons = app.buttons.matching(NSPredicate(format: "label BEGINSWITH %@", "Copy "))
                                      ^
XCUIAutomation.XCUIElementQuery.matching:2:22: note: calls to instance method 'matching' from outside of its actor context are implicitly asynchronous
@MainActor open func matching(_ predicate: NSPredicate) -> XCUIElementQuery}
                     ^
XCUIAutomation.XCUIElementQuery.matching:2:22: note: main actor isolation inferred from conformance to protocol 'XCUIElementTypeQueryProvider'
@MainActor open func matching(_ predicate: NSPredicate) -> XCUIElementQuery}
                     ^
LOCAL_HOME/Developer/sqe-platform-release-layout/ios/ACEClientApp/ACEClientAppUITests/ACEClientAppUITests.swift:663:10: note: add '@MainActor' to make instance method 'testFictionalReleaseHasApprovedCopyControls()' part of global actor 'MainActor'
    func testFictionalReleaseHasApprovedCopyControls() throws {
         ^
    @MainActor 
LOCAL_HOME/Developer/sqe-platform-release-layout/ios/ACEClientApp/ACEClientAppUITests/ACEClientAppUITests.swift:673:31: warning: main actor-isolated property 'buttons' can not be referenced from a nonisolated context
        let copyButtons = app.buttons.matching(NSPredicate(format: "label BEGINSWITH %@", "Copy "))
                              ^
/Applications/Xcode.app/Contents/Developer/Platforms/iPhoneSimulator.platform/Developer/Library/Frameworks/XCUIAutomation.framework/Headers/XCUIElementTypeQueryProvider.h:22:46: note: property declared here
@property (readonly, copy) XCUIElementQuery *buttons;
                                             ^
LOCAL_HOME/Developer/sqe-platform-release-layout/ios/ACEClientApp/ACEClientAppUITests/ACEClientAppUITests.swift:663:10: note: add '@MainActor' to make instance method 'testFictionalReleaseHasApprovedCopyControls()' part of global actor 'MainActor'
    func testFictionalReleaseHasApprovedCopyControls() throws {
         ^
    @MainActor 
LOCAL_HOME/Developer/sqe-platform-release-layout/ios/ACEClientApp/ACEClientAppUITests/ACEClientAppUITests.swift:674:36: warning: main actor-isolated property 'count' can not be referenced from a nonisolated autoclosure
        XCTAssertEqual(copyButtons.count, approvedCopyControls.count, "The release screen must expose only one grouped action copy control")
                                   ^
/Applications/Xcode.app/Contents/Developer/Platforms/iPhoneSimulator.platform/Developer/Library/Frameworks/XCUIAutomation.framework/Headers/XCUIElementQuery.h:29:33: note: property declared here
@property (readonly) NSUInteger count;
                                ^
LOCAL_HOME/Developer/sqe-platform-release-layout/ios/ACEClientApp/ACEClientAppUITests/ACEClientAppUITests.swift:678:33: warning: call to main actor-isolated instance method 'waitForExistence(timeout:)' in a synchronous nonisolated context
        XCTAssertTrue(indicator.waitForExistence(timeout: 5), "Appearance indicator must exist")
                                ^
XCUIAutomation.XCUIElement.waitForExistence:2:22: note: calls to instance method 'waitForExistence(timeout:)' from outside of its actor context are implicitly asynchronous
@MainActor open func waitForExistence(timeout: TimeInterval) -> Bool}
                     ^
LOCAL_HOME/Developer/sqe-platform-release-layout/ios/ACEClientApp/ACEClientAppUITests/ACEClientAppUITests.swift:704:13: warning: call to main actor-isolated instance method 'terminate()' in a synchronous nonisolated context
        app.terminate()
            ^
XCUIAutomation.XCUIApplication.terminate:2:22: note: calls to instance method 'terminate()' from outside of its actor context are implicitly asynchronous
@MainActor open func terminate()}
                     ^
LOCAL_HOME/Developer/sqe-platform-release-layout/ios/ACEClientApp/ACEClientAppUITests/ACEClientAppUITests.swift:663:10: note: add '@MainActor' to make instance method 'testFictionalReleaseHasApprovedCopyControls()' part of global actor 'MainActor'
    func testFictionalReleaseHasApprovedCopyControls() throws {
         ^
    @MainActor 
LOCAL_HOME/Developer/sqe-platform-release-layout/ios/ACEClientApp/ACEClientAppUITests/ACEClientAppUITests.swift:707:55: warning: main actor-isolated subscript 'subscript(_:)' can not be referenced from a nonisolated context
        let confirmationCopy = confirmationApp.buttons["Copy action 1"]
                                                      ^
XCUIAutomation.XCUIElementQuery.subscript:2:17: note: subscript declared here
@MainActor open subscript(key: String) -> XCUIElement { get }}
                ^
LOCAL_HOME/Developer/sqe-platform-release-layout/ios/ACEClientApp/ACEClientAppUITests/ACEClientAppUITests.swift:663:10: note: add '@MainActor' to make instance method 'testFictionalReleaseHasApprovedCopyControls()' part of global actor 'MainActor'
    func testFictionalReleaseHasApprovedCopyControls() throws {
         ^
    @MainActor 
LOCAL_HOME/Developer/sqe-platform-release-layout/ios/ACEClientApp/ACEClientAppUITests/ACEClientAppUITests.swift:707:48: warning: main actor-isolated property 'buttons' can not be referenced from a nonisolated context
        let confirmationCopy = confirmationApp.buttons["Copy action 1"]
                                               ^
/Applications/Xcode.app/Contents/Developer/Platforms/iPhoneSimulator.platform/Developer/Library/Frameworks/XCUIAutomation.framework/Headers/XCUIElementTypeQueryProvider.h:22:46: note: property declared here
@property (readonly, copy) XCUIElementQuery *buttons;
                                             ^
LOCAL_HOME/Developer/sqe-platform-release-layout/ios/ACEClientApp/ACEClientAppUITests/ACEClientAppUITests.swift:663:10: note: add '@MainActor' to make instance method 'testFictionalReleaseHasApprovedCopyControls()' part of global actor 'MainActor'
    func testFictionalReleaseHasApprovedCopyControls() throws {
         ^
    @MainActor 
LOCAL_HOME/Developer/sqe-platform-release-layout/ios/ACEClientApp/ACEClientAppUITests/ACEClientAppUITests.swift:709:26: warning: call to main actor-isolated instance method 'tap()' in a synchronous nonisolated context
        confirmationCopy.tap()
                         ^
XCUIAutomation.XCUIElement.tap:2:22: note: calls to instance method 'tap()' from outside of its actor context are implicitly asynchronous
@MainActor open func tap()}
                     ^
LOCAL_HOME/Developer/sqe-platform-release-layout/ios/ACEClientApp/ACEClientAppUITests/ACEClientAppUITests.swift:663:10: note: add '@MainActor' to make instance method 'testFictionalReleaseHasApprovedCopyControls()' part of global actor 'MainActor'
    func testFictionalReleaseHasApprovedCopyControls() throws {
         ^
    @MainActor 
LOCAL_HOME/Developer/sqe-platform-release-layout/ios/ACEClientApp/ACEClientAppUITests/ACEClientAppUITests.swift:710:71: warning: main actor-isolated property 'exists' can not be referenced from a nonisolated autoclosure
        XCTAssertTrue(confirmationApp.staticTexts["Copied Action 1."].exists, "Copy confirmation must be available to VoiceOver")
                                                                      ^
/Applications/Xcode.app/Contents/Developer/Platforms/iPhoneSimulator.platform/Developer/Library/Frameworks/XCUIAutomation.framework/Headers/XCUIElement.h:54:27: note: property declared here
@property (readonly) BOOL exists;
                          ^
LOCAL_HOME/Developer/sqe-platform-release-layout/ios/ACEClientApp/ACEClientAppUITests/ACEClientAppUITests.swift:710:50: warning: main actor-isolated subscript 'subscript(_:)' can not be referenced from a nonisolated autoclosure
        XCTAssertTrue(confirmationApp.staticTexts["Copied Action 1."].exists, "Copy confirmation must be available to VoiceOver")
                                                 ^
XCUIAutomation.XCUIElementQuery.subscript:2:17: note: subscript declared here
@MainActor open subscript(key: String) -> XCUIElement { get }}
                ^
LOCAL_HOME/Developer/sqe-platform-release-layout/ios/ACEClientApp/ACEClientAppUITests/ACEClientAppUITests.swift:710:39: warning: main actor-isolated property 'staticTexts' can not be referenced from a nonisolated autoclosure
        XCTAssertTrue(confirmationApp.staticTexts["Copied Action 1."].exists, "Copy confirmation must be available to VoiceOver")
                                      ^
/Applications/Xcode.app/Contents/Developer/Platforms/iPhoneSimulator.platform/Developer/Library/Frameworks/XCUIAutomation.framework/Headers/XCUIElementTypeQueryProvider.h:62:46: note: property declared here
@property (readonly, copy) XCUIElementQuery *staticTexts;
                                             ^
LOCAL_HOME/Developer/sqe-platform-release-layout/ios/ACEClientApp/ACEClientAppUITests/ACEClientAppUITests.swift:711:55: warning: main actor-isolated subscript 'subscript(_:)' can not be referenced from a nonisolated context
        scrollUntilVisible(confirmationApp.staticTexts["Copied Action 1."], in: confirmationApp, field: "Copy confirmation")
                                                      ^
XCUIAutomation.XCUIElementQuery.subscript:2:17: note: subscript declared here
@MainActor open subscript(key: String) -> XCUIElement { get }}
                ^
LOCAL_HOME/Developer/sqe-platform-release-layout/ios/ACEClientApp/ACEClientAppUITests/ACEClientAppUITests.swift:663:10: note: add '@MainActor' to make instance method 'testFictionalReleaseHasApprovedCopyControls()' part of global actor 'MainActor'
    func testFictionalReleaseHasApprovedCopyControls() throws {
         ^
    @MainActor 
LOCAL_HOME/Developer/sqe-platform-release-layout/ios/ACEClientApp/ACEClientAppUITests/ACEClientAppUITests.swift:711:44: warning: main actor-isolated property 'staticTexts' can not be referenced from a nonisolated context
        scrollUntilVisible(confirmationApp.staticTexts["Copied Action 1."], in: confirmationApp, field: "Copy confirmation")
                                           ^
/Applications/Xcode.app/Contents/Developer/Platforms/iPhoneSimulator.platform/Developer/Library/Frameworks/XCUIAutomation.framework/Headers/XCUIElementTypeQueryProvider.h:62:46: note: property declared here
@property (readonly, copy) XCUIElementQuery *staticTexts;
                                             ^
LOCAL_HOME/Developer/sqe-platform-release-layout/ios/ACEClientApp/ACEClientAppUITests/ACEClientAppUITests.swift:663:10: note: add '@MainActor' to make instance method 'testFictionalReleaseHasApprovedCopyControls()' part of global actor 'MainActor'
    func testFictionalReleaseHasApprovedCopyControls() throws {
         ^
    @MainActor 
LOCAL_HOME/Developer/sqe-platform-release-layout/ios/ACEClientApp/ACEClientAppUITests/ACEClientAppUITests.swift:714:25: warning: call to main actor-isolated instance method 'terminate()' in a synchronous nonisolated context
        confirmationApp.terminate()
                        ^
XCUIAutomation.XCUIApplication.terminate:2:22: note: calls to instance method 'terminate()' from outside of its actor context are implicitly asynchronous
@MainActor open func terminate()}
                     ^
LOCAL_HOME/Developer/sqe-platform-release-layout/ios/ACEClientApp/ACEClientAppUITests/ACEClientAppUITests.swift:663:10: note: add '@MainActor' to make instance method 'testFictionalReleaseHasApprovedCopyControls()' part of global actor 'MainActor'
    func testFictionalReleaseHasApprovedCopyControls() throws {
         ^
    @MainActor 
LOCAL_HOME/Developer/sqe-platform-release-layout/ios/ACEClientApp/ACEClientAppUITests/ACEClientAppUITests.swift:719:21: warning: call to main actor-isolated instance method 'terminate()' in a synchronous nonisolated context
        defer { app.terminate() }
                    ^
XCUIAutomation.XCUIApplication.terminate:2:22: note: calls to instance method 'terminate()' from outside of its actor context are implicitly asynchronous
@MainActor open func terminate()}
                     ^
LOCAL_HOME/Developer/sqe-platform-release-layout/ios/ACEClientApp/ACEClientAppUITests/ACEClientAppUITests.swift:717:10: note: add '@MainActor' to make instance method 'testClippingNoActionsStandaloneAudit()' part of global actor 'MainActor'
    func testClippingNoActionsStandaloneAudit() throws {
         ^
    @MainActor 
LOCAL_HOME/Developer/sqe-platform-release-layout/ios/ACEClientApp/ACEClientAppUITests/ACEClientAppUITests.swift:720:68: warning: call to main actor-isolated instance method 'waitForExistence(timeout:)' in a synchronous nonisolated context
        XCTAssertTrue(app.staticTexts["No actions are available."].waitForExistence(timeout: 5), "No-actions notice must exist")
                                                                   ^
XCUIAutomation.XCUIElement.waitForExistence:2:22: note: calls to instance method 'waitForExistence(timeout:)' from outside of its actor context are implicitly asynchronous
@MainActor open func waitForExistence(timeout: TimeInterval) -> Bool}
                     ^
LOCAL_HOME/Developer/sqe-platform-release-layout/ios/ACEClientApp/ACEClientAppUITests/ACEClientAppUITests.swift:720:38: warning: main actor-isolated subscript 'subscript(_:)' can not be referenced from a nonisolated autoclosure
        XCTAssertTrue(app.staticTexts["No actions are available."].waitForExistence(timeout: 5), "No-actions notice must exist")
                                     ^
XCUIAutomation.XCUIElementQuery.subscript:2:17: note: subscript declared here
@MainActor open subscript(key: String) -> XCUIElement { get }}
                ^
LOCAL_HOME/Developer/sqe-platform-release-layout/ios/ACEClientApp/ACEClientAppUITests/ACEClientAppUITests.swift:720:27: warning: main actor-isolated property 'staticTexts' can not be referenced from a nonisolated autoclosure
        XCTAssertTrue(app.staticTexts["No actions are available."].waitForExistence(timeout: 5), "No-actions notice must exist")
                          ^
/Applications/Xcode.app/Contents/Developer/Platforms/iPhoneSimulator.platform/Developer/Library/Frameworks/XCUIAutomation.framework/Headers/XCUIElementTypeQueryProvider.h:62:46: note: property declared here
@property (readonly, copy) XCUIElementQuery *staticTexts;
                                             ^
LOCAL_HOME/Developer/sqe-platform-release-layout/ios/ACEClientApp/ACEClientAppUITests/ACEClientAppUITests.swift:722:87: warning: main actor-isolated property 'count' can not be referenced from a nonisolated autoclosure
            app.buttons.matching(NSPredicate(format: "label BEGINSWITH %@", "Copy ")).count,
                                                                                      ^
/Applications/Xcode.app/Contents/Developer/Platforms/iPhoneSimulator.platform/Developer/Library/Frameworks/XCUIAutomation.framework/Headers/XCUIElementQuery.h:29:33: note: property declared here
@property (readonly) NSUInteger count;
                                ^
LOCAL_HOME/Developer/sqe-platform-release-layout/ios/ACEClientApp/ACEClientAppUITests/ACEClientAppUITests.swift:722:25: warning: call to main actor-isolated instance method 'matching' in a synchronous nonisolated context
            app.buttons.matching(NSPredicate(format: "label BEGINSWITH %@", "Copy ")).count,
                        ^
XCUIAutomation.XCUIElementQuery.matching:2:22: note: calls to instance method 'matching' from outside of its actor context are implicitly asynchronous
@MainActor open func matching(_ predicate: NSPredicate) -> XCUIElementQuery}
                     ^
XCUIAutomation.XCUIElementQuery.matching:2:22: note: main actor isolation inferred from conformance to protocol 'XCUIElementTypeQueryProvider'
@MainActor open func matching(_ predicate: NSPredicate) -> XCUIElementQuery}
                     ^
LOCAL_HOME/Developer/sqe-platform-release-layout/ios/ACEClientApp/ACEClientAppUITests/ACEClientAppUITests.swift:722:17: warning: main actor-isolated property 'buttons' can not be referenced from a nonisolated autoclosure
            app.buttons.matching(NSPredicate(format: "label BEGINSWITH %@", "Copy ")).count,
                ^
/Applications/Xcode.app/Contents/Developer/Platforms/iPhoneSimulator.platform/Developer/Library/Frameworks/XCUIAutomation.framework/Headers/XCUIElementTypeQueryProvider.h:22:46: note: property declared here
@property (readonly, copy) XCUIElementQuery *buttons;
                                             ^
LOCAL_HOME/Developer/sqe-platform-release-layout/ios/ACEClientApp/ACEClientAppUITests/ACEClientAppUITests.swift:727:43: warning: main actor-isolated subscript 'subscript(_:)' can not be referenced from a nonisolated context
        scrollUntilVisible(app.staticTexts["No actions are available."], in: app, field: "No actions are available.")
                                          ^
XCUIAutomation.XCUIElementQuery.subscript:2:17: note: subscript declared here
@MainActor open subscript(key: String) -> XCUIElement { get }}
                ^
LOCAL_HOME/Developer/sqe-platform-release-layout/ios/ACEClientApp/ACEClientAppUITests/ACEClientAppUITests.swift:717:10: note: add '@MainActor' to make instance method 'testClippingNoActionsStandaloneAudit()' part of global actor 'MainActor'
    func testClippingNoActionsStandaloneAudit() throws {
         ^
    @MainActor 
LOCAL_HOME/Developer/sqe-platform-release-layout/ios/ACEClientApp/ACEClientAppUITests/ACEClientAppUITests.swift:727:32: warning: main actor-isolated property 'staticTexts' can not be referenced from a nonisolated context
        scrollUntilVisible(app.staticTexts["No actions are available."], in: app, field: "No actions are available.")
                               ^
/Applications/Xcode.app/Contents/Developer/Platforms/iPhoneSimulator.platform/Developer/Library/Frameworks/XCUIAutomation.framework/Headers/XCUIElementTypeQueryProvider.h:62:46: note: property declared here
@property (readonly, copy) XCUIElementQuery *staticTexts;
                                             ^
LOCAL_HOME/Developer/sqe-platform-release-layout/ios/ACEClientApp/ACEClientAppUITests/ACEClientAppUITests.swift:717:10: note: add '@MainActor' to make instance method 'testClippingNoActionsStandaloneAudit()' part of global actor 'MainActor'
    func testClippingNoActionsStandaloneAudit() throws {
         ^
    @MainActor 
LOCAL_HOME/Developer/sqe-platform-release-layout/ios/ACEClientApp/ACEClientAppUITests/ACEClientAppUITests.swift:738:21: warning: call to main actor-isolated instance method 'terminate()' in a synchronous nonisolated context
        defer { app.terminate() }
                    ^
XCUIAutomation.XCUIApplication.terminate:2:22: note: calls to instance method 'terminate()' from outside of its actor context are implicitly asynchronous
@MainActor open func terminate()}
                     ^
LOCAL_HOME/Developer/sqe-platform-release-layout/ios/ACEClientApp/ACEClientAppUITests/ACEClientAppUITests.swift:736:18: note: add '@MainActor' to make instance method 'runOriginalScenarioAudit(scenario:expected:)' part of global actor 'MainActor'
    private func runOriginalScenarioAudit(scenario: String, expected: String) throws {
                 ^
    @MainActor 
LOCAL_HOME/Developer/sqe-platform-release-layout/ios/ACEClientApp/ACEClientAppUITests/ACEClientAppUITests.swift:741:43: warning: main actor-isolated property 'exists' can not be referenced from a nonisolated context
                app.staticTexts[expected].exists
                                          ^
/Applications/Xcode.app/Contents/Developer/Platforms/iPhoneSimulator.platform/Developer/Library/Frameworks/XCUIAutomation.framework/Headers/XCUIElement.h:54:27: note: property declared here
@property (readonly) BOOL exists;
                          ^
LOCAL_HOME/Developer/sqe-platform-release-layout/ios/ACEClientApp/ACEClientAppUITests/ACEClientAppUITests.swift:741:32: warning: main actor-isolated subscript 'subscript(_:)' can not be referenced from a nonisolated context
                app.staticTexts[expected].exists
                               ^
XCUIAutomation.XCUIElementQuery.subscript:2:17: note: subscript declared here
@MainActor open subscript(key: String) -> XCUIElement { get }}
                ^
LOCAL_HOME/Developer/sqe-platform-release-layout/ios/ACEClientApp/ACEClientAppUITests/ACEClientAppUITests.swift:741:21: warning: main actor-isolated property 'staticTexts' can not be referenced from a nonisolated context
                app.staticTexts[expected].exists
                    ^
/Applications/Xcode.app/Contents/Developer/Platforms/iPhoneSimulator.platform/Developer/Library/Frameworks/XCUIAutomation.framework/Headers/XCUIElementTypeQueryProvider.h:62:46: note: property declared here
@property (readonly, copy) XCUIElementQuery *staticTexts;
                                             ^
LOCAL_HOME/Developer/sqe-platform-release-layout/ios/ACEClientApp/ACEClientAppUITests/ACEClientAppUITests.swift:742:46: warning: main actor-isolated property 'exists' can not be referenced from a nonisolated autoclosure
                    || app.buttons[expected].exists
                                             ^
/Applications/Xcode.app/Contents/Developer/Platforms/iPhoneSimulator.platform/Developer/Library/Frameworks/XCUIAutomation.framework/Headers/XCUIElement.h:54:27: note: property declared here
@property (readonly) BOOL exists;
                          ^
LOCAL_HOME/Developer/sqe-platform-release-layout/ios/ACEClientApp/ACEClientAppUITests/ACEClientAppUITests.swift:742:35: warning: main actor-isolated subscript 'subscript(_:)' can not be referenced from a nonisolated autoclosure
                    || app.buttons[expected].exists
                                  ^
XCUIAutomation.XCUIElementQuery.subscript:2:17: note: subscript declared here
@MainActor open subscript(key: String) -> XCUIElement { get }}
                ^
LOCAL_HOME/Developer/sqe-platform-release-layout/ios/ACEClientApp/ACEClientAppUITests/ACEClientAppUITests.swift:742:28: warning: main actor-isolated property 'buttons' can not be referenced from a nonisolated autoclosure
                    || app.buttons[expected].exists
                           ^
/Applications/Xcode.app/Contents/Developer/Platforms/iPhoneSimulator.platform/Developer/Library/Frameworks/XCUIAutomation.framework/Headers/XCUIElementTypeQueryProvider.h:22:46: note: property declared here
@property (readonly, copy) XCUIElementQuery *buttons;
                                             ^
LOCAL_HOME/Developer/sqe-platform-release-layout/ios/ACEClientApp/ACEClientAppUITests/ACEClientAppUITests.swift:743:57: warning: main actor-isolated property 'exists' can not be referenced from a nonisolated autoclosure
                    || app.progressIndicators[expected].exists
                                                        ^
/Applications/Xcode.app/Contents/Developer/Platforms/iPhoneSimulator.platform/Developer/Library/Frameworks/XCUIAutomation.framework/Headers/XCUIElement.h:54:27: note: property declared here
@property (readonly) BOOL exists;
                          ^
LOCAL_HOME/Developer/sqe-platform-release-layout/ios/ACEClientApp/ACEClientAppUITests/ACEClientAppUITests.swift:743:46: warning: main actor-isolated subscript 'subscript(_:)' can not be referenced from a nonisolated autoclosure
                    || app.progressIndicators[expected].exists
                                             ^
XCUIAutomation.XCUIElementQuery.subscript:2:17: note: subscript declared here
@MainActor open subscript(key: String) -> XCUIElement { get }}
                ^
LOCAL_HOME/Developer/sqe-platform-release-layout/ios/ACEClientApp/ACEClientAppUITests/ACEClientAppUITests.swift:743:28: warning: main actor-isolated property 'progressIndicators' can not be referenced from a nonisolated autoclosure
                    || app.progressIndicators[expected].exists
                           ^
/Applications/Xcode.app/Contents/Developer/Platforms/iPhoneSimulator.platform/Developer/Library/Frameworks/XCUIAutomation.framework/Headers/XCUIElementTypeQueryProvider.h:49:46: note: property declared here
@property (readonly, copy) XCUIElementQuery *progressIndicators;
                                             ^
LOCAL_HOME/Developer/sqe-platform-release-layout/ios/ACEClientApp/ACEClientAppUITests/ACEClientAppUITests.swift:744:61: warning: main actor-isolated property 'exists' can not be referenced from a nonisolated autoclosure
                        || app.activityIndicators[expected].exists
                                                            ^
/Applications/Xcode.app/Contents/Developer/Platforms/iPhoneSimulator.platform/Developer/Library/Frameworks/XCUIAutomation.framework/Headers/XCUIElement.h:54:27: note: property declared here
@property (readonly) BOOL exists;
                          ^
LOCAL_HOME/Developer/sqe-platform-release-layout/ios/ACEClientApp/ACEClientAppUITests/ACEClientAppUITests.swift:744:50: warning: main actor-isolated subscript 'subscript(_:)' can not be referenced from a nonisolated autoclosure
                        || app.activityIndicators[expected].exists
                                                 ^
XCUIAutomation.XCUIElementQuery.subscript:2:17: note: subscript declared here
@MainActor open subscript(key: String) -> XCUIElement { get }}
                ^
LOCAL_HOME/Developer/sqe-platform-release-layout/ios/ACEClientApp/ACEClientAppUITests/ACEClientAppUITests.swift:744:32: warning: main actor-isolated property 'activityIndicators' can not be referenced from a nonisolated autoclosure
                        || app.activityIndicators[expected].exists
                               ^
/Applications/Xcode.app/Contents/Developer/Platforms/iPhoneSimulator.platform/Developer/Library/Frameworks/XCUIAutomation.framework/Headers/XCUIElementTypeQueryProvider.h:50:46: note: property declared here
@property (readonly, copy) XCUIElementQuery *activityIndicators;
                                             ^
LOCAL_HOME/Developer/sqe-platform-release-layout/ios/ACEClientApp/ACEClientAppUITests/ACEClientAppUITests.swift:750:43: warning: main actor-isolated subscript 'subscript(_:)' can not be referenced from a nonisolated context
        scrollUntilVisible(app.staticTexts[expected], in: app, field: expected)
                                          ^
XCUIAutomation.XCUIElementQuery.subscript:2:17: note: subscript declared here
@MainActor open subscript(key: String) -> XCUIElement { get }}
                ^
LOCAL_HOME/Developer/sqe-platform-release-layout/ios/ACEClientApp/ACEClientAppUITests/ACEClientAppUITests.swift:736:18: note: add '@MainActor' to make instance method 'runOriginalScenarioAudit(scenario:expected:)' part of global actor 'MainActor'
    private func runOriginalScenarioAudit(scenario: String, expected: String) throws {
                 ^
    @MainActor 
LOCAL_HOME/Developer/sqe-platform-release-layout/ios/ACEClientApp/ACEClientAppUITests/ACEClientAppUITests.swift:750:32: warning: main actor-isolated property 'staticTexts' can not be referenced from a nonisolated context
        scrollUntilVisible(app.staticTexts[expected], in: app, field: expected)
                               ^
/Applications/Xcode.app/Contents/Developer/Platforms/iPhoneSimulator.platform/Developer/Library/Frameworks/XCUIAutomation.framework/Headers/XCUIElementTypeQueryProvider.h:62:46: note: property declared here
@property (readonly, copy) XCUIElementQuery *staticTexts;
                                             ^
LOCAL_HOME/Developer/sqe-platform-release-layout/ios/ACEClientApp/ACEClientAppUITests/ACEClientAppUITests.swift:736:18: note: add '@MainActor' to make instance method 'runOriginalScenarioAudit(scenario:expected:)' part of global actor 'MainActor'
    private func runOriginalScenarioAudit(scenario: String, expected: String) throws {
                 ^
    @MainActor 
LOCAL_HOME/Developer/sqe-platform-release-layout/ios/ACEClientApp/ACEClientAppUITests/ACEClientAppUITests.swift:771:47: warning: main actor-isolated property 'exists' can not be referenced from a nonisolated context
                    app.staticTexts[expected].exists
                                              ^
/Applications/Xcode.app/Contents/Developer/Platforms/iPhoneSimulator.platform/Developer/Library/Frameworks/XCUIAutomation.framework/Headers/XCUIElement.h:54:27: note: property declared here
@property (readonly) BOOL exists;
                          ^
LOCAL_HOME/Developer/sqe-platform-release-layout/ios/ACEClientApp/ACEClientAppUITests/ACEClientAppUITests.swift:771:36: warning: main actor-isolated subscript 'subscript(_:)' can not be referenced from a nonisolated context
                    app.staticTexts[expected].exists
                                   ^
XCUIAutomation.XCUIElementQuery.subscript:2:17: note: subscript declared here
@MainActor open subscript(key: String) -> XCUIElement { get }}
                ^
LOCAL_HOME/Developer/sqe-platform-release-layout/ios/ACEClientApp/ACEClientAppUITests/ACEClientAppUITests.swift:771:25: warning: main actor-isolated property 'staticTexts' can not be referenced from a nonisolated context
                    app.staticTexts[expected].exists
                        ^
/Applications/Xcode.app/Contents/Developer/Platforms/iPhoneSimulator.platform/Developer/Library/Frameworks/XCUIAutomation.framework/Headers/XCUIElementTypeQueryProvider.h:62:46: note: property declared here
@property (readonly, copy) XCUIElementQuery *staticTexts;
                                             ^
LOCAL_HOME/Developer/sqe-platform-release-layout/ios/ACEClientApp/ACEClientAppUITests/ACEClientAppUITests.swift:772:50: warning: main actor-isolated property 'exists' can not be referenced from a nonisolated autoclosure
                        || app.buttons[expected].exists
                                                 ^
/Applications/Xcode.app/Contents/Developer/Platforms/iPhoneSimulator.platform/Developer/Library/Frameworks/XCUIAutomation.framework/Headers/XCUIElement.h:54:27: note: property declared here
@property (readonly) BOOL exists;
                          ^
LOCAL_HOME/Developer/sqe-platform-release-layout/ios/ACEClientApp/ACEClientAppUITests/ACEClientAppUITests.swift:772:39: warning: main actor-isolated subscript 'subscript(_:)' can not be referenced from a nonisolated autoclosure
                        || app.buttons[expected].exists
                                      ^
XCUIAutomation.XCUIElementQuery.subscript:2:17: note: subscript declared here
@MainActor open subscript(key: String) -> XCUIElement { get }}
                ^
LOCAL_HOME/Developer/sqe-platform-release-layout/ios/ACEClientApp/ACEClientAppUITests/ACEClientAppUITests.swift:772:32: warning: main actor-isolated property 'buttons' can not be referenced from a nonisolated autoclosure
                        || app.buttons[expected].exists
                               ^
/Applications/Xcode.app/Contents/Developer/Platforms/iPhoneSimulator.platform/Developer/Library/Frameworks/XCUIAutomation.framework/Headers/XCUIElementTypeQueryProvider.h:22:46: note: property declared here
@property (readonly, copy) XCUIElementQuery *buttons;
                                             ^
LOCAL_HOME/Developer/sqe-platform-release-layout/ios/ACEClientApp/ACEClientAppUITests/ACEClientAppUITests.swift:773:61: warning: main actor-isolated property 'exists' can not be referenced from a nonisolated autoclosure
                        || app.progressIndicators[expected].exists
                                                            ^
/Applications/Xcode.app/Contents/Developer/Platforms/iPhoneSimulator.platform/Developer/Library/Frameworks/XCUIAutomation.framework/Headers/XCUIElement.h:54:27: note: property declared here
@property (readonly) BOOL exists;
                          ^
LOCAL_HOME/Developer/sqe-platform-release-layout/ios/ACEClientApp/ACEClientAppUITests/ACEClientAppUITests.swift:773:50: warning: main actor-isolated subscript 'subscript(_:)' can not be referenced from a nonisolated autoclosure
                        || app.progressIndicators[expected].exists
                                                 ^
XCUIAutomation.XCUIElementQuery.subscript:2:17: note: subscript declared here
@MainActor open subscript(key: String) -> XCUIElement { get }}
                ^
LOCAL_HOME/Developer/sqe-platform-release-layout/ios/ACEClientApp/ACEClientAppUITests/ACEClientAppUITests.swift:773:32: warning: main actor-isolated property 'progressIndicators' can not be referenced from a nonisolated autoclosure
                        || app.progressIndicators[expected].exists
                               ^
/Applications/Xcode.app/Contents/Developer/Platforms/iPhoneSimulator.platform/Developer/Library/Frameworks/XCUIAutomation.framework/Headers/XCUIElementTypeQueryProvider.h:49:46: note: property declared here
@property (readonly, copy) XCUIElementQuery *progressIndicators;
                                             ^
LOCAL_HOME/Developer/sqe-platform-release-layout/ios/ACEClientApp/ACEClientAppUITests/ACEClientAppUITests.swift:774:61: warning: main actor-isolated property 'exists' can not be referenced from a nonisolated autoclosure
                        || app.activityIndicators[expected].exists
                                                            ^
/Applications/Xcode.app/Contents/Developer/Platforms/iPhoneSimulator.platform/Developer/Library/Frameworks/XCUIAutomation.framework/Headers/XCUIElement.h:54:27: note: property declared here
@property (readonly) BOOL exists;
                          ^
LOCAL_HOME/Developer/sqe-platform-release-layout/ios/ACEClientApp/ACEClientAppUITests/ACEClientAppUITests.swift:774:50: warning: main actor-isolated subscript 'subscript(_:)' can not be referenced from a nonisolated autoclosure
                        || app.activityIndicators[expected].exists
                                                 ^
XCUIAutomation.XCUIElementQuery.subscript:2:17: note: subscript declared here
@MainActor open subscript(key: String) -> XCUIElement { get }}
                ^
LOCAL_HOME/Developer/sqe-platform-release-layout/ios/ACEClientApp/ACEClientAppUITests/ACEClientAppUITests.swift:774:32: warning: main actor-isolated property 'activityIndicators' can not be referenced from a nonisolated autoclosure
                        || app.activityIndicators[expected].exists
                               ^
/Applications/Xcode.app/Contents/Developer/Platforms/iPhoneSimulator.platform/Developer/Library/Frameworks/XCUIAutomation.framework/Headers/XCUIElementTypeQueryProvider.h:50:46: note: property declared here
@property (readonly, copy) XCUIElementQuery *activityIndicators;
                                             ^
LOCAL_HOME/Developer/sqe-platform-release-layout/ios/ACEClientApp/ACEClientAppUITests/ACEClientAppUITests.swift:782:17: warning: call to main actor-isolated instance method 'terminate()' in a synchronous nonisolated context
            app.terminate()
                ^
XCUIAutomation.XCUIApplication.terminate:2:22: note: calls to instance method 'terminate()' from outside of its actor context are implicitly asynchronous
@MainActor open func terminate()}
                     ^
LOCAL_HOME/Developer/sqe-platform-release-layout/ios/ACEClientApp/ACEClientAppUITests/ACEClientAppUITests.swift:755:10: note: add '@MainActor' to make instance method 'testAllControlledScenariosShowExpectedStateAndAudit()' part of global actor 'MainActor'
    func testAllControlledScenariosShowExpectedStateAndAudit() throws {
         ^
    @MainActor 
LOCAL_HOME/Developer/sqe-platform-release-layout/ios/ACEClientApp/ACEClientAppUITests/ACEClientAppUITests.swift:788:27: warning: main actor-isolated property 'orientation' can not be mutated from a nonisolated context
        XCUIDevice.shared.orientation = .landscapeLeft
                          ^
/Applications/Xcode.app/Contents/Developer/Platforms/iPhoneSimulator.platform/Developer/Library/Frameworks/XCUIAutomation.framework/Headers/XCUIDevice.h:54:43: note: mutation of this property is only permitted within the actor
@property (nonatomic) UIDeviceOrientation orientation;
                                          ^
LOCAL_HOME/Developer/sqe-platform-release-layout/ios/ACEClientApp/ACEClientAppUITests/ACEClientAppUITests.swift:786:10: note: add '@MainActor' to make instance method 'testReleaseOrientationHooks()' part of global actor 'MainActor'
    func testReleaseOrientationHooks() {
         ^
    @MainActor 
LOCAL_HOME/Developer/sqe-platform-release-layout/ios/ACEClientApp/ACEClientAppUITests/ACEClientAppUITests.swift:788:20: warning: main actor-isolated class property 'shared' can not be mutated from a nonisolated context
        XCUIDevice.shared.orientation = .landscapeLeft
                   ^
/Applications/Xcode.app/Contents/Developer/Platforms/iPhoneSimulator.platform/Developer/Library/Frameworks/XCUIAutomation.framework/Headers/XCUIDevice.h:41:41: note: mutation of this class property is only permitted within the actor
@property (class, readonly) XCUIDevice *sharedDevice;
                                        ^
LOCAL_HOME/Developer/sqe-platform-release-layout/ios/ACEClientApp/ACEClientAppUITests/ACEClientAppUITests.swift:786:10: note: add '@MainActor' to make instance method 'testReleaseOrientationHooks()' part of global actor 'MainActor'
    func testReleaseOrientationHooks() {
         ^
    @MainActor 
LOCAL_HOME/Developer/sqe-platform-release-layout/ios/ACEClientApp/ACEClientAppUITests/ACEClientAppUITests.swift:790:73: warning: main actor-isolated property 'exists' can not be referenced from a nonisolated autoclosure
        XCTAssertTrue(app.staticTexts["FICTIONAL PILOT — CONTROLLED"].exists)
/Applications/Xcode.app/Contents/Developer/Platforms/iPhoneSimulator.platform/Developer/Library/Frameworks/XCUIAutomation.framework/Headers/XCUIElement.h:54:27: note: property declared here
@property (readonly) BOOL exists;
                          ^
LOCAL_HOME/Developer/sqe-platform-release-layout/ios/ACEClientApp/ACEClientAppUITests/ACEClientAppUITests.swift:790:38: warning: main actor-isolated subscript 'subscript(_:)' can not be referenced from a nonisolated autoclosure
        XCTAssertTrue(app.staticTexts["FICTIONAL PILOT — CONTROLLED"].exists)
XCUIAutomation.XCUIElementQuery.subscript:2:17: note: subscript declared here
@MainActor open subscript(key: String) -> XCUIElement { get }}
                ^
LOCAL_HOME/Developer/sqe-platform-release-layout/ios/ACEClientApp/ACEClientAppUITests/ACEClientAppUITests.swift:790:27: warning: main actor-isolated property 'staticTexts' can not be referenced from a nonisolated autoclosure
        XCTAssertTrue(app.staticTexts["FICTIONAL PILOT — CONTROLLED"].exists)
/Applications/Xcode.app/Contents/Developer/Platforms/iPhoneSimulator.platform/Developer/Library/Frameworks/XCUIAutomation.framework/Headers/XCUIElementTypeQueryProvider.h:62:46: note: property declared here
@property (readonly, copy) XCUIElementQuery *staticTexts;
                                             ^
LOCAL_HOME/Developer/sqe-platform-release-layout/ios/ACEClientApp/ACEClientAppUITests/ACEClientAppUITests.swift:792:27: warning: main actor-isolated property 'orientation' can not be mutated from a nonisolated context
        XCUIDevice.shared.orientation = .portrait
                          ^
/Applications/Xcode.app/Contents/Developer/Platforms/iPhoneSimulator.platform/Developer/Library/Frameworks/XCUIAutomation.framework/Headers/XCUIDevice.h:54:43: note: mutation of this property is only permitted within the actor
@property (nonatomic) UIDeviceOrientation orientation;
                                          ^
LOCAL_HOME/Developer/sqe-platform-release-layout/ios/ACEClientApp/ACEClientAppUITests/ACEClientAppUITests.swift:786:10: note: add '@MainActor' to make instance method 'testReleaseOrientationHooks()' part of global actor 'MainActor'
    func testReleaseOrientationHooks() {
         ^
    @MainActor 
LOCAL_HOME/Developer/sqe-platform-release-layout/ios/ACEClientApp/ACEClientAppUITests/ACEClientAppUITests.swift:792:20: warning: main actor-isolated class property 'shared' can not be mutated from a nonisolated context
        XCUIDevice.shared.orientation = .portrait
                   ^
/Applications/Xcode.app/Contents/Developer/Platforms/iPhoneSimulator.platform/Developer/Library/Frameworks/XCUIAutomation.framework/Headers/XCUIDevice.h:41:41: note: mutation of this class property is only permitted within the actor
@property (class, readonly) XCUIDevice *sharedDevice;
                                        ^
LOCAL_HOME/Developer/sqe-platform-release-layout/ios/ACEClientApp/ACEClientAppUITests/ACEClientAppUITests.swift:786:10: note: add '@MainActor' to make instance method 'testReleaseOrientationHooks()' part of global actor 'MainActor'
    func testReleaseOrientationHooks() {
         ^
    @MainActor 
LOCAL_HOME/Developer/sqe-platform-release-layout/ios/ACEClientApp/ACEClientAppUITests/ACEClientAppUITests.swift:794:73: warning: main actor-isolated property 'exists' can not be referenced from a nonisolated autoclosure
        XCTAssertTrue(app.staticTexts["FICTIONAL PILOT — CONTROLLED"].exists)
/Applications/Xcode.app/Contents/Developer/Platforms/iPhoneSimulator.platform/Developer/Library/Frameworks/XCUIAutomation.framework/Headers/XCUIElement.h:54:27: note: property declared here
@property (readonly) BOOL exists;
                          ^
LOCAL_HOME/Developer/sqe-platform-release-layout/ios/ACEClientApp/ACEClientAppUITests/ACEClientAppUITests.swift:794:38: warning: main actor-isolated subscript 'subscript(_:)' can not be referenced from a nonisolated autoclosure
        XCTAssertTrue(app.staticTexts["FICTIONAL PILOT — CONTROLLED"].exists)
XCUIAutomation.XCUIElementQuery.subscript:2:17: note: subscript declared here
@MainActor open subscript(key: String) -> XCUIElement { get }}
                ^
LOCAL_HOME/Developer/sqe-platform-release-layout/ios/ACEClientApp/ACEClientAppUITests/ACEClientAppUITests.swift:794:27: warning: main actor-isolated property 'staticTexts' can not be referenced from a nonisolated autoclosure
        XCTAssertTrue(app.staticTexts["FICTIONAL PILOT — CONTROLLED"].exists)
/Applications/Xcode.app/Contents/Developer/Platforms/iPhoneSimulator.platform/Developer/Library/Frameworks/XCUIAutomation.framework/Headers/XCUIElementTypeQueryProvider.h:62:46: note: property declared here
@property (readonly, copy) XCUIElementQuery *staticTexts;
                                             ^
LOCAL_HOME/Developer/sqe-platform-release-layout/ios/ACEClientApp/ACEClientAppUITests/ACEClientAppUITests.swift:801:33: warning: main actor-isolated property 'frame' can not be referenced from a nonisolated context
                let frame = app.frame
                                ^
/Applications/Xcode.app/Contents/Developer/Platforms/iPhoneSimulator.platform/Developer/Library/Frameworks/XCUIAutomation.framework/Headers/XCUIElementAttributes.h:38:29: note: property declared here
@property (readonly) CGRect frame;
                            ^
LOCAL_HOME/Developer/sqe-platform-release-layout/ios/ACEClientApp/ACEClientAppUITests/ACEClientAppUITests.swift:816:27: warning: main actor-isolated property 'orientation' can not be mutated from a nonisolated context
        XCUIDevice.shared.orientation = .portrait
                          ^
/Applications/Xcode.app/Contents/Developer/Platforms/iPhoneSimulator.platform/Developer/Library/Frameworks/XCUIAutomation.framework/Headers/XCUIDevice.h:54:43: note: mutation of this property is only permitted within the actor
@property (nonatomic) UIDeviceOrientation orientation;
                                          ^
LOCAL_HOME/Developer/sqe-platform-release-layout/ios/ACEClientApp/ACEClientAppUITests/ACEClientAppUITests.swift:813:10: note: add '@MainActor' to make instance method 'testNormalDeviceSettings()' part of global actor 'MainActor'
    func testNormalDeviceSettings() throws {
         ^
    @MainActor 
LOCAL_HOME/Developer/sqe-platform-release-layout/ios/ACEClientApp/ACEClientAppUITests/ACEClientAppUITests.swift:816:20: warning: main actor-isolated class property 'shared' can not be mutated from a nonisolated context
        XCUIDevice.shared.orientation = .portrait
                   ^
/Applications/Xcode.app/Contents/Developer/Platforms/iPhoneSimulator.platform/Developer/Library/Frameworks/XCUIAutomation.framework/Headers/XCUIDevice.h:41:41: note: mutation of this class property is only permitted within the actor
@property (class, readonly) XCUIDevice *sharedDevice;
                                        ^
LOCAL_HOME/Developer/sqe-platform-release-layout/ios/ACEClientApp/ACEClientAppUITests/ACEClientAppUITests.swift:813:10: note: add '@MainActor' to make instance method 'testNormalDeviceSettings()' part of global actor 'MainActor'
    func testNormalDeviceSettings() throws {
         ^
    @MainActor 
LOCAL_HOME/Developer/sqe-platform-release-layout/ios/ACEClientApp/ACEClientAppUITests/ACEClientAppUITests.swift:818:21: warning: call to main actor-isolated instance method 'terminate()' in a synchronous nonisolated context
        defer { app.terminate() }
                    ^
XCUIAutomation.XCUIApplication.terminate:2:22: note: calls to instance method 'terminate()' from outside of its actor context are implicitly asynchronous
@MainActor open func terminate()}
                     ^
LOCAL_HOME/Developer/sqe-platform-release-layout/ios/ACEClientApp/ACEClientAppUITests/ACEClientAppUITests.swift:813:10: note: add '@MainActor' to make instance method 'testNormalDeviceSettings()' part of global actor 'MainActor'
    func testNormalDeviceSettings() throws {
         ^
    @MainActor 
LOCAL_HOME/Developer/sqe-platform-release-layout/ios/ACEClientApp/ACEClientAppUITests/ACEClientAppUITests.swift:820:33: warning: call to main actor-isolated instance method 'waitForExistence(timeout:)' in a synchronous nonisolated context
        XCTAssertTrue(indicator.waitForExistence(timeout: 5), "Appearance indicator must exist")
                                ^
XCUIAutomation.XCUIElement.waitForExistence:2:22: note: calls to instance method 'waitForExistence(timeout:)' from outside of its actor context are implicitly asynchronous
@MainActor open func waitForExistence(timeout: TimeInterval) -> Bool}
                     ^
LOCAL_HOME/Developer/sqe-platform-release-layout/ios/ACEClientApp/ACEClientAppUITests/ACEClientAppUITests.swift:863:18: warning: main actor-isolated property 'firstMatch' can not be referenced from a nonisolated context
                .firstMatch
                 ^
/Applications/Xcode.app/Contents/Developer/Platforms/iPhoneSimulator.platform/Developer/Library/Frameworks/XCUIAutomation.framework/Headers/XCUIElementTypeQueryProvider.h:105:35: note: property declared here
@property (readonly) XCUIElement *firstMatch;
                                  ^
LOCAL_HOME/Developer/sqe-platform-release-layout/ios/ACEClientApp/ACEClientAppUITests/ACEClientAppUITests.swift:845:18: note: add '@MainActor' to make instance method 'assertFullReleaseInformation(in:appearance:)' part of global actor 'MainActor'
    private func assertFullReleaseInformation(in app: XCUIApplication, appearance: String) {
                 ^
    @MainActor 
LOCAL_HOME/Developer/sqe-platform-release-layout/ios/ACEClientApp/ACEClientAppUITests/ACEClientAppUITests.swift:862:18: warning: call to main actor-isolated instance method 'matching' in a synchronous nonisolated context
                .matching(NSPredicate(format: "label == %@", exactLabel))
                 ^
XCUIAutomation.XCUIElementQuery.matching:2:22: note: calls to instance method 'matching' from outside of its actor context are implicitly asynchronous
@MainActor open func matching(_ predicate: NSPredicate) -> XCUIElementQuery}
                     ^
XCUIAutomation.XCUIElementQuery.matching:2:22: note: main actor isolation inferred from conformance to protocol 'XCUIElementTypeQueryProvider'
@MainActor open func matching(_ predicate: NSPredicate) -> XCUIElementQuery}
                     ^
LOCAL_HOME/Developer/sqe-platform-release-layout/ios/ACEClientApp/ACEClientAppUITests/ACEClientAppUITests.swift:845:18: note: add '@MainActor' to make instance method 'assertFullReleaseInformation(in:appearance:)' part of global actor 'MainActor'
    private func assertFullReleaseInformation(in app: XCUIApplication, appearance: String) {
                 ^
    @MainActor 
LOCAL_HOME/Developer/sqe-platform-release-layout/ios/ACEClientApp/ACEClientAppUITests/ACEClientAppUITests.swift:861:27: warning: call to main actor-isolated instance method 'descendants(matching:)' in a synchronous nonisolated context
            let row = app.descendants(matching: .any)
                          ^
XCUIAutomation.XCUIElement.descendants:2:22: note: calls to instance method 'descendants(matching:)' from outside of its actor context are implicitly asynchronous
@MainActor open func descendants(matching type: XCUIElement.ElementType) -> XCUIElementQuery}
                     ^
LOCAL_HOME/Developer/sqe-platform-release-layout/ios/ACEClientApp/ACEClientAppUITests/ACEClientAppUITests.swift:845:18: note: add '@MainActor' to make instance method 'assertFullReleaseInformation(in:appearance:)' part of global actor 'MainActor'
    private func assertFullReleaseInformation(in app: XCUIApplication, appearance: String) {
                 ^
    @MainActor 
LOCAL_HOME/Developer/sqe-platform-release-layout/ios/ACEClientApp/ACEClientAppUITests/ACEClientAppUITests.swift:866:118: warning: call to main actor-isolated instance method 'screenshot()' in a synchronous nonisolated context
            addScreenshot(of: app, named: "Release detail — \(field) — \(appearance)", snapshot: XCUIScreen.main.screenshot())
XCUIAutomation.XCUIScreen.screenshot:2:22: note: calls to instance method 'screenshot()' from outside of its actor context are implicitly asynchronous
@MainActor open func screenshot() -> XCUIScreenshot}
                     ^
LOCAL_HOME/Developer/sqe-platform-release-layout/ios/ACEClientApp/ACEClientAppUITests/ACEClientAppUITests.swift:845:18: note: add '@MainActor' to make instance method 'assertFullReleaseInformation(in:appearance:)' part of global actor 'MainActor'
    private func assertFullReleaseInformation(in app: XCUIApplication, appearance: String) {
                 ^
    @MainActor 
LOCAL_HOME/Developer/sqe-platform-release-layout/ios/ACEClientApp/ACEClientAppUITests/ACEClientAppUITests.swift:866:113: warning: main actor-isolated class property 'main' can not be referenced from a nonisolated context
            addScreenshot(of: app, named: "Release detail — \(field) — \(appearance)", snapshot: XCUIScreen.main.screenshot())
/Applications/Xcode.app/Contents/Developer/Platforms/iPhoneSimulator.platform/Developer/Library/Frameworks/XCUIAutomation.framework/Headers/XCUIScreen.h:26:49: note: class property declared here
@property (class, readonly, strong) XCUIScreen *mainScreen;
                                                ^
LOCAL_HOME/Developer/sqe-platform-release-layout/ios/ACEClientApp/ACEClientAppUITests/ACEClientAppUITests.swift:845:18: note: add '@MainActor' to make instance method 'assertFullReleaseInformation(in:appearance:)' part of global actor 'MainActor'
    private func assertFullReleaseInformation(in app: XCUIApplication, appearance: String) {
                 ^
    @MainActor 
LOCAL_HOME/Developer/sqe-platform-release-layout/ios/ACEClientApp/ACEClientAppUITests/ACEClientAppUITests.swift:871:42: warning: main actor-isolated property 'firstMatch' can not be referenced from a nonisolated context
        let scrollView = app.scrollViews.firstMatch
                                         ^
/Applications/Xcode.app/Contents/Developer/Platforms/iPhoneSimulator.platform/Developer/Library/Frameworks/XCUIAutomation.framework/Headers/XCUIElementTypeQueryProvider.h:105:35: note: property declared here
@property (readonly) XCUIElement *firstMatch;
                                  ^
LOCAL_HOME/Developer/sqe-platform-release-layout/ios/ACEClientApp/ACEClientAppUITests/ACEClientAppUITests.swift:870:18: note: add '@MainActor' to make instance method 'scrollUntilVisible(_:in:field:)' part of global actor 'MainActor'
    private func scrollUntilVisible(_ element: XCUIElement, in app: XCUIApplication, field: String) {
                 ^
    @MainActor 
LOCAL_HOME/Developer/sqe-platform-release-layout/ios/ACEClientApp/ACEClientAppUITests/ACEClientAppUITests.swift:871:30: warning: main actor-isolated property 'scrollViews' can not be referenced from a nonisolated context
        let scrollView = app.scrollViews.firstMatch
                             ^
/Applications/Xcode.app/Contents/Developer/Platforms/iPhoneSimulator.platform/Developer/Library/Frameworks/XCUIAutomation.framework/Headers/XCUIElementTypeQueryProvider.h:60:46: note: property declared here
@property (readonly, copy) XCUIElementQuery *scrollViews;
                                             ^
LOCAL_HOME/Developer/sqe-platform-release-layout/ios/ACEClientApp/ACEClientAppUITests/ACEClientAppUITests.swift:870:18: note: add '@MainActor' to make instance method 'scrollUntilVisible(_:in:field:)' part of global actor 'MainActor'
    private func scrollUntilVisible(_ element: XCUIElement, in app: XCUIApplication, field: String) {
                 ^
    @MainActor 
LOCAL_HOME/Developer/sqe-platform-release-layout/ios/ACEClientApp/ACEClientAppUITests/ACEClientAppUITests.swift:872:26: warning: call to main actor-isolated instance method 'waitForExistence(timeout:)' in a synchronous nonisolated context
        guard scrollView.waitForExistence(timeout: 5) else {
                         ^
XCUIAutomation.XCUIElement.waitForExistence:2:22: note: calls to instance method 'waitForExistence(timeout:)' from outside of its actor context are implicitly asynchronous
@MainActor open func waitForExistence(timeout: TimeInterval) -> Bool}
                     ^
LOCAL_HOME/Developer/sqe-platform-release-layout/ios/ACEClientApp/ACEClientAppUITests/ACEClientAppUITests.swift:870:18: note: add '@MainActor' to make instance method 'scrollUntilVisible(_:in:field:)' part of global actor 'MainActor'
    private func scrollUntilVisible(_ element: XCUIElement, in app: XCUIApplication, field: String) {
                 ^
    @MainActor 
LOCAL_HOME/Developer/sqe-platform-release-layout/ios/ACEClientApp/ACEClientAppUITests/ACEClientAppUITests.swift:878:45: warning: main actor-isolated property 'frame' can not be referenced from a nonisolated context
            let scrollViewport = scrollView.frame
                                            ^
/Applications/Xcode.app/Contents/Developer/Platforms/iPhoneSimulator.platform/Developer/Library/Frameworks/XCUIAutomation.framework/Headers/XCUIElementAttributes.h:38:29: note: property declared here
@property (readonly) CGRect frame;
                            ^
LOCAL_HOME/Developer/sqe-platform-release-layout/ios/ACEClientApp/ACEClientAppUITests/ACEClientAppUITests.swift:870:18: note: add '@MainActor' to make instance method 'scrollUntilVisible(_:in:field:)' part of global actor 'MainActor'
    private func scrollUntilVisible(_ element: XCUIElement, in app: XCUIApplication, field: String) {
                 ^
    @MainActor 
LOCAL_HOME/Developer/sqe-platform-release-layout/ios/ACEClientApp/ACEClientAppUITests/ACEClientAppUITests.swift:879:41: warning: main actor-isolated property 'exists' can not be referenced from a nonisolated context
            let elementExists = element.exists
                                        ^
/Applications/Xcode.app/Contents/Developer/Platforms/iPhoneSimulator.platform/Developer/Library/Frameworks/XCUIAutomation.framework/Headers/XCUIElement.h:54:27: note: property declared here
@property (readonly) BOOL exists;
                          ^
LOCAL_HOME/Developer/sqe-platform-release-layout/ios/ACEClientApp/ACEClientAppUITests/ACEClientAppUITests.swift:870:18: note: add '@MainActor' to make instance method 'scrollUntilVisible(_:in:field:)' part of global actor 'MainActor'
    private func scrollUntilVisible(_ element: XCUIElement, in app: XCUIApplication, field: String) {
                 ^
    @MainActor 
LOCAL_HOME/Developer/sqe-platform-release-layout/ios/ACEClientApp/ACEClientAppUITests/ACEClientAppUITests.swift:880:56: warning: main actor-isolated property 'frame' can not be referenced from a nonisolated context
            let elementFrame = elementExists ? element.frame : .zero
                                                       ^
/Applications/Xcode.app/Contents/Developer/Platforms/iPhoneSimulator.platform/Developer/Library/Frameworks/XCUIAutomation.framework/Headers/XCUIElementAttributes.h:38:29: note: property declared here
@property (readonly) CGRect frame;
                            ^
LOCAL_HOME/Developer/sqe-platform-release-layout/ios/ACEClientApp/ACEClientAppUITests/ACEClientAppUITests.swift:870:18: note: add '@MainActor' to make instance method 'scrollUntilVisible(_:in:field:)' part of global actor 'MainActor'
    private func scrollUntilVisible(_ element: XCUIElement, in app: XCUIApplication, field: String) {
                 ^
    @MainActor 
LOCAL_HOME/Developer/sqe-platform-release-layout/ios/ACEClientApp/ACEClientAppUITests/ACEClientAppUITests.swift:884:31: warning: main actor-isolated property 'exists' can not be referenced from a nonisolated autoclosure
        XCTAssertTrue(element.exists, "Missing release value for \(field)")
                              ^
/Applications/Xcode.app/Contents/Developer/Platforms/iPhoneSimulator.platform/Developer/Library/Frameworks/XCUIAutomation.framework/Headers/XCUIElement.h:54:27: note: property declared here
@property (readonly) BOOL exists;
                          ^
LOCAL_HOME/Developer/sqe-platform-release-layout/ios/ACEClientApp/ACEClientAppUITests/ACEClientAppUITests.swift:892:23: warning: main actor-isolated property 'exists' can not be referenced from a nonisolated context
        guard element.exists && element.isHittable else { return false }
                      ^
/Applications/Xcode.app/Contents/Developer/Platforms/iPhoneSimulator.platform/Developer/Library/Frameworks/XCUIAutomation.framework/Headers/XCUIElement.h:54:27: note: property declared here
@property (readonly) BOOL exists;
                          ^
LOCAL_HOME/Developer/sqe-platform-release-layout/ios/ACEClientApp/ACEClientAppUITests/ACEClientAppUITests.swift:891:18: note: add '@MainActor' to make instance method 'isFullyVisible(_:in:)' part of global actor 'MainActor'
    private func isFullyVisible(_ element: XCUIElement, in scrollView: XCUIElement) -> Bool {
                 ^
    @MainActor 
LOCAL_HOME/Developer/sqe-platform-release-layout/ios/ACEClientApp/ACEClientAppUITests/ACEClientAppUITests.swift:892:41: warning: main actor-isolated property 'isHittable' can not be referenced from a nonisolated autoclosure
        guard element.exists && element.isHittable else { return false }
                                        ^
/Applications/Xcode.app/Contents/Developer/Platforms/iPhoneSimulator.platform/Developer/Library/Frameworks/XCUIAutomation.framework/Headers/XCUIElement.h:63:48: note: property declared here
@property (readonly, getter = isHittable) BOOL hittable;
                                               ^
LOCAL_HOME/Developer/sqe-platform-release-layout/ios/ACEClientApp/ACEClientAppUITests/ACEClientAppUITests.swift:893:36: warning: main actor-isolated property 'frame' can not be referenced from a nonisolated context
        let elementFrame = element.frame
                                   ^
/Applications/Xcode.app/Contents/Developer/Platforms/iPhoneSimulator.platform/Developer/Library/Frameworks/XCUIAutomation.framework/Headers/XCUIElementAttributes.h:38:29: note: property declared here
@property (readonly) CGRect frame;
                            ^
LOCAL_HOME/Developer/sqe-platform-release-layout/ios/ACEClientApp/ACEClientAppUITests/ACEClientAppUITests.swift:891:18: note: add '@MainActor' to make instance method 'isFullyVisible(_:in:)' part of global actor 'MainActor'
    private func isFullyVisible(_ element: XCUIElement, in scrollView: XCUIElement) -> Bool {
                 ^
    @MainActor 
LOCAL_HOME/Developer/sqe-platform-release-layout/ios/ACEClientApp/ACEClientAppUITests/ACEClientAppUITests.swift:894:35: warning: main actor-isolated property 'frame' can not be referenced from a nonisolated context
        let viewport = scrollView.frame
                                  ^
/Applications/Xcode.app/Contents/Developer/Platforms/iPhoneSimulator.platform/Developer/Library/Frameworks/XCUIAutomation.framework/Headers/XCUIElementAttributes.h:38:29: note: property declared here
@property (readonly) CGRect frame;
                            ^
LOCAL_HOME/Developer/sqe-platform-release-layout/ios/ACEClientApp/ACEClientAppUITests/ACEClientAppUITests.swift:891:18: note: add '@MainActor' to make instance method 'isFullyVisible(_:in:)' part of global actor 'MainActor'
    private func isFullyVisible(_ element: XCUIElement, in scrollView: XCUIElement) -> Bool {
                 ^
    @MainActor 
LOCAL_HOME/Developer/sqe-platform-release-layout/ios/ACEClientApp/ACEClientAppUITests/ACEClientAppUITests.swift:903:32: warning: call to main actor-isolated instance method 'coordinate(withNormalizedOffset:)' in a synchronous nonisolated context
        let start = scrollView.coordinate(withNormalizedOffset: CGVector(dx: 0.5, dy: startY))
                               ^
XCUIAutomation.XCUIElement.coordinate:2:22: note: calls to instance method 'coordinate(withNormalizedOffset:)' from outside of its actor context are implicitly asynchronous
@MainActor open func coordinate(withNormalizedOffset normalizedOffset: CGVector) -> XCUICoordinate}
                     ^
LOCAL_HOME/Developer/sqe-platform-release-layout/ios/ACEClientApp/ACEClientAppUITests/ACEClientAppUITests.swift:900:18: note: add '@MainActor' to make instance method 'drag(_:upward:)' part of global actor 'MainActor'
    private func drag(_ scrollView: XCUIElement, upward: Bool) {
                 ^
    @MainActor 
LOCAL_HOME/Developer/sqe-platform-release-layout/ios/ACEClientApp/ACEClientAppUITests/ACEClientAppUITests.swift:904:30: warning: call to main actor-isolated instance method 'coordinate(withNormalizedOffset:)' in a synchronous nonisolated context
        let end = scrollView.coordinate(withNormalizedOffset: CGVector(dx: 0.5, dy: endY))
                             ^
XCUIAutomation.XCUIElement.coordinate:2:22: note: calls to instance method 'coordinate(withNormalizedOffset:)' from outside of its actor context are implicitly asynchronous
@MainActor open func coordinate(withNormalizedOffset normalizedOffset: CGVector) -> XCUICoordinate}
                     ^
LOCAL_HOME/Developer/sqe-platform-release-layout/ios/ACEClientApp/ACEClientAppUITests/ACEClientAppUITests.swift:900:18: note: add '@MainActor' to make instance method 'drag(_:upward:)' part of global actor 'MainActor'
    private func drag(_ scrollView: XCUIElement, upward: Bool) {
                 ^
    @MainActor 
LOCAL_HOME/Developer/sqe-platform-release-layout/ios/ACEClientApp/ACEClientAppUITests/ACEClientAppUITests.swift:905:15: warning: call to main actor-isolated instance method 'press(forDuration:thenDragTo:)' in a synchronous nonisolated context
        start.press(forDuration: 0.05, thenDragTo: end)
              ^
XCUIAutomation.XCUICoordinate.press:2:22: note: calls to instance method 'press(forDuration:thenDragTo:)' from outside of its actor context are implicitly asynchronous
@MainActor open func press(forDuration duration: TimeInterval, thenDragTo otherCoordinate: XCUICoordinate)}
                     ^
LOCAL_HOME/Developer/sqe-platform-release-layout/ios/ACEClientApp/ACEClientAppUITests/ACEClientAppUITests.swift:900:18: note: add '@MainActor' to make instance method 'drag(_:upward:)' part of global actor 'MainActor'
    private func drag(_ scrollView: XCUIElement, upward: Bool) {
                 ^
    @MainActor 
LOCAL_HOME/Developer/sqe-platform-release-layout/ios/ACEClientApp/ACEClientAppUITests/ACEClientAppUITests.swift:913:68: warning: call to main actor-isolated instance method 'screenshot()' in a synchronous nonisolated context
        let screenshot = XCTAttachment(screenshot: snapshot ?? app.screenshot())
                                                                   ^
XCUIAutomation.XCUIElement.screenshot:2:22: note: calls to instance method 'screenshot()' from outside of its actor context are implicitly asynchronous
@MainActor open func screenshot() -> XCUIScreenshot}
                     ^
LOCAL_HOME/Developer/sqe-platform-release-layout/ios/ACEClientApp/ACEClientAppUITests/ACEClientAppUITests.swift:921:35: warning: main actor-isolated property 'allElementsBoundByIndex' can not be referenced from a nonisolated context
        for button in app.buttons.allElementsBoundByIndex where button.isHittable {
                                  ^
/Applications/Xcode.app/Contents/Developer/Platforms/iPhoneSimulator.platform/Developer/Library/Frameworks/XCUIAutomation.framework/Headers/XCUIElementQuery.h:52:52: note: property declared here
@property (readonly, copy) NSArray<XCUIElement *> *allElementsBoundByIndex;
                                                   ^
LOCAL_HOME/Developer/sqe-platform-release-layout/ios/ACEClientApp/ACEClientAppUITests/ACEClientAppUITests.swift:919:18: note: add '@MainActor' to make instance method 'assertMinimumActionTargets(in:file:line:)' part of global actor 'MainActor'
    private func assertMinimumActionTargets(in app: XCUIApplication, file: StaticString = #filePath, line: UInt = #line) {
                 ^
    @MainActor 
LOCAL_HOME/Developer/sqe-platform-release-layout/ios/ACEClientApp/ACEClientAppUITests/ACEClientAppUITests.swift:921:27: warning: main actor-isolated property 'buttons' can not be referenced from a nonisolated context
        for button in app.buttons.allElementsBoundByIndex where button.isHittable {
                          ^
/Applications/Xcode.app/Contents/Developer/Platforms/iPhoneSimulator.platform/Developer/Library/Frameworks/XCUIAutomation.framework/Headers/XCUIElementTypeQueryProvider.h:22:46: note: property declared here
@property (readonly, copy) XCUIElementQuery *buttons;
                                             ^
LOCAL_HOME/Developer/sqe-platform-release-layout/ios/ACEClientApp/ACEClientAppUITests/ACEClientAppUITests.swift:919:18: note: add '@MainActor' to make instance method 'assertMinimumActionTargets(in:file:line:)' part of global actor 'MainActor'
    private func assertMinimumActionTargets(in app: XCUIApplication, file: StaticString = #filePath, line: UInt = #line) {
                 ^
    @MainActor 
LOCAL_HOME/Developer/sqe-platform-release-layout/ios/ACEClientApp/ACEClientAppUITests/ACEClientAppUITests.swift:921:72: warning: main actor-isolated property 'isHittable' can not be referenced from a nonisolated context
        for button in app.buttons.allElementsBoundByIndex where button.isHittable {
                                                                       ^
/Applications/Xcode.app/Contents/Developer/Platforms/iPhoneSimulator.platform/Developer/Library/Frameworks/XCUIAutomation.framework/Headers/XCUIElement.h:63:48: note: property declared here
@property (readonly, getter = isHittable) BOOL hittable;
                                               ^
LOCAL_HOME/Developer/sqe-platform-release-layout/ios/ACEClientApp/ACEClientAppUITests/ACEClientAppUITests.swift:919:18: note: add '@MainActor' to make instance method 'assertMinimumActionTargets(in:file:line:)' part of global actor 'MainActor'
    private func assertMinimumActionTargets(in app: XCUIApplication, file: StaticString = #filePath, line: UInt = #line) {
                 ^
    @MainActor 
LOCAL_HOME/Developer/sqe-platform-release-layout/ios/ACEClientApp/ACEClientAppUITests/ACEClientAppUITests.swift:923:42: warning: main actor-isolated property 'frame' can not be referenced from a nonisolated autoclosure
                isAtLeast44Points(button.frame.width),
                                         ^
/Applications/Xcode.app/Contents/Developer/Platforms/iPhoneSimulator.platform/Developer/Library/Frameworks/XCUIAutomation.framework/Headers/XCUIElementAttributes.h:38:29: note: property declared here
@property (readonly) CGRect frame;
                            ^
LOCAL_HOME/Developer/sqe-platform-release-layout/ios/ACEClientApp/ACEClientAppUITests/ACEClientAppUITests.swift:924:47: warning: main actor-isolated property 'label' can not be referenced from a nonisolated autoclosure
                actionTargetDiagnostic(button.label, dimension: "width", measurement: button.frame.width),
                                              ^
/Applications/Xcode.app/Contents/Developer/Platforms/iPhoneSimulator.platform/Developer/Library/Frameworks/XCUIAutomation.framework/Headers/XCUIElementAttributes.h:47:38: note: property declared here
@property (readonly, copy) NSString *label;
                                     ^
LOCAL_HOME/Developer/sqe-platform-release-layout/ios/ACEClientApp/ACEClientAppUITests/ACEClientAppUITests.swift:924:94: warning: main actor-isolated property 'frame' can not be referenced from a nonisolated autoclosure
                actionTargetDiagnostic(button.label, dimension: "width", measurement: button.frame.width),
                                                                                             ^
/Applications/Xcode.app/Contents/Developer/Platforms/iPhoneSimulator.platform/Developer/Library/Frameworks/XCUIAutomation.framework/Headers/XCUIElementAttributes.h:38:29: note: property declared here
@property (readonly) CGRect frame;
                            ^
LOCAL_HOME/Developer/sqe-platform-release-layout/ios/ACEClientApp/ACEClientAppUITests/ACEClientAppUITests.swift:929:42: warning: main actor-isolated property 'frame' can not be referenced from a nonisolated autoclosure
                isAtLeast44Points(button.frame.height),
                                         ^
/Applications/Xcode.app/Contents/Developer/Platforms/iPhoneSimulator.platform/Developer/Library/Frameworks/XCUIAutomation.framework/Headers/XCUIElementAttributes.h:38:29: note: property declared here
@property (readonly) CGRect frame;
                            ^
LOCAL_HOME/Developer/sqe-platform-release-layout/ios/ACEClientApp/ACEClientAppUITests/ACEClientAppUITests.swift:930:47: warning: main actor-isolated property 'label' can not be referenced from a nonisolated autoclosure
                actionTargetDiagnostic(button.label, dimension: "height", measurement: button.frame.height),
                                              ^
/Applications/Xcode.app/Contents/Developer/Platforms/iPhoneSimulator.platform/Developer/Library/Frameworks/XCUIAutomation.framework/Headers/XCUIElementAttributes.h:47:38: note: property declared here
@property (readonly, copy) NSString *label;
                                     ^
LOCAL_HOME/Developer/sqe-platform-release-layout/ios/ACEClientApp/ACEClientAppUITests/ACEClientAppUITests.swift:930:95: warning: main actor-isolated property 'frame' can not be referenced from a nonisolated autoclosure
                actionTargetDiagnostic(button.label, dimension: "height", measurement: button.frame.height),
                                                                                              ^
/Applications/Xcode.app/Contents/Developer/Platforms/iPhoneSimulator.platform/Developer/Library/Frameworks/XCUIAutomation.framework/Headers/XCUIElementAttributes.h:38:29: note: property declared here
@property (readonly) CGRect frame;
                            ^
LOCAL_HOME/Developer/sqe-platform-release-layout/ios/ACEClientApp/ACEClientAppUITests/ACEClientAppUITests.swift:968:38: warning: main actor-isolated property 'frame' can not be referenced from a nonisolated context
        (app.staticTexts["Action 1"].frame, app.staticTexts["Action status: OPEN"].frame)
                                     ^
/Applications/Xcode.app/Contents/Developer/Platforms/iPhoneSimulator.platform/Developer/Library/Frameworks/XCUIAutomation.framework/Headers/XCUIElementAttributes.h:38:29: note: property declared here
@property (readonly) CGRect frame;
                            ^
LOCAL_HOME/Developer/sqe-platform-release-layout/ios/ACEClientApp/ACEClientAppUITests/ACEClientAppUITests.swift:967:18: note: add '@MainActor' to make instance method 'releaseContrastProbeFrames(in:)' part of global actor 'MainActor'
    private func releaseContrastProbeFrames(in app: XCUIApplication) -> (actionHeader: CGRect, actionStatusField: CGRect) {
                 ^
    @MainActor 
LOCAL_HOME/Developer/sqe-platform-release-layout/ios/ACEClientApp/ACEClientAppUITests/ACEClientAppUITests.swift:968:25: warning: main actor-isolated subscript 'subscript(_:)' can not be referenced from a nonisolated context
        (app.staticTexts["Action 1"].frame, app.staticTexts["Action status: OPEN"].frame)
                        ^
XCUIAutomation.XCUIElementQuery.subscript:2:17: note: subscript declared here
@MainActor open subscript(key: String) -> XCUIElement { get }}
                ^
LOCAL_HOME/Developer/sqe-platform-release-layout/ios/ACEClientApp/ACEClientAppUITests/ACEClientAppUITests.swift:967:18: note: add '@MainActor' to make instance method 'releaseContrastProbeFrames(in:)' part of global actor 'MainActor'
    private func releaseContrastProbeFrames(in app: XCUIApplication) -> (actionHeader: CGRect, actionStatusField: CGRect) {
                 ^
    @MainActor 
LOCAL_HOME/Developer/sqe-platform-release-layout/ios/ACEClientApp/ACEClientAppUITests/ACEClientAppUITests.swift:968:14: warning: main actor-isolated property 'staticTexts' can not be referenced from a nonisolated context
        (app.staticTexts["Action 1"].frame, app.staticTexts["Action status: OPEN"].frame)
             ^
/Applications/Xcode.app/Contents/Developer/Platforms/iPhoneSimulator.platform/Developer/Library/Frameworks/XCUIAutomation.framework/Headers/XCUIElementTypeQueryProvider.h:62:46: note: property declared here
@property (readonly, copy) XCUIElementQuery *staticTexts;
                                             ^
LOCAL_HOME/Developer/sqe-platform-release-layout/ios/ACEClientApp/ACEClientAppUITests/ACEClientAppUITests.swift:967:18: note: add '@MainActor' to make instance method 'releaseContrastProbeFrames(in:)' part of global actor 'MainActor'
    private func releaseContrastProbeFrames(in app: XCUIApplication) -> (actionHeader: CGRect, actionStatusField: CGRect) {
                 ^
    @MainActor 
LOCAL_HOME/Developer/sqe-platform-release-layout/ios/ACEClientApp/ACEClientAppUITests/ACEClientAppUITests.swift:968:84: warning: main actor-isolated property 'frame' can not be referenced from a nonisolated context
        (app.staticTexts["Action 1"].frame, app.staticTexts["Action status: OPEN"].frame)
                                                                                   ^
/Applications/Xcode.app/Contents/Developer/Platforms/iPhoneSimulator.platform/Developer/Library/Frameworks/XCUIAutomation.framework/Headers/XCUIElementAttributes.h:38:29: note: property declared here
@property (readonly) CGRect frame;
                            ^
LOCAL_HOME/Developer/sqe-platform-release-layout/ios/ACEClientApp/ACEClientAppUITests/ACEClientAppUITests.swift:967:18: note: add '@MainActor' to make instance method 'releaseContrastProbeFrames(in:)' part of global actor 'MainActor'
    private func releaseContrastProbeFrames(in app: XCUIApplication) -> (actionHeader: CGRect, actionStatusField: CGRect) {
                 ^
    @MainActor 
LOCAL_HOME/Developer/sqe-platform-release-layout/ios/ACEClientApp/ACEClientAppUITests/ACEClientAppUITests.swift:968:60: warning: main actor-isolated subscript 'subscript(_:)' can not be referenced from a nonisolated context
        (app.staticTexts["Action 1"].frame, app.staticTexts["Action status: OPEN"].frame)
                                                           ^
XCUIAutomation.XCUIElementQuery.subscript:2:17: note: subscript declared here
@MainActor open subscript(key: String) -> XCUIElement { get }}
                ^
LOCAL_HOME/Developer/sqe-platform-release-layout/ios/ACEClientApp/ACEClientAppUITests/ACEClientAppUITests.swift:967:18: note: add '@MainActor' to make instance method 'releaseContrastProbeFrames(in:)' part of global actor 'MainActor'
    private func releaseContrastProbeFrames(in app: XCUIApplication) -> (actionHeader: CGRect, actionStatusField: CGRect) {
                 ^
    @MainActor 
LOCAL_HOME/Developer/sqe-platform-release-layout/ios/ACEClientApp/ACEClientAppUITests/ACEClientAppUITests.swift:968:49: warning: main actor-isolated property 'staticTexts' can not be referenced from a nonisolated context
        (app.staticTexts["Action 1"].frame, app.staticTexts["Action status: OPEN"].frame)
                                                ^
/Applications/Xcode.app/Contents/Developer/Platforms/iPhoneSimulator.platform/Developer/Library/Frameworks/XCUIAutomation.framework/Headers/XCUIElementTypeQueryProvider.h:62:46: note: property declared here
@property (readonly, copy) XCUIElementQuery *staticTexts;
                                             ^
LOCAL_HOME/Developer/sqe-platform-release-layout/ios/ACEClientApp/ACEClientAppUITests/ACEClientAppUITests.swift:967:18: note: add '@MainActor' to make instance method 'releaseContrastProbeFrames(in:)' part of global actor 'MainActor'
    private func releaseContrastProbeFrames(in app: XCUIApplication) -> (actionHeader: CGRect, actionStatusField: CGRect) {
                 ^
    @MainActor 
LOCAL_HOME/Developer/sqe-platform-release-layout/ios/ACEClientApp/ACEClientAppUITests/ACEClientAppUITests.swift:997:17: warning: call to main actor-isolated instance method 'performAccessibilityAudit(for:_:)' in a synchronous nonisolated context
        try app.performAccessibilityAudit(for: .all, auditIssueHandler)
                ^
XCUIAutomation.XCUIApplication.performAccessibilityAudit:3:51: note: calls to instance method 'performAccessibilityAudit(for:_:)' from outside of its actor context are implicitly asynchronous
  @MainActor @nonobjc @preconcurrency public func performAccessibilityAudit(for auditTypes: XCUIAccessibilityAuditType = .all, _ issueHandler: ((XCUIAccessibilityAuditIssue) throws -> Bool)? = nil) throws}
                                                  ^
LOCAL_HOME/Developer/sqe-platform-release-layout/ios/ACEClientApp/ACEClientAppUITests/ACEClientAppUITests.swift:990:18: note: add '@MainActor' to make instance method 'assertAccessibilityAudit(in:scenario:)' part of global actor 'MainActor'
    private func assertAccessibilityAudit(in app: XCUIApplication, scenario: String) throws {
                 ^
    @MainActor 
LOCAL_HOME/Developer/sqe-platform-release-layout/ios/ACEClientApp/ACEClientAppUITests/ACEClientAppUITests.swift:1007:69: warning: main actor-isolated property 'identifier' can not be referenced from a nonisolated context
            element["identifier"] = limitedAuditText(auditedElement.identifier)
                                                                    ^
/Applications/Xcode.app/Contents/Developer/Platforms/iPhoneSimulator.platform/Developer/Library/Frameworks/XCUIAutomation.framework/Headers/XCUIElementAttributes.h:35:32: note: property declared here
@property (readonly) NSString *identifier;
                               ^
LOCAL_HOME/Developer/sqe-platform-release-layout/ios/ACEClientApp/ACEClientAppUITests/ACEClientAppUITests.swift:1000:25: note: add '@MainActor' to make static method 'accessibilityIssueJSON(_:scenario:)' part of global actor 'MainActor'
    private static func accessibilityIssueJSON(_ issue: XCUIAccessibilityAuditIssue, scenario: String) -> String {
                        ^
    @MainActor 
LOCAL_HOME/Developer/sqe-platform-release-layout/ios/ACEClientApp/ACEClientAppUITests/ACEClientAppUITests.swift:1008:64: warning: main actor-isolated property 'label' can not be referenced from a nonisolated context
            element["label"] = limitedAuditText(auditedElement.label)
                                                               ^
/Applications/Xcode.app/Contents/Developer/Platforms/iPhoneSimulator.platform/Developer/Library/Frameworks/XCUIAutomation.framework/Headers/XCUIElementAttributes.h:47:38: note: property declared here
@property (readonly, copy) NSString *label;
                                     ^
LOCAL_HOME/Developer/sqe-platform-release-layout/ios/ACEClientApp/ACEClientAppUITests/ACEClientAppUITests.swift:1000:25: note: add '@MainActor' to make static method 'accessibilityIssueJSON(_:scenario:)' part of global actor 'MainActor'
    private static func accessibilityIssueJSON(_ issue: XCUIAccessibilityAuditIssue, scenario: String) -> String {
                        ^
    @MainActor 
LOCAL_HOME/Developer/sqe-platform-release-layout/ios/ACEClientApp/ACEClientAppUITests/ACEClientAppUITests.swift:1009:82: warning: main actor-isolated property 'elementType' can not be referenced from a nonisolated context
            element["type"] = limitedAuditText(String(describing: auditedElement.elementType))
                                                                                 ^
/Applications/Xcode.app/Contents/Developer/Platforms/iPhoneSimulator.platform/Developer/Library/Frameworks/XCUIAutomation.framework/Headers/XCUIElementAttributes.h:50:38: note: property declared here
@property (readonly) XCUIElementType elementType;
                                     ^
LOCAL_HOME/Developer/sqe-platform-release-layout/ios/ACEClientApp/ACEClientAppUITests/ACEClientAppUITests.swift:1000:25: note: add '@MainActor' to make static method 'accessibilityIssueJSON(_:scenario:)' part of global actor 'MainActor'
    private static func accessibilityIssueJSON(_ issue: XCUIAccessibilityAuditIssue, scenario: String) -> String {
                        ^
    @MainActor 
LOCAL_HOME/Developer/sqe-platform-release-layout/ios/ACEClientApp/ACEClientAppUITests/ACEClientAppUITests.swift:1010:40: warning: main actor-isolated property 'frame' can not be referenced from a nonisolated context
            let frame = auditedElement.frame
                                       ^
/Applications/Xcode.app/Contents/Developer/Platforms/iPhoneSimulator.platform/Developer/Library/Frameworks/XCUIAutomation.framework/Headers/XCUIElementAttributes.h:38:29: note: property declared here
@property (readonly) CGRect frame;
                            ^
LOCAL_HOME/Developer/sqe-platform-release-layout/ios/ACEClientApp/ACEClientAppUITests/ACEClientAppUITests.swift:1000:25: note: add '@MainActor' to make static method 'accessibilityIssueJSON(_:scenario:)' part of global actor 'MainActor'
    private static func accessibilityIssueJSON(_ issue: XCUIAccessibilityAuditIssue, scenario: String) -> String {
                        ^
    @MainActor 

Cache miss
SwiftDriverJobDiscovery normal x86_64 Emitting module for ACEClientAppUITests (in target 'ACEClientAppUITests' from project 'ACEClientApp')

SwiftDriver\ Compilation\ Requirements ACEClientAppUITests normal x86_64 com.apple.xcode.tools.swift.compiler (in target 'ACEClientAppUITests' from project 'ACEClientApp')
    cd LOCAL_HOME/Developer/sqe-platform-release-layout/ios/ACEClientApp
    builtin-Swift-Compilation-Requirements -- /Applications/Xcode.app/Contents/Developer/Toolchains/XcodeDefault.xctoolchain/usr/bin/swiftc -module-name ACEClientAppUITests -O @LOCAL_HOME/ace-private/mcx19b-implementation-20260914/pilot-preparation-20260915/settings-observation-fix/build/Build/Intermediates.noindex/ACEClientApp.build/Debug-iphonesimulator/ACEClientAppUITests.build/Objects-normal/x86_64/ACEClientAppUITests.SwiftFileList -module-alias Testing\=_Testing_Unavailable -plugin-path /Applications/Xcode.app/Contents/Developer/Toolchains/XcodeDefault.xctoolchain/usr/lib/swift/host/plugins/testing -enable-experimental-feature DebugDescriptionMacro -sdk /Applications/Xcode.app/Contents/Developer/Platforms/iPhoneSimulator.platform/Developer/SDKs/iPhoneSimulator26.4.sdk -target x86_64-apple-ios26.0-simulator -g -module-cache-path LOCAL_HOME/ace-private/mcx19b-implementation-20260914/pilot-preparation-20260915/settings-observation-fix/build/ModuleCache.noindex -Xfrontend -serialize-debugging-options -swift-version 6 -I LOCAL_HOME/ace-private/mcx19b-implementation-20260914/pilot-preparation-20260915/settings-observation-fix/build/Build/Products/Debug-iphonesimulator -Isystem /Applications/Xcode.app/Contents/Developer/Platforms/iPhoneSimulator.platform/Developer/usr/lib -F LOCAL_HOME/ace-private/mcx19b-implementation-20260914/pilot-preparation-20260915/settings-observation-fix/build/Build/Products/Debug-iphonesimulator -F /Applications/Xcode.app/Contents/Developer/Platforms/iPhoneSimulator.platform/Developer/Library/Frameworks -F /Applications/Xcode.app/Contents/Developer/Platforms/iPhoneSimulator.platform/Developer/SDKs/iPhoneSimulator26.4.sdk/Developer/Library/Frameworks -parse-as-library -c -j16 -enable-batch-mode -incremental -output-file-map LOCAL_HOME/ace-private/mcx19b-implementation-20260914/pilot-preparation-20260915/settings-observation-fix/build/Build/Intermediates.noindex/ACEClientApp.build/Debug-iphonesimulator/ACEClientAppUITests.build/Objects-normal/x86_64/ACEClientAppUITests-OutputFileMap.json -use-frontend-parseable-output -save-temps -no-color-diagnostics -explicit-module-build -module-cache-path LOCAL_HOME/ace-private/mcx19b-implementation-20260914/pilot-preparation-20260915/settings-observation-fix/build/Build/Intermediates.noindex/SwiftExplicitPrecompiledModules -clang-scanner-module-cache-path LOCAL_HOME/ace-private/mcx19b-implementation-20260914/pilot-preparation-20260915/settings-observation-fix/build/ModuleCache.noindex -sdk-module-cache-path LOCAL_HOME/ace-private/mcx19b-implementation-20260914/pilot-preparation-20260915/settings-observation-fix/build/ModuleCache.noindex -cache-compile-job -cas-path LOCAL_HOME/ace-private/mcx19b-implementation-20260914/pilot-preparation-20260915/settings-observation-fix/build/CompilationCache.noindex/builtin -serialize-diagnostics -emit-dependencies -emit-module -emit-module-path LOCAL_HOME/ace-private/mcx19b-implementation-20260914/pilot-preparation-20260915/settings-observation-fix/build/Build/Intermediates.noindex/ACEClientApp.build/Debug-iphonesimulator/ACEClientAppUITests.build/Objects-normal/x86_64/ACEClientAppUITests.swiftmodule -validate-clang-modules-once -clang-build-session-file LOCAL_HOME/ace-private/mcx19b-implementation-20260914/pilot-preparation-20260915/settings-observation-fix/build/ModuleCache.noindex/Session.modulevalidation -Xcc -ILOCAL_HOME/ace-private/mcx19b-implementation-20260914/pilot-preparation-20260915/settings-observation-fix/build/Build/Intermediates.noindex/ACEClientApp.build/Debug-iphonesimulator/ACEClientAppUITests.build/swift-overrides.hmap -emit-const-values -Xfrontend -const-gather-protocols-file -Xfrontend LOCAL_HOME/ace-private/mcx19b-implementation-20260914/pilot-preparation-20260915/settings-observation-fix/build/Build/Intermediates.noindex/ACEClientApp.build/Debug-iphonesimulator/ACEClientAppUITests.build/Objects-normal/x86_64/ACEClientAppUITests_const_extract_protocols.json -Xcc -iquote -Xcc LOCAL_HOME/ace-private/mcx19b-implementation-20260914/pilot-preparation-20260915/settings-observation-fix/build/Build/Intermediates.noindex/ACEClientApp.build/Debug-iphonesimulator/ACEClientAppUITests.build/ACEClientAppUITests-generated-files.hmap -Xcc -ILOCAL_HOME/ace-private/mcx19b-implementation-20260914/pilot-preparation-20260915/settings-observation-fix/build/Build/Intermediates.noindex/ACEClientApp.build/Debug-iphonesimulator/ACEClientAppUITests.build/ACEClientAppUITests-own-target-headers.hmap -Xcc -ILOCAL_HOME/ace-private/mcx19b-implementation-20260914/pilot-preparation-20260915/settings-observation-fix/build/Build/Intermediates.noindex/ACEClientApp.build/Debug-iphonesimulator/ACEClientAppUITests.build/ACEClientAppUITests-all-target-headers.hmap -Xcc -iquote -Xcc LOCAL_HOME/ace-private/mcx19b-implementation-20260914/pilot-preparation-20260915/settings-observation-fix/build/Build/Intermediates.noindex/ACEClientApp.build/Debug-iphonesimulator/ACEClientAppUITests.build/ACEClientAppUITests-project-headers.hmap -Xcc -ILOCAL_HOME/ace-private/mcx19b-implementation-20260914/pilot-preparation-20260915/settings-observation-fix/build/Build/Products/Debug-iphonesimulator/include -Xcc -ILOCAL_HOME/ace-private/mcx19b-implementation-20260914/pilot-preparation-20260915/settings-observation-fix/build/Build/Intermediates.noindex/ACEClientApp.build/Debug-iphonesimulator/ACEClientAppUITests.build/DerivedSources-normal/x86_64 -Xcc -ILOCAL_HOME/ace-private/mcx19b-implementation-20260914/pilot-preparation-20260915/settings-observation-fix/build/Build/Intermediates.noindex/ACEClientApp.build/Debug-iphonesimulator/ACEClientAppUITests.build/DerivedSources/x86_64 -Xcc -ILOCAL_HOME/ace-private/mcx19b-implementation-20260914/pilot-preparation-20260915/settings-observation-fix/build/Build/Intermediates.noindex/ACEClientApp.build/Debug-iphonesimulator/ACEClientAppUITests.build/DerivedSources -emit-objc-header -emit-objc-header-path LOCAL_HOME/ace-private/mcx19b-implementation-20260914/pilot-preparation-20260915/settings-observation-fix/build/Build/Intermediates.noindex/ACEClientApp.build/Debug-iphonesimulator/ACEClientAppUITests.build/Objects-normal/x86_64/ACEClientAppUITests-Swift.h -working-directory LOCAL_HOME/Developer/sqe-platform-release-layout/ios/ACEClientApp -experimental-emit-module-separately -disable-cmo

SwiftMergeGeneratedHeaders LOCAL_HOME/ace-private/mcx19b-implementation-20260914/pilot-preparation-20260915/settings-observation-fix/build/Build/Intermediates.noindex/ACEClientApp.build/Debug-iphonesimulator/ACEClientAppUITests.build/DerivedSources/ACEClientAppUITests-Swift.h LOCAL_HOME/ace-private/mcx19b-implementation-20260914/pilot-preparation-20260915/settings-observation-fix/build/Build/Intermediates.noindex/ACEClientApp.build/Debug-iphonesimulator/ACEClientAppUITests.build/Objects-normal/x86_64/ACEClientAppUITests-Swift.h (in target 'ACEClientAppUITests' from project 'ACEClientApp')
    cd LOCAL_HOME/Developer/sqe-platform-release-layout/ios/ACEClientApp
    builtin-swiftHeaderTool -arch x86_64 LOCAL_HOME/ace-private/mcx19b-implementation-20260914/pilot-preparation-20260915/settings-observation-fix/build/Build/Intermediates.noindex/ACEClientApp.build/Debug-iphonesimulator/ACEClientAppUITests.build/Objects-normal/x86_64/ACEClientAppUITests-Swift.h -o LOCAL_HOME/ace-private/mcx19b-implementation-20260914/pilot-preparation-20260915/settings-observation-fix/build/Build/Intermediates.noindex/ACEClientApp.build/Debug-iphonesimulator/ACEClientAppUITests.build/DerivedSources/ACEClientAppUITests-Swift.h

Copy LOCAL_HOME/ace-private/mcx19b-implementation-20260914/pilot-preparation-20260915/settings-observation-fix/build/Build/Products/Debug-iphonesimulator/ACEClientAppUITests.swiftmodule/x86_64-apple-ios-simulator.abi.json LOCAL_HOME/ace-private/mcx19b-implementation-20260914/pilot-preparation-20260915/settings-observation-fix/build/Build/Intermediates.noindex/ACEClientApp.build/Debug-iphonesimulator/ACEClientAppUITests.build/Objects-normal/x86_64/ACEClientAppUITests.abi.json (in target 'ACEClientAppUITests' from project 'ACEClientApp')
    cd LOCAL_HOME/Developer/sqe-platform-release-layout/ios/ACEClientApp
    builtin-copy -exclude .DS_Store -exclude CVS -exclude .svn -exclude .git -exclude .hg -strip-unsigned-binaries -strip-deterministic -strip-tool /Applications/Xcode.app/Contents/Developer/Toolchains/XcodeDefault.xctoolchain/usr/bin/strip -resolve-src-symlinks -rename LOCAL_HOME/ace-private/mcx19b-implementation-20260914/pilot-preparation-20260915/settings-observation-fix/build/Build/Intermediates.noindex/ACEClientApp.build/Debug-iphonesimulator/ACEClientAppUITests.build/Objects-normal/x86_64/ACEClientAppUITests.abi.json LOCAL_HOME/ace-private/mcx19b-implementation-20260914/pilot-preparation-20260915/settings-observation-fix/build/Build/Products/Debug-iphonesimulator/ACEClientAppUITests.swiftmodule/x86_64-apple-ios-simulator.abi.json

Copy LOCAL_HOME/ace-private/mcx19b-implementation-20260914/pilot-preparation-20260915/settings-observation-fix/build/Build/Products/Debug-iphonesimulator/ACEClientAppUITests.swiftmodule/x86_64-apple-ios-simulator.swiftdoc LOCAL_HOME/ace-private/mcx19b-implementation-20260914/pilot-preparation-20260915/settings-observation-fix/build/Build/Intermediates.noindex/ACEClientApp.build/Debug-iphonesimulator/ACEClientAppUITests.build/Objects-normal/x86_64/ACEClientAppUITests.swiftdoc (in target 'ACEClientAppUITests' from project 'ACEClientApp')
    cd LOCAL_HOME/Developer/sqe-platform-release-layout/ios/ACEClientApp
    builtin-copy -exclude .DS_Store -exclude CVS -exclude .svn -exclude .git -exclude .hg -strip-unsigned-binaries -strip-deterministic -strip-tool /Applications/Xcode.app/Contents/Developer/Toolchains/XcodeDefault.xctoolchain/usr/bin/strip -resolve-src-symlinks -rename LOCAL_HOME/ace-private/mcx19b-implementation-20260914/pilot-preparation-20260915/settings-observation-fix/build/Build/Intermediates.noindex/ACEClientApp.build/Debug-iphonesimulator/ACEClientAppUITests.build/Objects-normal/x86_64/ACEClientAppUITests.swiftdoc LOCAL_HOME/ace-private/mcx19b-implementation-20260914/pilot-preparation-20260915/settings-observation-fix/build/Build/Products/Debug-iphonesimulator/ACEClientAppUITests.swiftmodule/x86_64-apple-ios-simulator.swiftdoc

Copy LOCAL_HOME/ace-private/mcx19b-implementation-20260914/pilot-preparation-20260915/settings-observation-fix/build/Build/Products/Debug-iphonesimulator/ACEClientAppUITests.swiftmodule/x86_64-apple-ios-simulator.swiftmodule LOCAL_HOME/ace-private/mcx19b-implementation-20260914/pilot-preparation-20260915/settings-observation-fix/build/Build/Intermediates.noindex/ACEClientApp.build/Debug-iphonesimulator/ACEClientAppUITests.build/Objects-normal/x86_64/ACEClientAppUITests.swiftmodule (in target 'ACEClientAppUITests' from project 'ACEClientApp')
    cd LOCAL_HOME/Developer/sqe-platform-release-layout/ios/ACEClientApp
    builtin-copy -exclude .DS_Store -exclude CVS -exclude .svn -exclude .git -exclude .hg -strip-unsigned-binaries -strip-deterministic -strip-tool /Applications/Xcode.app/Contents/Developer/Toolchains/XcodeDefault.xctoolchain/usr/bin/strip -resolve-src-symlinks -rename LOCAL_HOME/ace-private/mcx19b-implementation-20260914/pilot-preparation-20260915/settings-observation-fix/build/Build/Intermediates.noindex/ACEClientApp.build/Debug-iphonesimulator/ACEClientAppUITests.build/Objects-normal/x86_64/ACEClientAppUITests.swiftmodule LOCAL_HOME/ace-private/mcx19b-implementation-20260914/pilot-preparation-20260915/settings-observation-fix/build/Build/Products/Debug-iphonesimulator/ACEClientAppUITests.swiftmodule/x86_64-apple-ios-simulator.swiftmodule

Copy LOCAL_HOME/ace-private/mcx19b-implementation-20260914/pilot-preparation-20260915/settings-observation-fix/build/Build/Products/Debug-iphonesimulator/ACEClientAppUITests.swiftmodule/Project/x86_64-apple-ios-simulator.swiftsourceinfo LOCAL_HOME/ace-private/mcx19b-implementation-20260914/pilot-preparation-20260915/settings-observation-fix/build/Build/Intermediates.noindex/ACEClientApp.build/Debug-iphonesimulator/ACEClientAppUITests.build/Objects-normal/x86_64/ACEClientAppUITests.swiftsourceinfo (in target 'ACEClientAppUITests' from project 'ACEClientApp')
    cd LOCAL_HOME/Developer/sqe-platform-release-layout/ios/ACEClientApp
    builtin-copy -exclude .DS_Store -exclude CVS -exclude .svn -exclude .git -exclude .hg -strip-unsigned-binaries -strip-deterministic -strip-tool /Applications/Xcode.app/Contents/Developer/Toolchains/XcodeDefault.xctoolchain/usr/bin/strip -resolve-src-symlinks -rename LOCAL_HOME/ace-private/mcx19b-implementation-20260914/pilot-preparation-20260915/settings-observation-fix/build/Build/Intermediates.noindex/ACEClientApp.build/Debug-iphonesimulator/ACEClientAppUITests.build/Objects-normal/x86_64/ACEClientAppUITests.swiftsourceinfo LOCAL_HOME/ace-private/mcx19b-implementation-20260914/pilot-preparation-20260915/settings-observation-fix/build/Build/Products/Debug-iphonesimulator/ACEClientAppUITests.swiftmodule/Project/x86_64-apple-ios-simulator.swiftsourceinfo

SwiftDriverJobDiscovery normal x86_64 Compiling Views.swift (in target 'ACEClientApp' from project 'ACEClientApp')

SwiftDriver\ Compilation ACEClientApp normal x86_64 com.apple.xcode.tools.swift.compiler (in target 'ACEClientApp' from project 'ACEClientApp')
    cd LOCAL_HOME/Developer/sqe-platform-release-layout/ios/ACEClientApp
    builtin-Swift-Compilation -- /Applications/Xcode.app/Contents/Developer/Toolchains/XcodeDefault.xctoolchain/usr/bin/swiftc -module-name ACEClientApp -O @LOCAL_HOME/ace-private/mcx19b-implementation-20260914/pilot-preparation-20260915/settings-observation-fix/build/Build/Intermediates.noindex/ACEClientApp.build/Debug-iphonesimulator/ACEClientApp.build/Objects-normal/x86_64/ACEClientApp.SwiftFileList -DDEBUG -enable-experimental-feature DebugDescriptionMacro -sdk /Applications/Xcode.app/Contents/Developer/Platforms/iPhoneSimulator.platform/Developer/SDKs/iPhoneSimulator26.4.sdk -target x86_64-apple-ios26.0-simulator -g -module-cache-path LOCAL_HOME/ace-private/mcx19b-implementation-20260914/pilot-preparation-20260915/settings-observation-fix/build/ModuleCache.noindex -Xfrontend -serialize-debugging-options -swift-version 6 -I LOCAL_HOME/ace-private/mcx19b-implementation-20260914/pilot-preparation-20260915/settings-observation-fix/build/Build/Products/Debug-iphonesimulator -F LOCAL_HOME/ace-private/mcx19b-implementation-20260914/pilot-preparation-20260915/settings-observation-fix/build/Build/Products/Debug-iphonesimulator -c -j16 -enable-batch-mode -incremental -output-file-map LOCAL_HOME/ace-private/mcx19b-implementation-20260914/pilot-preparation-20260915/settings-observation-fix/build/Build/Intermediates.noindex/ACEClientApp.build/Debug-iphonesimulator/ACEClientApp.build/Objects-normal/x86_64/ACEClientApp-OutputFileMap.json -use-frontend-parseable-output -save-temps -no-color-diagnostics -explicit-module-build -module-cache-path LOCAL_HOME/ace-private/mcx19b-implementation-20260914/pilot-preparation-20260915/settings-observation-fix/build/Build/Intermediates.noindex/SwiftExplicitPrecompiledModules -clang-scanner-module-cache-path LOCAL_HOME/ace-private/mcx19b-implementation-20260914/pilot-preparation-20260915/settings-observation-fix/build/ModuleCache.noindex -sdk-module-cache-path LOCAL_HOME/ace-private/mcx19b-implementation-20260914/pilot-preparation-20260915/settings-observation-fix/build/ModuleCache.noindex -cache-compile-job -cas-path LOCAL_HOME/ace-private/mcx19b-implementation-20260914/pilot-preparation-20260915/settings-observation-fix/build/CompilationCache.noindex/builtin -serialize-diagnostics -emit-dependencies -emit-module -emit-module-path LOCAL_HOME/ace-private/mcx19b-implementation-20260914/pilot-preparation-20260915/settings-observation-fix/build/Build/Intermediates.noindex/ACEClientApp.build/Debug-iphonesimulator/ACEClientApp.build/Objects-normal/x86_64/ACEClientApp.swiftmodule -validate-clang-modules-once -clang-build-session-file LOCAL_HOME/ace-private/mcx19b-implementation-20260914/pilot-preparation-20260915/settings-observation-fix/build/ModuleCache.noindex/Session.modulevalidation -Xcc -ILOCAL_HOME/ace-private/mcx19b-implementation-20260914/pilot-preparation-20260915/settings-observation-fix/build/Build/Intermediates.noindex/ACEClientApp.build/Debug-iphonesimulator/ACEClientApp.build/swift-overrides.hmap -emit-const-values -Xfrontend -const-gather-protocols-file -Xfrontend LOCAL_HOME/ace-private/mcx19b-implementation-20260914/pilot-preparation-20260915/settings-observation-fix/build/Build/Intermediates.noindex/ACEClientApp.build/Debug-iphonesimulator/ACEClientApp.build/Objects-normal/x86_64/ACEClientApp_const_extract_protocols.json -Xcc -iquote -Xcc LOCAL_HOME/ace-private/mcx19b-implementation-20260914/pilot-preparation-20260915/settings-observation-fix/build/Build/Intermediates.noindex/ACEClientApp.build/Debug-iphonesimulator/ACEClientApp.build/ACEClientApp-generated-files.hmap -Xcc -ILOCAL_HOME/ace-private/mcx19b-implementation-20260914/pilot-preparation-20260915/settings-observation-fix/build/Build/Intermediates.noindex/ACEClientApp.build/Debug-iphonesimulator/ACEClientApp.build/ACEClientApp-own-target-headers.hmap -Xcc -ILOCAL_HOME/ace-private/mcx19b-implementation-20260914/pilot-preparation-20260915/settings-observation-fix/build/Build/Intermediates.noindex/ACEClientApp.build/Debug-iphonesimulator/ACEClientApp.build/ACEClientApp-all-target-headers.hmap -Xcc -iquote -Xcc LOCAL_HOME/ace-private/mcx19b-implementation-20260914/pilot-preparation-20260915/settings-observation-fix/build/Build/Intermediates.noindex/ACEClientApp.build/Debug-iphonesimulator/ACEClientApp.build/ACEClientApp-project-headers.hmap -Xcc -ILOCAL_HOME/ace-private/mcx19b-implementation-20260914/pilot-preparation-20260915/settings-observation-fix/build/Build/Products/Debug-iphonesimulator/include -Xcc -ILOCAL_HOME/ace-private/mcx19b-implementation-20260914/pilot-preparation-20260915/settings-observation-fix/build/Build/Intermediates.noindex/ACEClientApp.build/Debug-iphonesimulator/ACEClientApp.build/DerivedSources-normal/x86_64 -Xcc -ILOCAL_HOME/ace-private/mcx19b-implementation-20260914/pilot-preparation-20260915/settings-observation-fix/build/Build/Intermediates.noindex/ACEClientApp.build/Debug-iphonesimulator/ACEClientApp.build/DerivedSources/x86_64 -Xcc -ILOCAL_HOME/ace-private/mcx19b-implementation-20260914/pilot-preparation-20260915/settings-observation-fix/build/Build/Intermediates.noindex/ACEClientApp.build/Debug-iphonesimulator/ACEClientApp.build/DerivedSources -emit-objc-header -emit-objc-header-path LOCAL_HOME/ace-private/mcx19b-implementation-20260914/pilot-preparation-20260915/settings-observation-fix/build/Build/Intermediates.noindex/ACEClientApp.build/Debug-iphonesimulator/ACEClientApp.build/Objects-normal/x86_64/ACEClientApp-Swift.h -working-directory LOCAL_HOME/Developer/sqe-platform-release-layout/ios/ACEClientApp -experimental-emit-module-separately -disable-cmo

Ld LOCAL_HOME/ace-private/mcx19b-implementation-20260914/pilot-preparation-20260915/settings-observation-fix/build/Build/Products/Debug-iphonesimulator/ACEClientApp.app/ACEClientApp normal (in target 'ACEClientApp' from project 'ACEClientApp')
    cd LOCAL_HOME/Developer/sqe-platform-release-layout/ios/ACEClientApp
    /Applications/Xcode.app/Contents/Developer/Toolchains/XcodeDefault.xctoolchain/usr/bin/clang -Xlinker -reproducible -target x86_64-apple-ios26.0-simulator -isysroot /Applications/Xcode.app/Contents/Developer/Platforms/iPhoneSimulator.platform/Developer/SDKs/iPhoneSimulator26.4.sdk -Os -LLOCAL_HOME/ace-private/mcx19b-implementation-20260914/pilot-preparation-20260915/settings-observation-fix/build/Build/Intermediates.noindex/EagerLinkingTBDs/Debug-iphonesimulator -LLOCAL_HOME/ace-private/mcx19b-implementation-20260914/pilot-preparation-20260915/settings-observation-fix/build/Build/Products/Debug-iphonesimulator -FLOCAL_HOME/ace-private/mcx19b-implementation-20260914/pilot-preparation-20260915/settings-observation-fix/build/Build/Intermediates.noindex/EagerLinkingTBDs/Debug-iphonesimulator -FLOCAL_HOME/ace-private/mcx19b-implementation-20260914/pilot-preparation-20260915/settings-observation-fix/build/Build/Products/Debug-iphonesimulator -filelist LOCAL_HOME/ace-private/mcx19b-implementation-20260914/pilot-preparation-20260915/settings-observation-fix/build/Build/Intermediates.noindex/ACEClientApp.build/Debug-iphonesimulator/ACEClientApp.build/Objects-normal/x86_64/ACEClientApp.LinkFileList -Xlinker -dead_strip -Xlinker -object_path_lto -Xlinker LOCAL_HOME/ace-private/mcx19b-implementation-20260914/pilot-preparation-20260915/settings-observation-fix/build/Build/Intermediates.noindex/ACEClientApp.build/Debug-iphonesimulator/ACEClientApp.build/Objects-normal/x86_64/ACEClientApp_lto.o -Xlinker -objc_abi_version -Xlinker 2 -Xlinker -dependency_info -Xlinker LOCAL_HOME/ace-private/mcx19b-implementation-20260914/pilot-preparation-20260915/settings-observation-fix/build/Build/Intermediates.noindex/ACEClientApp.build/Debug-iphonesimulator/ACEClientApp.build/Objects-normal/x86_64/ACEClientApp_dependency_info.dat -fobjc-link-runtime -L/Applications/Xcode.app/Contents/Developer/Toolchains/XcodeDefault.xctoolchain/usr/lib/swift/iphonesimulator -L/usr/lib/swift -Xlinker -add_ast_path -Xlinker LOCAL_HOME/ace-private/mcx19b-implementation-20260914/pilot-preparation-20260915/settings-observation-fix/build/Build/Intermediates.noindex/ACEClientApp.build/Debug-iphonesimulator/ACEClientApp.build/Objects-normal/x86_64/ACEClientApp.swiftmodule @LOCAL_HOME/ace-private/mcx19b-implementation-20260914/pilot-preparation-20260915/settings-observation-fix/build/Build/Intermediates.noindex/ACEClientApp.build/Debug-iphonesimulator/ACEClientApp.build/Objects-normal/x86_64/ACEClientApp-linker-args.resp -o LOCAL_HOME/ace-private/mcx19b-implementation-20260914/pilot-preparation-20260915/settings-observation-fix/build/Build/Products/Debug-iphonesimulator/ACEClientApp.app/ACEClientApp

CopySwiftLibs LOCAL_HOME/ace-private/mcx19b-implementation-20260914/pilot-preparation-20260915/settings-observation-fix/build/Build/Products/Debug-iphonesimulator/ACEClientApp.app (in target 'ACEClientApp' from project 'ACEClientApp')
    cd LOCAL_HOME/Developer/sqe-platform-release-layout/ios/ACEClientApp
    builtin-swiftStdLibTool --copy --verbose --scan-executable LOCAL_HOME/ace-private/mcx19b-implementation-20260914/pilot-preparation-20260915/settings-observation-fix/build/Build/Products/Debug-iphonesimulator/ACEClientApp.app/ACEClientApp --scan-folder LOCAL_HOME/ace-private/mcx19b-implementation-20260914/pilot-preparation-20260915/settings-observation-fix/build/Build/Products/Debug-iphonesimulator/ACEClientApp.app/Frameworks --scan-folder LOCAL_HOME/ace-private/mcx19b-implementation-20260914/pilot-preparation-20260915/settings-observation-fix/build/Build/Products/Debug-iphonesimulator/ACEClientApp.app/PlugIns --scan-folder LOCAL_HOME/ace-private/mcx19b-implementation-20260914/pilot-preparation-20260915/settings-observation-fix/build/Build/Products/Debug-iphonesimulator/ACEClientApp.app/SystemExtensions --scan-folder LOCAL_HOME/ace-private/mcx19b-implementation-20260914/pilot-preparation-20260915/settings-observation-fix/build/Build/Products/Debug-iphonesimulator/ACEClientApp.app/Extensions --platform iphonesimulator --toolchain /Applications/Xcode.app/Contents/Developer/Toolchains/XcodeDefault.xctoolchain --destination LOCAL_HOME/ace-private/mcx19b-implementation-20260914/pilot-preparation-20260915/settings-observation-fix/build/Build/Products/Debug-iphonesimulator/ACEClientApp.app/Frameworks --strip-bitcode --strip-bitcode-tool /Applications/Xcode.app/Contents/Developer/Toolchains/XcodeDefault.xctoolchain/usr/bin/bitcode_strip --emit-dependency-info LOCAL_HOME/ace-private/mcx19b-implementation-20260914/pilot-preparation-20260915/settings-observation-fix/build/Build/Intermediates.noindex/ACEClientApp.build/Debug-iphonesimulator/ACEClientApp.build/SwiftStdLibToolInputDependencies.dep --filter-for-swift-os
Ignoring --strip-bitcode because --sign was not passed

ExtractAppIntentsMetadata (in target 'ACEClientApp' from project 'ACEClientApp')
    cd LOCAL_HOME/Developer/sqe-platform-release-layout/ios/ACEClientApp
    /Applications/Xcode.app/Contents/Developer/Toolchains/XcodeDefault.xctoolchain/usr/bin/appintentsmetadataprocessor --toolchain-dir /Applications/Xcode.app/Contents/Developer/Toolchains/XcodeDefault.xctoolchain --module-name ACEClientApp --sdk-root /Applications/Xcode.app/Contents/Developer/Platforms/iPhoneSimulator.platform/Developer/SDKs/iPhoneSimulator26.4.sdk --xcode-version 17E202 --platform-family iOS --deployment-target 26.0 --bundle-identifier com.example.aceclientapp --output LOCAL_HOME/ace-private/mcx19b-implementation-20260914/pilot-preparation-20260915/settings-observation-fix/build/Build/Products/Debug-iphonesimulator/ACEClientApp.app --target-triple x86_64-apple-ios26.0-simulator --binary-file LOCAL_HOME/ace-private/mcx19b-implementation-20260914/pilot-preparation-20260915/settings-observation-fix/build/Build/Products/Debug-iphonesimulator/ACEClientApp.app/ACEClientApp --dependency-file LOCAL_HOME/ace-private/mcx19b-implementation-20260914/pilot-preparation-20260915/settings-observation-fix/build/Build/Intermediates.noindex/ACEClientApp.build/Debug-iphonesimulator/ACEClientApp.build/Objects-normal/x86_64/ACEClientApp_dependency_info.dat --stringsdata-file LOCAL_HOME/ace-private/mcx19b-implementation-20260914/pilot-preparation-20260915/settings-observation-fix/build/Build/Intermediates.noindex/ACEClientApp.build/Debug-iphonesimulator/ACEClientApp.build/Objects-normal/x86_64/ExtractedAppShortcutsMetadata.stringsdata --source-file-list LOCAL_HOME/ace-private/mcx19b-implementation-20260914/pilot-preparation-20260915/settings-observation-fix/build/Build/Intermediates.noindex/ACEClientApp.build/Debug-iphonesimulator/ACEClientApp.build/Objects-normal/x86_64/ACEClientApp.SwiftFileList --metadata-file-list LOCAL_HOME/ace-private/mcx19b-implementation-20260914/pilot-preparation-20260915/settings-observation-fix/build/Build/Intermediates.noindex/ACEClientApp.build/Debug-iphonesimulator/ACEClientApp.build/ACEClientApp.DependencyMetadataFileList --static-metadata-file-list LOCAL_HOME/ace-private/mcx19b-implementation-20260914/pilot-preparation-20260915/settings-observation-fix/build/Build/Intermediates.noindex/ACEClientApp.build/Debug-iphonesimulator/ACEClientApp.build/ACEClientApp.DependencyStaticMetadataFileList --swift-const-vals-list LOCAL_HOME/ace-private/mcx19b-implementation-20260914/pilot-preparation-20260915/settings-observation-fix/build/Build/Intermediates.noindex/ACEClientApp.build/Debug-iphonesimulator/ACEClientApp.build/Objects-normal/x86_64/ACEClientApp.SwiftConstValuesFileList --compile-time-extraction --deployment-aware-processing --validate-assistant-intents --no-app-shortcuts-localization
2026-09-15 12:08:58.899 appintentsmetadataprocessor[96697:3724360] Starting appintentsmetadataprocessor export
2026-09-15 12:08:58.924 appintentsmetadataprocessor[96697:3724360] warning: Metadata extraction skipped. No AppIntents.framework dependency found.

GenerateDSYMFile LOCAL_HOME/ace-private/mcx19b-implementation-20260914/pilot-preparation-20260915/settings-observation-fix/build/Build/Products/Debug-iphonesimulator/ACEClientApp.app.dSYM LOCAL_HOME/ace-private/mcx19b-implementation-20260914/pilot-preparation-20260915/settings-observation-fix/build/Build/Products/Debug-iphonesimulator/ACEClientApp.app/ACEClientApp (in target 'ACEClientApp' from project 'ACEClientApp')
    cd LOCAL_HOME/Developer/sqe-platform-release-layout/ios/ACEClientApp
    /Applications/Xcode.app/Contents/Developer/Toolchains/XcodeDefault.xctoolchain/usr/bin/dsymutil LOCAL_HOME/ace-private/mcx19b-implementation-20260914/pilot-preparation-20260915/settings-observation-fix/build/Build/Products/Debug-iphonesimulator/ACEClientApp.app/ACEClientApp -o LOCAL_HOME/ace-private/mcx19b-implementation-20260914/pilot-preparation-20260915/settings-observation-fix/build/Build/Products/Debug-iphonesimulator/ACEClientApp.app.dSYM

AppIntentsSSUTraining (in target 'ACEClientApp' from project 'ACEClientApp')
    cd LOCAL_HOME/Developer/sqe-platform-release-layout/ios/ACEClientApp
    /Applications/Xcode.app/Contents/Developer/Toolchains/XcodeDefault.xctoolchain/usr/bin/appintentsnltrainingprocessor --infoplist-path LOCAL_HOME/ace-private/mcx19b-implementation-20260914/pilot-preparation-20260915/settings-observation-fix/build/Build/Products/Debug-iphonesimulator/ACEClientApp.app/Info.plist --temp-dir-path LOCAL_HOME/ace-private/mcx19b-implementation-20260914/pilot-preparation-20260915/settings-observation-fix/build/Build/Intermediates.noindex/ACEClientApp.build/Debug-iphonesimulator/ACEClientApp.build/ssu --bundle-id com.example.aceclientapp --product-path LOCAL_HOME/ace-private/mcx19b-implementation-20260914/pilot-preparation-20260915/settings-observation-fix/build/Build/Products/Debug-iphonesimulator/ACEClientApp.app --extracted-metadata-path LOCAL_HOME/ace-private/mcx19b-implementation-20260914/pilot-preparation-20260915/settings-observation-fix/build/Build/Products/Debug-iphonesimulator/ACEClientApp.app/Metadata.appintents --metadata-file-list LOCAL_HOME/ace-private/mcx19b-implementation-20260914/pilot-preparation-20260915/settings-observation-fix/build/Build/Intermediates.noindex/ACEClientApp.build/Debug-iphonesimulator/ACEClientApp.build/ACEClientApp.DependencyMetadataFileList --source-file LOCAL_HOME/ace-private/mcx19b-implementation-20260914/pilot-preparation-20260915/settings-observation-fix/build/Build/Products/Debug-iphonesimulator/ACEClientApp.app/Info.plist --archive-ssu-assets
2026-09-15 12:08:59.021 appintentsnltrainingprocessor[96699:3724371] Parsing options for appintentsnltrainingprocessor
2026-09-15 12:08:59.023 appintentsnltrainingprocessor[96699:3724371] Starting AppIntents SSU YAML Generation
2026-09-15 12:08:59.031 appintentsnltrainingprocessor[96699:3724371] No AppShortcuts found - Skipping.

RegisterExecutionPolicyException LOCAL_HOME/ace-private/mcx19b-implementation-20260914/pilot-preparation-20260915/settings-observation-fix/build/Build/Products/Debug-iphonesimulator/ACEClientApp.app (in target 'ACEClientApp' from project 'ACEClientApp')
    cd LOCAL_HOME/Developer/sqe-platform-release-layout/ios/ACEClientApp
    builtin-RegisterExecutionPolicyException LOCAL_HOME/ace-private/mcx19b-implementation-20260914/pilot-preparation-20260915/settings-observation-fix/build/Build/Products/Debug-iphonesimulator/ACEClientApp.app

Validate LOCAL_HOME/ace-private/mcx19b-implementation-20260914/pilot-preparation-20260915/settings-observation-fix/build/Build/Products/Debug-iphonesimulator/ACEClientApp.app (in target 'ACEClientApp' from project 'ACEClientApp')
    cd LOCAL_HOME/Developer/sqe-platform-release-layout/ios/ACEClientApp
    builtin-validationUtility LOCAL_HOME/ace-private/mcx19b-implementation-20260914/pilot-preparation-20260915/settings-observation-fix/build/Build/Products/Debug-iphonesimulator/ACEClientApp.app -shallow-bundle -infoplist-subpath Info.plist

Touch LOCAL_HOME/ace-private/mcx19b-implementation-20260914/pilot-preparation-20260915/settings-observation-fix/build/Build/Products/Debug-iphonesimulator/ACEClientApp.app (in target 'ACEClientApp' from project 'ACEClientApp')
    cd LOCAL_HOME/Developer/sqe-platform-release-layout/ios/ACEClientApp
    /usr/bin/touch -c LOCAL_HOME/ace-private/mcx19b-implementation-20260914/pilot-preparation-20260915/settings-observation-fix/build/Build/Products/Debug-iphonesimulator/ACEClientApp.app

ProcessInfoPlistFile LOCAL_HOME/ace-private/mcx19b-implementation-20260914/pilot-preparation-20260915/settings-observation-fix/build/Build/Products/Debug-iphonesimulator/ACEClientAppUITests-Runner.app/PlugIns/ACEClientAppUITests.xctest/Info.plist LOCAL_HOME/ace-private/mcx19b-implementation-20260914/pilot-preparation-20260915/settings-observation-fix/build/Build/Intermediates.noindex/ACEClientApp.build/Debug-iphonesimulator/ACEClientAppUITests.build/empty-ACEClientAppUITests.plist (in target 'ACEClientAppUITests' from project 'ACEClientApp')
    cd LOCAL_HOME/Developer/sqe-platform-release-layout/ios/ACEClientApp
    builtin-infoPlistUtility LOCAL_HOME/ace-private/mcx19b-implementation-20260914/pilot-preparation-20260915/settings-observation-fix/build/Build/Intermediates.noindex/ACEClientApp.build/Debug-iphonesimulator/ACEClientAppUITests.build/empty-ACEClientAppUITests.plist -producttype com.apple.product-type.bundle.ui-testing -expandbuildsettings -format binary -platform iphonesimulator -additionalcontentfile LOCAL_HOME/ace-private/mcx19b-implementation-20260914/pilot-preparation-20260915/settings-observation-fix/build/Build/Intermediates.noindex/ACEClientApp.build/Debug-iphonesimulator/ACEClientAppUITests.build/ProductTypeInfoPlistAdditions.plist -o LOCAL_HOME/ace-private/mcx19b-implementation-20260914/pilot-preparation-20260915/settings-observation-fix/build/Build/Products/Debug-iphonesimulator/ACEClientAppUITests-Runner.app/PlugIns/ACEClientAppUITests.xctest/Info.plist

SwiftDriverJobDiscovery normal x86_64 Compiling ACEClientAppUITests.swift (in target 'ACEClientAppUITests' from project 'ACEClientApp')

SwiftDriver\ Compilation ACEClientAppUITests normal x86_64 com.apple.xcode.tools.swift.compiler (in target 'ACEClientAppUITests' from project 'ACEClientApp')
    cd LOCAL_HOME/Developer/sqe-platform-release-layout/ios/ACEClientApp
    builtin-Swift-Compilation -- /Applications/Xcode.app/Contents/Developer/Toolchains/XcodeDefault.xctoolchain/usr/bin/swiftc -module-name ACEClientAppUITests -O @LOCAL_HOME/ace-private/mcx19b-implementation-20260914/pilot-preparation-20260915/settings-observation-fix/build/Build/Intermediates.noindex/ACEClientApp.build/Debug-iphonesimulator/ACEClientAppUITests.build/Objects-normal/x86_64/ACEClientAppUITests.SwiftFileList -module-alias Testing\=_Testing_Unavailable -plugin-path /Applications/Xcode.app/Contents/Developer/Toolchains/XcodeDefault.xctoolchain/usr/lib/swift/host/plugins/testing -enable-experimental-feature DebugDescriptionMacro -sdk /Applications/Xcode.app/Contents/Developer/Platforms/iPhoneSimulator.platform/Developer/SDKs/iPhoneSimulator26.4.sdk -target x86_64-apple-ios26.0-simulator -g -module-cache-path LOCAL_HOME/ace-private/mcx19b-implementation-20260914/pilot-preparation-20260915/settings-observation-fix/build/ModuleCache.noindex -Xfrontend -serialize-debugging-options -swift-version 6 -I LOCAL_HOME/ace-private/mcx19b-implementation-20260914/pilot-preparation-20260915/settings-observation-fix/build/Build/Products/Debug-iphonesimulator -Isystem /Applications/Xcode.app/Contents/Developer/Platforms/iPhoneSimulator.platform/Developer/usr/lib -F LOCAL_HOME/ace-private/mcx19b-implementation-20260914/pilot-preparation-20260915/settings-observation-fix/build/Build/Products/Debug-iphonesimulator -F /Applications/Xcode.app/Contents/Developer/Platforms/iPhoneSimulator.platform/Developer/Library/Frameworks -F /Applications/Xcode.app/Contents/Developer/Platforms/iPhoneSimulator.platform/Developer/SDKs/iPhoneSimulator26.4.sdk/Developer/Library/Frameworks -parse-as-library -c -j16 -enable-batch-mode -incremental -output-file-map LOCAL_HOME/ace-private/mcx19b-implementation-20260914/pilot-preparation-20260915/settings-observation-fix/build/Build/Intermediates.noindex/ACEClientApp.build/Debug-iphonesimulator/ACEClientAppUITests.build/Objects-normal/x86_64/ACEClientAppUITests-OutputFileMap.json -use-frontend-parseable-output -save-temps -no-color-diagnostics -explicit-module-build -module-cache-path LOCAL_HOME/ace-private/mcx19b-implementation-20260914/pilot-preparation-20260915/settings-observation-fix/build/Build/Intermediates.noindex/SwiftExplicitPrecompiledModules -clang-scanner-module-cache-path LOCAL_HOME/ace-private/mcx19b-implementation-20260914/pilot-preparation-20260915/settings-observation-fix/build/ModuleCache.noindex -sdk-module-cache-path LOCAL_HOME/ace-private/mcx19b-implementation-20260914/pilot-preparation-20260915/settings-observation-fix/build/ModuleCache.noindex -cache-compile-job -cas-path LOCAL_HOME/ace-private/mcx19b-implementation-20260914/pilot-preparation-20260915/settings-observation-fix/build/CompilationCache.noindex/builtin -serialize-diagnostics -emit-dependencies -emit-module -emit-module-path LOCAL_HOME/ace-private/mcx19b-implementation-20260914/pilot-preparation-20260915/settings-observation-fix/build/Build/Intermediates.noindex/ACEClientApp.build/Debug-iphonesimulator/ACEClientAppUITests.build/Objects-normal/x86_64/ACEClientAppUITests.swiftmodule -validate-clang-modules-once -clang-build-session-file LOCAL_HOME/ace-private/mcx19b-implementation-20260914/pilot-preparation-20260915/settings-observation-fix/build/ModuleCache.noindex/Session.modulevalidation -Xcc -ILOCAL_HOME/ace-private/mcx19b-implementation-20260914/pilot-preparation-20260915/settings-observation-fix/build/Build/Intermediates.noindex/ACEClientApp.build/Debug-iphonesimulator/ACEClientAppUITests.build/swift-overrides.hmap -emit-const-values -Xfrontend -const-gather-protocols-file -Xfrontend LOCAL_HOME/ace-private/mcx19b-implementation-20260914/pilot-preparation-20260915/settings-observation-fix/build/Build/Intermediates.noindex/ACEClientApp.build/Debug-iphonesimulator/ACEClientAppUITests.build/Objects-normal/x86_64/ACEClientAppUITests_const_extract_protocols.json -Xcc -iquote -Xcc LOCAL_HOME/ace-private/mcx19b-implementation-20260914/pilot-preparation-20260915/settings-observation-fix/build/Build/Intermediates.noindex/ACEClientApp.build/Debug-iphonesimulator/ACEClientAppUITests.build/ACEClientAppUITests-generated-files.hmap -Xcc -ILOCAL_HOME/ace-private/mcx19b-implementation-20260914/pilot-preparation-20260915/settings-observation-fix/build/Build/Intermediates.noindex/ACEClientApp.build/Debug-iphonesimulator/ACEClientAppUITests.build/ACEClientAppUITests-own-target-headers.hmap -Xcc -ILOCAL_HOME/ace-private/mcx19b-implementation-20260914/pilot-preparation-20260915/settings-observation-fix/build/Build/Intermediates.noindex/ACEClientApp.build/Debug-iphonesimulator/ACEClientAppUITests.build/ACEClientAppUITests-all-target-headers.hmap -Xcc -iquote -Xcc LOCAL_HOME/ace-private/mcx19b-implementation-20260914/pilot-preparation-20260915/settings-observation-fix/build/Build/Intermediates.noindex/ACEClientApp.build/Debug-iphonesimulator/ACEClientAppUITests.build/ACEClientAppUITests-project-headers.hmap -Xcc -ILOCAL_HOME/ace-private/mcx19b-implementation-20260914/pilot-preparation-20260915/settings-observation-fix/build/Build/Products/Debug-iphonesimulator/include -Xcc -ILOCAL_HOME/ace-private/mcx19b-implementation-20260914/pilot-preparation-20260915/settings-observation-fix/build/Build/Intermediates.noindex/ACEClientApp.build/Debug-iphonesimulator/ACEClientAppUITests.build/DerivedSources-normal/x86_64 -Xcc -ILOCAL_HOME/ace-private/mcx19b-implementation-20260914/pilot-preparation-20260915/settings-observation-fix/build/Build/Intermediates.noindex/ACEClientApp.build/Debug-iphonesimulator/ACEClientAppUITests.build/DerivedSources/x86_64 -Xcc -ILOCAL_HOME/ace-private/mcx19b-implementation-20260914/pilot-preparation-20260915/settings-observation-fix/build/Build/Intermediates.noindex/ACEClientApp.build/Debug-iphonesimulator/ACEClientAppUITests.build/DerivedSources -emit-objc-header -emit-objc-header-path LOCAL_HOME/ace-private/mcx19b-implementation-20260914/pilot-preparation-20260915/settings-observation-fix/build/Build/Intermediates.noindex/ACEClientApp.build/Debug-iphonesimulator/ACEClientAppUITests.build/Objects-normal/x86_64/ACEClientAppUITests-Swift.h -working-directory LOCAL_HOME/Developer/sqe-platform-release-layout/ios/ACEClientApp -experimental-emit-module-separately -disable-cmo

Ld LOCAL_HOME/ace-private/mcx19b-implementation-20260914/pilot-preparation-20260915/settings-observation-fix/build/Build/Products/Debug-iphonesimulator/ACEClientAppUITests-Runner.app/PlugIns/ACEClientAppUITests.xctest/ACEClientAppUITests normal (in target 'ACEClientAppUITests' from project 'ACEClientApp')
    cd LOCAL_HOME/Developer/sqe-platform-release-layout/ios/ACEClientApp
    /Applications/Xcode.app/Contents/Developer/Toolchains/XcodeDefault.xctoolchain/usr/bin/clang -Xlinker -reproducible -target x86_64-apple-ios26.0-simulator -bundle -isysroot /Applications/Xcode.app/Contents/Developer/Platforms/iPhoneSimulator.platform/Developer/SDKs/iPhoneSimulator26.4.sdk -Os -LLOCAL_HOME/ace-private/mcx19b-implementation-20260914/pilot-preparation-20260915/settings-observation-fix/build/Build/Intermediates.noindex/EagerLinkingTBDs/Debug-iphonesimulator -LLOCAL_HOME/ace-private/mcx19b-implementation-20260914/pilot-preparation-20260915/settings-observation-fix/build/Build/Products/Debug-iphonesimulator -L/Applications/Xcode.app/Contents/Developer/Platforms/iPhoneSimulator.platform/Developer/usr/lib -FLOCAL_HOME/ace-private/mcx19b-implementation-20260914/pilot-preparation-20260915/settings-observation-fix/build/Build/Intermediates.noindex/EagerLinkingTBDs/Debug-iphonesimulator -FLOCAL_HOME/ace-private/mcx19b-implementation-20260914/pilot-preparation-20260915/settings-observation-fix/build/Build/Products/Debug-iphonesimulator -iframework /Applications/Xcode.app/Contents/Developer/Platforms/iPhoneSimulator.platform/Developer/Library/Frameworks -iframework /Applications/Xcode.app/Contents/Developer/Platforms/iPhoneSimulator.platform/Developer/SDKs/iPhoneSimulator26.4.sdk/Developer/Library/Frameworks -filelist LOCAL_HOME/ace-private/mcx19b-implementation-20260914/pilot-preparation-20260915/settings-observation-fix/build/Build/Intermediates.noindex/ACEClientApp.build/Debug-iphonesimulator/ACEClientAppUITests.build/Objects-normal/x86_64/ACEClientAppUITests.LinkFileList -Xlinker -rpath -Xlinker @loader_path/Frameworks -Xlinker -dead_strip -Xlinker -object_path_lto -Xlinker LOCAL_HOME/ace-private/mcx19b-implementation-20260914/pilot-preparation-20260915/settings-observation-fix/build/Build/Intermediates.noindex/ACEClientApp.build/Debug-iphonesimulator/ACEClientAppUITests.build/Objects-normal/x86_64/ACEClientAppUITests_lto.o -Xlinker -objc_abi_version -Xlinker 2 -Xlinker -dependency_info -Xlinker LOCAL_HOME/ace-private/mcx19b-implementation-20260914/pilot-preparation-20260915/settings-observation-fix/build/Build/Intermediates.noindex/ACEClientApp.build/Debug-iphonesimulator/ACEClientAppUITests.build/Objects-normal/x86_64/ACEClientAppUITests_dependency_info.dat -fobjc-link-runtime -L/Applications/Xcode.app/Contents/Developer/Toolchains/XcodeDefault.xctoolchain/usr/lib/swift/iphonesimulator -L/usr/lib/swift -Xlinker -add_ast_path -Xlinker LOCAL_HOME/ace-private/mcx19b-implementation-20260914/pilot-preparation-20260915/settings-observation-fix/build/Build/Intermediates.noindex/ACEClientApp.build/Debug-iphonesimulator/ACEClientAppUITests.build/Objects-normal/x86_64/ACEClientAppUITests.swiftmodule @LOCAL_HOME/ace-private/mcx19b-implementation-20260914/pilot-preparation-20260915/settings-observation-fix/build/Build/Intermediates.noindex/ACEClientApp.build/Debug-iphonesimulator/ACEClientAppUITests.build/Objects-normal/x86_64/ACEClientAppUITests-linker-args.resp -Xlinker -needed_framework -Xlinker XCTest -framework XCTest -Xlinker -needed-lXCTestSwiftSupport -lXCTestSwiftSupport -o LOCAL_HOME/ace-private/mcx19b-implementation-20260914/pilot-preparation-20260915/settings-observation-fix/build/Build/Products/Debug-iphonesimulator/ACEClientAppUITests-Runner.app/PlugIns/ACEClientAppUITests.xctest/ACEClientAppUITests

GenerateDSYMFile LOCAL_HOME/ace-private/mcx19b-implementation-20260914/pilot-preparation-20260915/settings-observation-fix/build/Build/Products/Debug-iphonesimulator/ACEClientAppUITests-Runner.app/PlugIns/ACEClientAppUITests.xctest.dSYM LOCAL_HOME/ace-private/mcx19b-implementation-20260914/pilot-preparation-20260915/settings-observation-fix/build/Build/Products/Debug-iphonesimulator/ACEClientAppUITests-Runner.app/PlugIns/ACEClientAppUITests.xctest/ACEClientAppUITests (in target 'ACEClientAppUITests' from project 'ACEClientApp')
    cd LOCAL_HOME/Developer/sqe-platform-release-layout/ios/ACEClientApp
    /Applications/Xcode.app/Contents/Developer/Toolchains/XcodeDefault.xctoolchain/usr/bin/dsymutil LOCAL_HOME/ace-private/mcx19b-implementation-20260914/pilot-preparation-20260915/settings-observation-fix/build/Build/Products/Debug-iphonesimulator/ACEClientAppUITests-Runner.app/PlugIns/ACEClientAppUITests.xctest/ACEClientAppUITests -o LOCAL_HOME/ace-private/mcx19b-implementation-20260914/pilot-preparation-20260915/settings-observation-fix/build/Build/Products/Debug-iphonesimulator/ACEClientAppUITests-Runner.app/PlugIns/ACEClientAppUITests.xctest.dSYM

CopySwiftLibs LOCAL_HOME/ace-private/mcx19b-implementation-20260914/pilot-preparation-20260915/settings-observation-fix/build/Build/Products/Debug-iphonesimulator/ACEClientAppUITests-Runner.app/PlugIns/ACEClientAppUITests.xctest (in target 'ACEClientAppUITests' from project 'ACEClientApp')
    cd LOCAL_HOME/Developer/sqe-platform-release-layout/ios/ACEClientApp
    builtin-swiftStdLibTool --copy --verbose --scan-executable LOCAL_HOME/ace-private/mcx19b-implementation-20260914/pilot-preparation-20260915/settings-observation-fix/build/Build/Products/Debug-iphonesimulator/ACEClientAppUITests-Runner.app/PlugIns/ACEClientAppUITests.xctest/ACEClientAppUITests --scan-folder LOCAL_HOME/ace-private/mcx19b-implementation-20260914/pilot-preparation-20260915/settings-observation-fix/build/Build/Products/Debug-iphonesimulator/ACEClientAppUITests-Runner.app/PlugIns/ACEClientAppUITests.xctest/Frameworks --scan-folder LOCAL_HOME/ace-private/mcx19b-implementation-20260914/pilot-preparation-20260915/settings-observation-fix/build/Build/Products/Debug-iphonesimulator/ACEClientAppUITests-Runner.app/PlugIns/ACEClientAppUITests.xctest/PlugIns --scan-folder LOCAL_HOME/ace-private/mcx19b-implementation-20260914/pilot-preparation-20260915/settings-observation-fix/build/Build/Products/Debug-iphonesimulator/ACEClientAppUITests-Runner.app/PlugIns/ACEClientAppUITests.xctest/SystemExtensions --scan-folder LOCAL_HOME/ace-private/mcx19b-implementation-20260914/pilot-preparation-20260915/settings-observation-fix/build/Build/Products/Debug-iphonesimulator/ACEClientAppUITests-Runner.app/PlugIns/ACEClientAppUITests.xctest/Extensions --platform iphonesimulator --toolchain /Applications/Xcode.app/Contents/Developer/Toolchains/XcodeDefault.xctoolchain --destination LOCAL_HOME/ace-private/mcx19b-implementation-20260914/pilot-preparation-20260915/settings-observation-fix/build/Build/Products/Debug-iphonesimulator/ACEClientAppUITests-Runner.app/PlugIns/ACEClientAppUITests.xctest/Frameworks --strip-bitcode --scan-executable /Applications/Xcode.app/Contents/Developer/Platforms/iPhoneSimulator.platform/Developer/usr/lib/libXCTestSwiftSupport.dylib --strip-bitcode-tool /Applications/Xcode.app/Contents/Developer/Toolchains/XcodeDefault.xctoolchain/usr/bin/bitcode_strip --emit-dependency-info LOCAL_HOME/ace-private/mcx19b-implementation-20260914/pilot-preparation-20260915/settings-observation-fix/build/Build/Intermediates.noindex/ACEClientApp.build/Debug-iphonesimulator/ACEClientAppUITests.build/SwiftStdLibToolInputDependencies.dep --filter-for-swift-os
Ignoring --strip-bitcode because --sign was not passed

ExtractAppIntentsMetadata (in target 'ACEClientAppUITests' from project 'ACEClientApp')
    cd LOCAL_HOME/Developer/sqe-platform-release-layout/ios/ACEClientApp
    /Applications/Xcode.app/Contents/Developer/Toolchains/XcodeDefault.xctoolchain/usr/bin/appintentsmetadataprocessor --toolchain-dir /Applications/Xcode.app/Contents/Developer/Toolchains/XcodeDefault.xctoolchain --module-name ACEClientAppUITests --sdk-root /Applications/Xcode.app/Contents/Developer/Platforms/iPhoneSimulator.platform/Developer/SDKs/iPhoneSimulator26.4.sdk --xcode-version 17E202 --platform-family iOS --deployment-target 26.0 --bundle-identifier com.example.aceclientapp.uitests --output LOCAL_HOME/ace-private/mcx19b-implementation-20260914/pilot-preparation-20260915/settings-observation-fix/build/Build/Products/Debug-iphonesimulator/ACEClientAppUITests-Runner.app/PlugIns/ACEClientAppUITests.xctest --target-triple x86_64-apple-ios26.0-simulator --binary-file LOCAL_HOME/ace-private/mcx19b-implementation-20260914/pilot-preparation-20260915/settings-observation-fix/build/Build/Products/Debug-iphonesimulator/ACEClientAppUITests-Runner.app/PlugIns/ACEClientAppUITests.xctest/ACEClientAppUITests --dependency-file LOCAL_HOME/ace-private/mcx19b-implementation-20260914/pilot-preparation-20260915/settings-observation-fix/build/Build/Intermediates.noindex/ACEClientApp.build/Debug-iphonesimulator/ACEClientAppUITests.build/Objects-normal/x86_64/ACEClientAppUITests_dependency_info.dat --stringsdata-file LOCAL_HOME/ace-private/mcx19b-implementation-20260914/pilot-preparation-20260915/settings-observation-fix/build/Build/Intermediates.noindex/ACEClientApp.build/Debug-iphonesimulator/ACEClientAppUITests.build/Objects-normal/x86_64/ExtractedAppShortcutsMetadata.stringsdata --source-file-list LOCAL_HOME/ace-private/mcx19b-implementation-20260914/pilot-preparation-20260915/settings-observation-fix/build/Build/Intermediates.noindex/ACEClientApp.build/Debug-iphonesimulator/ACEClientAppUITests.build/Objects-normal/x86_64/ACEClientAppUITests.SwiftFileList --metadata-file-list LOCAL_HOME/ace-private/mcx19b-implementation-20260914/pilot-preparation-20260915/settings-observation-fix/build/Build/Intermediates.noindex/ACEClientApp.build/Debug-iphonesimulator/ACEClientAppUITests.build/ACEClientAppUITests.DependencyMetadataFileList --static-metadata-file-list LOCAL_HOME/ace-private/mcx19b-implementation-20260914/pilot-preparation-20260915/settings-observation-fix/build/Build/Intermediates.noindex/ACEClientApp.build/Debug-iphonesimulator/ACEClientAppUITests.build/ACEClientAppUITests.DependencyStaticMetadataFileList --swift-const-vals-list LOCAL_HOME/ace-private/mcx19b-implementation-20260914/pilot-preparation-20260915/settings-observation-fix/build/Build/Intermediates.noindex/ACEClientApp.build/Debug-iphonesimulator/ACEClientAppUITests.build/Objects-normal/x86_64/ACEClientAppUITests.SwiftConstValuesFileList --compile-time-extraction --deployment-aware-processing --validate-assistant-intents --no-app-shortcuts-localization
2026-09-15 12:09:28.256 appintentsmetadataprocessor[96757:3725594] Starting appintentsmetadataprocessor export
2026-09-15 12:09:28.266 appintentsmetadataprocessor[96757:3725594] warning: Metadata extraction skipped. No AppIntents.framework dependency found.

AppIntentsSSUTraining (in target 'ACEClientAppUITests' from project 'ACEClientApp')
    cd LOCAL_HOME/Developer/sqe-platform-release-layout/ios/ACEClientApp
    /Applications/Xcode.app/Contents/Developer/Toolchains/XcodeDefault.xctoolchain/usr/bin/appintentsnltrainingprocessor --infoplist-path LOCAL_HOME/ace-private/mcx19b-implementation-20260914/pilot-preparation-20260915/settings-observation-fix/build/Build/Products/Debug-iphonesimulator/ACEClientAppUITests-Runner.app/PlugIns/ACEClientAppUITests.xctest/Info.plist --temp-dir-path LOCAL_HOME/ace-private/mcx19b-implementation-20260914/pilot-preparation-20260915/settings-observation-fix/build/Build/Intermediates.noindex/ACEClientApp.build/Debug-iphonesimulator/ACEClientAppUITests.build/ssu --bundle-id com.example.aceclientapp.uitests --product-path LOCAL_HOME/ace-private/mcx19b-implementation-20260914/pilot-preparation-20260915/settings-observation-fix/build/Build/Products/Debug-iphonesimulator/ACEClientAppUITests-Runner.app/PlugIns/ACEClientAppUITests.xctest --extracted-metadata-path LOCAL_HOME/ace-private/mcx19b-implementation-20260914/pilot-preparation-20260915/settings-observation-fix/build/Build/Products/Debug-iphonesimulator/ACEClientAppUITests-Runner.app/PlugIns/ACEClientAppUITests.xctest/Metadata.appintents --metadata-file-list LOCAL_HOME/ace-private/mcx19b-implementation-20260914/pilot-preparation-20260915/settings-observation-fix/build/Build/Intermediates.noindex/ACEClientApp.build/Debug-iphonesimulator/ACEClientAppUITests.build/ACEClientAppUITests.DependencyMetadataFileList --source-file LOCAL_HOME/ace-private/mcx19b-implementation-20260914/pilot-preparation-20260915/settings-observation-fix/build/Build/Products/Debug-iphonesimulator/ACEClientAppUITests-Runner.app/PlugIns/ACEClientAppUITests.xctest/Info.plist --archive-ssu-assets
2026-09-15 12:09:28.361 appintentsnltrainingprocessor[96758:3725599] Parsing options for appintentsnltrainingprocessor
2026-09-15 12:09:28.366 appintentsnltrainingprocessor[96758:3725599] Starting AppIntents SSU YAML Generation
2026-09-15 12:09:28.367 appintentsnltrainingprocessor[96758:3725599] No AppShortcuts found - Skipping.

Copy LOCAL_HOME/ace-private/mcx19b-implementation-20260914/pilot-preparation-20260915/settings-observation-fix/build/Build/Products/Debug-iphonesimulator/ACEClientAppUITests-Runner.app/PkgInfo /Applications/Xcode.app/Contents/Developer/Platforms/iPhoneSimulator.platform/Developer/Library/Xcode/Agents/XCTRunner.app/PkgInfo (in target 'ACEClientAppUITests' from project 'ACEClientApp')
    cd LOCAL_HOME/Developer/sqe-platform-release-layout/ios/ACEClientApp
    builtin-copy -exclude .DS_Store -exclude CVS -exclude .svn -exclude .git -exclude .hg -strip-unsigned-binaries -strip-deterministic -strip-tool /Applications/Xcode.app/Contents/Developer/Toolchains/XcodeDefault.xctoolchain/usr/bin/strip -resolve-src-symlinks /Applications/Xcode.app/Contents/Developer/Platforms/iPhoneSimulator.platform/Developer/Library/Xcode/Agents/XCTRunner.app/PkgInfo LOCAL_HOME/ace-private/mcx19b-implementation-20260914/pilot-preparation-20260915/settings-observation-fix/build/Build/Products/Debug-iphonesimulator/ACEClientAppUITests-Runner.app

CopyPlistFile LOCAL_HOME/ace-private/mcx19b-implementation-20260914/pilot-preparation-20260915/settings-observation-fix/build/Build/Products/Debug-iphonesimulator/ACEClientAppUITests-Runner.app/Info.plist /Applications/Xcode.app/Contents/Developer/Platforms/iPhoneSimulator.platform/Developer/Library/Xcode/Agents/XCTRunner.app/Info.plist (in target 'ACEClientAppUITests' from project 'ACEClientApp')
    cd LOCAL_HOME/Developer/sqe-platform-release-layout/ios/ACEClientApp
    builtin-copyPlist --validate --convert xml1 --macro-expansion WRAPPEDPRODUCTNAME ACEClientAppUITests-Runner --macro-expansion WRAPPEDPRODUCTBUNDLEIDENTIFIER com.example.aceclientapp.uitests.xctrunner --macro-expansion TESTPRODUCTNAME ACEClientAppUITests --macro-expansion TESTPRODUCTBUNDLEIDENTIFIER com.example.aceclientapp.uitests --copy-value UIDeviceFamily LOCAL_HOME/ace-private/mcx19b-implementation-20260914/pilot-preparation-20260915/settings-observation-fix/build/Build/Products/Debug-iphonesimulator/ACEClientAppUITests-Runner.app/PlugIns/ACEClientAppUITests.xctest/Info.plist --outdir LOCAL_HOME/ace-private/mcx19b-implementation-20260914/pilot-preparation-20260915/settings-observation-fix/build/Build/Products/Debug-iphonesimulator/ACEClientAppUITests-Runner.app -- /Applications/Xcode.app/Contents/Developer/Platforms/iPhoneSimulator.platform/Developer/Library/Xcode/Agents/XCTRunner.app/Info.plist

MkDir LOCAL_HOME/ace-private/mcx19b-implementation-20260914/pilot-preparation-20260915/settings-observation-fix/build/Build/Products/Debug-iphonesimulator/ACEClientAppUITests-Runner.app (in target 'ACEClientAppUITests' from project 'ACEClientApp')
    cd LOCAL_HOME/Developer/sqe-platform-release-layout/ios/ACEClientApp
    /bin/mkdir -p LOCAL_HOME/ace-private/mcx19b-implementation-20260914/pilot-preparation-20260915/settings-observation-fix/build/Build/Products/Debug-iphonesimulator/ACEClientAppUITests-Runner.app

CopyAndPreserveArchs LOCAL_HOME/ace-private/mcx19b-implementation-20260914/pilot-preparation-20260915/settings-observation-fix/build/Build/Products/Debug-iphonesimulator/ACEClientAppUITests-Runner.app/ACEClientAppUITests-Runner (in target 'ACEClientAppUITests' from project 'ACEClientApp')
    cd LOCAL_HOME/Developer/sqe-platform-release-layout/ios/ACEClientApp
    /Applications/Xcode.app/Contents/Developer/Toolchains/XcodeDefault.xctoolchain/usr/bin/lipo /Applications/Xcode.app/Contents/Developer/Platforms/iPhoneSimulator.platform/Developer/Library/Xcode/Agents/XCTRunner.app/XCTRunner -output LOCAL_HOME/ace-private/mcx19b-implementation-20260914/pilot-preparation-20260915/settings-observation-fix/build/Build/Products/Debug-iphonesimulator/ACEClientAppUITests-Runner.app/ACEClientAppUITests-Runner -extract x86_64

Copy LOCAL_HOME/ace-private/mcx19b-implementation-20260914/pilot-preparation-20260915/settings-observation-fix/build/Build/Products/Debug-iphonesimulator/ACEClientAppUITests-Runner.app/Frameworks/XCUnit.framework /Applications/Xcode.app/Contents/Developer/Platforms/iPhoneSimulator.platform/Developer/Library/PrivateFrameworks/XCUnit.framework (in target 'ACEClientAppUITests' from project 'ACEClientApp')
    cd LOCAL_HOME/Developer/sqe-platform-release-layout/ios/ACEClientApp
    builtin-copy -exclude .DS_Store -exclude CVS -exclude .svn -exclude .git -exclude .hg -exclude Headers -exclude PrivateHeaders -exclude Modules -exclude \*.tbd -strip-unsigned-binaries -strip-deterministic -strip-tool /Applications/Xcode.app/Contents/Developer/Toolchains/XcodeDefault.xctoolchain/usr/bin/strip -resolve-src-symlinks /Applications/Xcode.app/Contents/Developer/Platforms/iPhoneSimulator.platform/Developer/Library/PrivateFrameworks/XCUnit.framework LOCAL_HOME/ace-private/mcx19b-implementation-20260914/pilot-preparation-20260915/settings-observation-fix/build/Build/Products/Debug-iphonesimulator/ACEClientAppUITests-Runner.app/Frameworks
warning: not stripping binary because it is signed: /Applications/Xcode.app/Contents/Developer/Platforms/iPhoneSimulator.platform/Developer/Library/PrivateFrameworks/XCUnit.framework/XCUnit (in target 'ACEClientAppUITests' from project 'ACEClientApp')

Copy LOCAL_HOME/ace-private/mcx19b-implementation-20260914/pilot-preparation-20260915/settings-observation-fix/build/Build/Products/Debug-iphonesimulator/ACEClientAppUITests-Runner.app/Frameworks/libXCTestSwiftSupport.dylib /Applications/Xcode.app/Contents/Developer/Platforms/iPhoneSimulator.platform/Developer/usr/lib/libXCTestSwiftSupport.dylib (in target 'ACEClientAppUITests' from project 'ACEClientApp')
    cd LOCAL_HOME/Developer/sqe-platform-release-layout/ios/ACEClientApp
    builtin-copy -exclude .DS_Store -exclude CVS -exclude .svn -exclude .git -exclude .hg -exclude Headers -exclude PrivateHeaders -exclude Modules -exclude \*.tbd -strip-unsigned-binaries -strip-deterministic -strip-tool /Applications/Xcode.app/Contents/Developer/Toolchains/XcodeDefault.xctoolchain/usr/bin/strip -resolve-src-symlinks /Applications/Xcode.app/Contents/Developer/Platforms/iPhoneSimulator.platform/Developer/usr/lib/libXCTestSwiftSupport.dylib LOCAL_HOME/ace-private/mcx19b-implementation-20260914/pilot-preparation-20260915/settings-observation-fix/build/Build/Products/Debug-iphonesimulator/ACEClientAppUITests-Runner.app/Frameworks
warning: not stripping binary because it is signed: /Applications/Xcode.app/Contents/Developer/Platforms/iPhoneSimulator.platform/Developer/usr/lib/libXCTestSwiftSupport.dylib (in target 'ACEClientAppUITests' from project 'ACEClientApp')

Copy LOCAL_HOME/ace-private/mcx19b-implementation-20260914/pilot-preparation-20260915/settings-observation-fix/build/Build/Products/Debug-iphonesimulator/ACEClientAppUITests-Runner.app/Frameworks/XCUIAutomation.framework /Applications/Xcode.app/Contents/Developer/Platforms/iPhoneSimulator.platform/Developer/Library/Frameworks/XCUIAutomation.framework (in target 'ACEClientAppUITests' from project 'ACEClientApp')
    cd LOCAL_HOME/Developer/sqe-platform-release-layout/ios/ACEClientApp
    builtin-copy -exclude .DS_Store -exclude CVS -exclude .svn -exclude .git -exclude .hg -exclude Headers -exclude PrivateHeaders -exclude Modules -exclude \*.tbd -strip-unsigned-binaries -strip-deterministic -strip-tool /Applications/Xcode.app/Contents/Developer/Toolchains/XcodeDefault.xctoolchain/usr/bin/strip -resolve-src-symlinks /Applications/Xcode.app/Contents/Developer/Platforms/iPhoneSimulator.platform/Developer/Library/Frameworks/XCUIAutomation.framework LOCAL_HOME/ace-private/mcx19b-implementation-20260914/pilot-preparation-20260915/settings-observation-fix/build/Build/Products/Debug-iphonesimulator/ACEClientAppUITests-Runner.app/Frameworks
warning: not stripping binary because it is signed: /Applications/Xcode.app/Contents/Developer/Platforms/iPhoneSimulator.platform/Developer/Library/Frameworks/XCUIAutomation.framework/XCUIAutomation (in target 'ACEClientAppUITests' from project 'ACEClientApp')

Copy LOCAL_HOME/ace-private/mcx19b-implementation-20260914/pilot-preparation-20260915/settings-observation-fix/build/Build/Products/Debug-iphonesimulator/ACEClientAppUITests-Runner.app/Frameworks/XCTAutomationSupport.framework /Applications/Xcode.app/Contents/Developer/Platforms/iPhoneSimulator.platform/Developer/Library/PrivateFrameworks/XCTAutomationSupport.framework (in target 'ACEClientAppUITests' from project 'ACEClientApp')
    cd LOCAL_HOME/Developer/sqe-platform-release-layout/ios/ACEClientApp
    builtin-copy -exclude .DS_Store -exclude CVS -exclude .svn -exclude .git -exclude .hg -exclude Headers -exclude PrivateHeaders -exclude Modules -exclude \*.tbd -strip-unsigned-binaries -strip-deterministic -strip-tool /Applications/Xcode.app/Contents/Developer/Toolchains/XcodeDefault.xctoolchain/usr/bin/strip -resolve-src-symlinks /Applications/Xcode.app/Contents/Developer/Platforms/iPhoneSimulator.platform/Developer/Library/PrivateFrameworks/XCTAutomationSupport.framework LOCAL_HOME/ace-private/mcx19b-implementation-20260914/pilot-preparation-20260915/settings-observation-fix/build/Build/Products/Debug-iphonesimulator/ACEClientAppUITests-Runner.app/Frameworks
warning: not stripping binary because it is signed: /Applications/Xcode.app/Contents/Developer/Platforms/iPhoneSimulator.platform/Developer/Library/PrivateFrameworks/XCTAutomationSupport.framework/XCTAutomationSupport (in target 'ACEClientAppUITests' from project 'ACEClientApp')

Copy LOCAL_HOME/ace-private/mcx19b-implementation-20260914/pilot-preparation-20260915/settings-observation-fix/build/Build/Products/Debug-iphonesimulator/ACEClientAppUITests-Runner.app/Frameworks/Testing.framework /Applications/Xcode.app/Contents/Developer/Platforms/iPhoneSimulator.platform/Developer/Library/Frameworks/Testing.framework (in target 'ACEClientAppUITests' from project 'ACEClientApp')
    cd LOCAL_HOME/Developer/sqe-platform-release-layout/ios/ACEClientApp
    builtin-copy -exclude .DS_Store -exclude CVS -exclude .svn -exclude .git -exclude .hg -exclude Headers -exclude PrivateHeaders -exclude Modules -exclude \*.tbd -strip-unsigned-binaries -strip-deterministic -strip-tool /Applications/Xcode.app/Contents/Developer/Toolchains/XcodeDefault.xctoolchain/usr/bin/strip -resolve-src-symlinks /Applications/Xcode.app/Contents/Developer/Platforms/iPhoneSimulator.platform/Developer/Library/Frameworks/Testing.framework LOCAL_HOME/ace-private/mcx19b-implementation-20260914/pilot-preparation-20260915/settings-observation-fix/build/Build/Products/Debug-iphonesimulator/ACEClientAppUITests-Runner.app/Frameworks
warning: not stripping binary because it is signed: /Applications/Xcode.app/Contents/Developer/Platforms/iPhoneSimulator.platform/Developer/Library/Frameworks/Testing.framework/Testing (in target 'ACEClientAppUITests' from project 'ACEClientApp')

Copy LOCAL_HOME/ace-private/mcx19b-implementation-20260914/pilot-preparation-20260915/settings-observation-fix/build/Build/Products/Debug-iphonesimulator/ACEClientAppUITests-Runner.app/Frameworks/XCTestCore.framework /Applications/Xcode.app/Contents/Developer/Platforms/iPhoneSimulator.platform/Developer/Library/PrivateFrameworks/XCTestCore.framework (in target 'ACEClientAppUITests' from project 'ACEClientApp')
    cd LOCAL_HOME/Developer/sqe-platform-release-layout/ios/ACEClientApp
    builtin-copy -exclude .DS_Store -exclude CVS -exclude .svn -exclude .git -exclude .hg -exclude Headers -exclude PrivateHeaders -exclude Modules -exclude \*.tbd -strip-unsigned-binaries -strip-deterministic -strip-tool /Applications/Xcode.app/Contents/Developer/Toolchains/XcodeDefault.xctoolchain/usr/bin/strip -resolve-src-symlinks /Applications/Xcode.app/Contents/Developer/Platforms/iPhoneSimulator.platform/Developer/Library/PrivateFrameworks/XCTestCore.framework LOCAL_HOME/ace-private/mcx19b-implementation-20260914/pilot-preparation-20260915/settings-observation-fix/build/Build/Products/Debug-iphonesimulator/ACEClientAppUITests-Runner.app/Frameworks
warning: not stripping binary because it is signed: /Applications/Xcode.app/Contents/Developer/Platforms/iPhoneSimulator.platform/Developer/Library/PrivateFrameworks/XCTestCore.framework/XCTestCore (in target 'ACEClientAppUITests' from project 'ACEClientApp')

Copy LOCAL_HOME/ace-private/mcx19b-implementation-20260914/pilot-preparation-20260915/settings-observation-fix/build/Build/Products/Debug-iphonesimulator/ACEClientAppUITests-Runner.app/Frameworks/XCTestSupport.framework /Applications/Xcode.app/Contents/Developer/Platforms/iPhoneSimulator.platform/Developer/Library/PrivateFrameworks/XCTestSupport.framework (in target 'ACEClientAppUITests' from project 'ACEClientApp')
    cd LOCAL_HOME/Developer/sqe-platform-release-layout/ios/ACEClientApp
    builtin-copy -exclude .DS_Store -exclude CVS -exclude .svn -exclude .git -exclude .hg -exclude Headers -exclude PrivateHeaders -exclude Modules -exclude \*.tbd -strip-unsigned-binaries -strip-deterministic -strip-tool /Applications/Xcode.app/Contents/Developer/Toolchains/XcodeDefault.xctoolchain/usr/bin/strip -resolve-src-symlinks /Applications/Xcode.app/Contents/Developer/Platforms/iPhoneSimulator.platform/Developer/Library/PrivateFrameworks/XCTestSupport.framework LOCAL_HOME/ace-private/mcx19b-implementation-20260914/pilot-preparation-20260915/settings-observation-fix/build/Build/Products/Debug-iphonesimulator/ACEClientAppUITests-Runner.app/Frameworks
warning: not stripping binary because it is signed: /Applications/Xcode.app/Contents/Developer/Platforms/iPhoneSimulator.platform/Developer/Library/PrivateFrameworks/XCTestSupport.framework/XCTestSupport (in target 'ACEClientAppUITests' from project 'ACEClientApp')

Copy LOCAL_HOME/ace-private/mcx19b-implementation-20260914/pilot-preparation-20260915/settings-observation-fix/build/Build/Products/Debug-iphonesimulator/ACEClientAppUITests-Runner.app/Frameworks/XCTest.framework /Applications/Xcode.app/Contents/Developer/Platforms/iPhoneSimulator.platform/Developer/Library/Frameworks/XCTest.framework (in target 'ACEClientAppUITests' from project 'ACEClientApp')
    cd LOCAL_HOME/Developer/sqe-platform-release-layout/ios/ACEClientApp
    builtin-copy -exclude .DS_Store -exclude CVS -exclude .svn -exclude .git -exclude .hg -exclude Headers -exclude PrivateHeaders -exclude Modules -exclude \*.tbd -strip-unsigned-binaries -strip-deterministic -strip-tool /Applications/Xcode.app/Contents/Developer/Toolchains/XcodeDefault.xctoolchain/usr/bin/strip -resolve-src-symlinks /Applications/Xcode.app/Contents/Developer/Platforms/iPhoneSimulator.platform/Developer/Library/Frameworks/XCTest.framework LOCAL_HOME/ace-private/mcx19b-implementation-20260914/pilot-preparation-20260915/settings-observation-fix/build/Build/Products/Debug-iphonesimulator/ACEClientAppUITests-Runner.app/Frameworks
warning: not stripping binary because it is signed: /Applications/Xcode.app/Contents/Developer/Platforms/iPhoneSimulator.platform/Developer/Library/Frameworks/XCTest.framework/XCTest (in target 'ACEClientAppUITests' from project 'ACEClientApp')

RegisterExecutionPolicyException LOCAL_HOME/ace-private/mcx19b-implementation-20260914/pilot-preparation-20260915/settings-observation-fix/build/Build/Products/Debug-iphonesimulator/ACEClientAppUITests-Runner.app/PlugIns/ACEClientAppUITests.xctest (in target 'ACEClientAppUITests' from project 'ACEClientApp')
    cd LOCAL_HOME/Developer/sqe-platform-release-layout/ios/ACEClientApp
    builtin-RegisterExecutionPolicyException LOCAL_HOME/ace-private/mcx19b-implementation-20260914/pilot-preparation-20260915/settings-observation-fix/build/Build/Products/Debug-iphonesimulator/ACEClientAppUITests-Runner.app/PlugIns/ACEClientAppUITests.xctest

Touch LOCAL_HOME/ace-private/mcx19b-implementation-20260914/pilot-preparation-20260915/settings-observation-fix/build/Build/Products/Debug-iphonesimulator/ACEClientAppUITests-Runner.app/PlugIns/ACEClientAppUITests.xctest (in target 'ACEClientAppUITests' from project 'ACEClientApp')
    cd LOCAL_HOME/Developer/sqe-platform-release-layout/ios/ACEClientApp
    /usr/bin/touch -c LOCAL_HOME/ace-private/mcx19b-implementation-20260914/pilot-preparation-20260915/settings-observation-fix/build/Build/Products/Debug-iphonesimulator/ACEClientAppUITests-Runner.app/PlugIns/ACEClientAppUITests.xctest

CompilationCacheMetrics
note: 0 hits / 71 cacheable tasks (0%)

warning: Traditional headermap style is no longer supported; please migrate to using separate headermaps and set 'ALWAYS_SEARCH_USER_PATHS' to NO. (in target 'ACEClientAppUITests' from project 'ACEClientApp')
warning: Traditional headermap style is no longer supported; please migrate to using separate headermaps and set 'ALWAYS_SEARCH_USER_PATHS' to NO. (in target 'ACEClientApp' from project 'ACEClientApp')
warning: Run script build phase 'Validate Preview Inputs' will be run during every build because it does not specify any outputs. To address this issue, either add output dependencies to the script phase, or configure it to run in every build by unchecking "Based on dependency analysis" in the script phase. (in target 'ACEClientApp' from project 'ACEClientApp')

Result bundle written to path:
	LOCAL_HOME/ace-private/mcx19b-implementation-20260914/pilot-preparation-20260915/settings-observation-fix/build.xcresult

** TEST BUILD SUCCEEDED **

